[2026-08-22 22:54:19] [INFO   ] [controlb:66] [MainThread] - ➡️ [HTTP IN] GET /identity/users/me - IP: 172.17.0.1
[2026-08-22 22:54:19] [INFO   ] [controlb:66] [MainThread] - ➡️ [HTTP IN] GET /crm/leads - IP: 172.17.0.1
[2026-08-22 22:54:19] [INFO   ] [controlb:66] [MainThread] - ➡️ [HTTP IN] GET /crm/stages - IP: 172.17.0.1
[2026-08-22 22:54:19] [INFO   ] [controlb:66] [MainThread] - ➡️ [HTTP IN] GET /crm/opportunities - IP: 172.17.0.1
[2026-08-22 22:54:19] [INFO   ] [controlb:66] [MainThread] - ➡️ [HTTP IN] GET /identity/users/me - IP: 172.17.0.1
[2026-08-22 22:54:19] [INFO   ] [sqlalchemy.engine.Engine:2712] [AnyIO worker thread] - BEGIN (implicit)
[2026-08-22 22:54:19] [INFO   ] [sqlalchemy.engine.Engine:2712] [AnyIO worker thread] - BEGIN (implicit)
[2026-08-22 22:54:19] [INFO   ] [sqlalchemy.engine.Engine:2712] [AnyIO worker thread] - BEGIN (implicit)
[2026-08-22 22:54:19] [INFO   ] [sqlalchemy.engine.Engine:2712] [AnyIO worker thread] - BEGIN (implicit)
[2026-08-22 22:54:19] [INFO   ] [sqlalchemy.engine.Engine:2712] [AnyIO worker thread] - BEGIN (implicit)
[2026-08-22 22:54:19] [INFO   ] [sqlalchemy.engine.Engine:1848] [AnyIO worker thread] - SELECT "user".id, "user".organization_id, "user".role_id, "user".email, "user".full_name, "user".hashed_password, "user".is_active, "user".created_at, "user".updated_at 
FROM "user" 
WHERE "user".id = %(id_1)s::UUID
[2026-08-22 22:54:19] [INFO   ] [sqlalchemy.engine.Engine:1848] [AnyIO worker thread] - SELECT "user".id, "user".organization_id, "user".role_id, "user".email, "user".full_name, "user".hashed_password, "user".is_active, "user".created_at, "user".updated_at 
FROM "user" 
WHERE "user".id = %(id_1)s::UUID
[2026-08-22 22:54:19] [INFO   ] [sqlalchemy.engine.Engine:1848] [AnyIO worker thread] - SELECT "user".id, "user".organization_id, "user".role_id, "user".email, "user".full_name, "user".hashed_password, "user".is_active, "user".created_at, "user".updated_at 
FROM "user" 
WHERE "user".id = %(id_1)s::UUID
[2026-08-22 22:54:19] [INFO   ] [sqlalchemy.engine.Engine:1848] [AnyIO worker thread] - SELECT "user".id, "user".organization_id, "user".role_id, "user".email, "user".full_name, "user".hashed_password, "user".is_active, "user".created_at, "user".updated_at 
FROM "user" 
WHERE "user".id = %(id_1)s::UUID
[2026-08-22 22:54:19] [INFO   ] [sqlalchemy.engine.Engine:1848] [AnyIO worker thread] - SELECT "user".id, "user".organization_id, "user".role_id, "user".email, "user".full_name, "user".hashed_password, "user".is_active, "user".created_at, "user".updated_at 
FROM "user" 
WHERE "user".id = %(id_1)s::UUID
[2026-08-22 22:54:19] [INFO   ] [sqlalchemy.engine.Engine:1848] [AnyIO worker thread] - [cached since 6178s ago] {'id_1': UUID('6afacca9-d53d-4b70-9592-ae6cac6f6c1f')}
[2026-08-22 22:54:19] [INFO   ] [sqlalchemy.engine.Engine:1848] [AnyIO worker thread] - [cached since 6178s ago] {'id_1': UUID('6afacca9-d53d-4b70-9592-ae6cac6f6c1f')}
[2026-08-22 22:54:19] [INFO   ] [sqlalchemy.engine.Engine:1848] [AnyIO worker thread] - [cached since 6178s ago] {'id_1': UUID('6afacca9-d53d-4b70-9592-ae6cac6f6c1f')}
[2026-08-22 22:54:19] [INFO   ] [sqlalchemy.engine.Engine:1848] [AnyIO worker thread] - [cached since 6178s ago] {'id_1': UUID('6afacca9-d53d-4b70-9592-ae6cac6f6c1f')}
[2026-08-22 22:54:19] [INFO   ] [sqlalchemy.engine.Engine:1848] [AnyIO worker thread] - [cached since 6178s ago] {'id_1': UUID('6afacca9-d53d-4b70-9592-ae6cac6f6c1f')}
[2026-08-22 22:54:19] [INFO   ] [sqlalchemy.engine.Engine:1848] [AnyIO worker thread] - SELECT role.id AS role_id, role.organization_id AS role_organization_id, role.name AS role_name, role.description AS role_description, role.is_active AS role_is_active, role.created_at AS role_created_at, role.updated_at AS role_updated_at 
FROM role 
WHERE role.id IN (%(primary_keys_1)s::UUID)
[2026-08-22 22:54:19] [INFO   ] [sqlalchemy.engine.Engine:1848] [AnyIO worker thread] - SELECT role.id AS role_id, role.organization_id AS role_organization_id, role.name AS role_name, role.description AS role_description, role.is_active AS role_is_active, role.created_at AS role_created_at, role.updated_at AS role_updated_at 
FROM role 
WHERE role.id IN (%(primary_keys_1)s::UUID)
[2026-08-22 22:54:19] [INFO   ] [sqlalchemy.engine.Engine:1848] [AnyIO worker thread] - SELECT role.id AS role_id, role.organization_id AS role_organization_id, role.name AS role_name, role.description AS role_description, role.is_active AS role_is_active, role.created_at AS role_created_at, role.updated_at AS role_updated_at 
FROM role 
WHERE role.id IN (%(primary_keys_1)s::UUID)
[2026-08-22 22:54:19] [INFO   ] [sqlalchemy.engine.Engine:1848] [AnyIO worker thread] - SELECT role.id AS role_id, role.organization_id AS role_organization_id, role.name AS role_name, role.description AS role_description, role.is_active AS role_is_active, role.created_at AS role_created_at, role.updated_at AS role_updated_at 
FROM role 
WHERE role.id IN (%(primary_keys_1)s::UUID)
[2026-08-22 22:54:19] [INFO   ] [sqlalchemy.engine.Engine:1848] [AnyIO worker thread] - [cached since 6178s ago] {'primary_keys_1': UUID('383616f5-e92b-4e2f-b4b7-1adb4d60eb5b')}
[2026-08-22 22:54:19] [INFO   ] [sqlalchemy.engine.Engine:1848] [AnyIO worker thread] - SELECT role.id AS role_id, role.organization_id AS role_organization_id, role.name AS role_name, role.description AS role_description, role.is_active AS role_is_active, role.created_at AS role_created_at, role.updated_at AS role_updated_at 
FROM role 
WHERE role.id IN (%(primary_keys_1)s::UUID)
[2026-08-22 22:54:19] [INFO   ] [sqlalchemy.engine.Engine:1848] [AnyIO worker thread] - [cached since 6178s ago] {'primary_keys_1': UUID('383616f5-e92b-4e2f-b4b7-1adb4d60eb5b')}
[2026-08-22 22:54:19] [INFO   ] [sqlalchemy.engine.Engine:1848] [AnyIO worker thread] - [cached since 6178s ago] {'primary_keys_1': UUID('383616f5-e92b-4e2f-b4b7-1adb4d60eb5b')}
[2026-08-22 22:54:19] [INFO   ] [sqlalchemy.engine.Engine:1848] [AnyIO worker thread] - [cached since 6178s ago] {'primary_keys_1': UUID('383616f5-e92b-4e2f-b4b7-1adb4d60eb5b')}
[2026-08-22 22:54:19] [INFO   ] [sqlalchemy.engine.Engine:1848] [AnyIO worker thread] - [cached since 6178s ago] {'primary_keys_1': UUID('383616f5-e92b-4e2f-b4b7-1adb4d60eb5b')}
[2026-08-22 22:54:19] [INFO   ] [sqlalchemy.engine.Engine:1848] [AnyIO worker thread] - SELECT role_1.id AS role_1_id, permission.id AS permission_id, permission.code AS permission_code, permission.name AS permission_name, permission.module AS permission_module, permission.description AS permission_description, permission.is_active AS permission_is_active, permission.created_at AS permission_created_at, permission.updated_at AS permission_updated_at 
FROM role AS role_1 JOIN role_permission AS role_permission_1 ON role_1.id = role_permission_1.role_id JOIN permission ON permission.id = role_permission_1.permission_id 
WHERE role_1.id IN (%(primary_keys_1)s::UUID)
[2026-08-22 22:54:19] [INFO   ] [sqlalchemy.engine.Engine:1848] [AnyIO worker thread] - SELECT role_1.id AS role_1_id, permission.id AS permission_id, permission.code AS permission_code, permission.name AS permission_name, permission.module AS permission_module, permission.description AS permission_description, permission.is_active AS permission_is_active, permission.created_at AS permission_created_at, permission.updated_at AS permission_updated_at 
FROM role AS role_1 JOIN role_permission AS role_permission_1 ON role_1.id = role_permission_1.role_id JOIN permission ON permission.id = role_permission_1.permission_id 
WHERE role_1.id IN (%(primary_keys_1)s::UUID)
[2026-08-22 22:54:19] [INFO   ] [sqlalchemy.engine.Engine:1848] [AnyIO worker thread] - [cached since 6178s ago] {'primary_keys_1': UUID('383616f5-e92b-4e2f-b4b7-1adb4d60eb5b')}
[2026-08-22 22:54:19] [INFO   ] [sqlalchemy.engine.Engine:1848] [AnyIO worker thread] - SELECT role_1.id AS role_1_id, permission.id AS permission_id, permission.code AS permission_code, permission.name AS permission_name, permission.module AS permission_module, permission.description AS permission_description, permission.is_active AS permission_is_active, permission.created_at AS permission_created_at, permission.updated_at AS permission_updated_at 
FROM role AS role_1 JOIN role_permission AS role_permission_1 ON role_1.id = role_permission_1.role_id JOIN permission ON permission.id = role_permission_1.permission_id 
WHERE role_1.id IN (%(primary_keys_1)s::UUID)
[2026-08-22 22:54:19] [INFO   ] [sqlalchemy.engine.Engine:1848] [AnyIO worker thread] - SELECT role_1.id AS role_1_id, permission.id AS permission_id, permission.code AS permission_code, permission.name AS permission_name, permission.module AS permission_module, permission.description AS permission_description, permission.is_active AS permission_is_active, permission.created_at AS permission_created_at, permission.updated_at AS permission_updated_at 
FROM role AS role_1 JOIN role_permission AS role_permission_1 ON role_1.id = role_permission_1.role_id JOIN permission ON permission.id = role_permission_1.permission_id 
WHERE role_1.id IN (%(primary_keys_1)s::UUID)
[2026-08-22 22:54:19] [INFO   ] [sqlalchemy.engine.Engine:1848] [AnyIO worker thread] - SELECT role_1.id AS role_1_id, permission.id AS permission_id, permission.code AS permission_code, permission.name AS permission_name, permission.module AS permission_module, permission.description AS permission_description, permission.is_active AS permission_is_active, permission.created_at AS permission_created_at, permission.updated_at AS permission_updated_at 
FROM role AS role_1 JOIN role_permission AS role_permission_1 ON role_1.id = role_permission_1.role_id JOIN permission ON permission.id = role_permission_1.permission_id 
WHERE role_1.id IN (%(primary_keys_1)s::UUID)
[2026-08-22 22:54:19] [INFO   ] [sqlalchemy.engine.Engine:1848] [AnyIO worker thread] - [cached since 6178s ago] {'primary_keys_1': UUID('383616f5-e92b-4e2f-b4b7-1adb4d60eb5b')}
[2026-08-22 22:54:19] [INFO   ] [sqlalchemy.engine.Engine:1848] [AnyIO worker thread] - [cached since 6178s ago] {'primary_keys_1': UUID('383616f5-e92b-4e2f-b4b7-1adb4d60eb5b')}
[2026-08-22 22:54:19] [INFO   ] [sqlalchemy.engine.Engine:1848] [AnyIO worker thread] - [cached since 6178s ago] {'primary_keys_1': UUID('383616f5-e92b-4e2f-b4b7-1adb4d60eb5b')}
[2026-08-22 22:54:19] [INFO   ] [sqlalchemy.engine.Engine:1848] [AnyIO worker thread] - [cached since 6178s ago] {'primary_keys_1': UUID('383616f5-e92b-4e2f-b4b7-1adb4d60eb5b')}
[2026-08-22 22:54:19] [INFO   ] [sqlalchemy.engine.Engine:1848] [AnyIO worker thread] - SELECT lead.id, lead.organization_id, lead.customer_id, lead.name, lead.company_name, lead.email, lead.phone, lead.source, lead.status, lead.notes, lead.assigned_to_id, lead.created_at, lead.updated_at 
FROM lead 
WHERE lead.organization_id = %(organization_id_1)s::UUID ORDER BY lead.created_at DESC
[2026-08-22 22:54:19] [INFO   ] [sqlalchemy.engine.Engine:1848] [AnyIO worker thread] - [cached since 6176s ago] {'organization_id_1': UUID('2be91233-1ba4-41a4-9580-628fd013747e')}
[2026-08-22 22:54:19] [INFO   ] [sqlalchemy.engine.Engine:1848] [AnyIO worker thread] - SELECT opportunity.id, opportunity.organization_id, opportunity.lead_id, opportunity.customer_id, opportunity.contact_id, opportunity.title, opportunity.customer_name, opportunity.estimated_amount, opportunity.probability_percent, opportunity.expected_closing_date, opportunity.stage, opportunity.loss_reason, opportunity.assigned_to_id, opportunity.created_at, opportunity.updated_at 
FROM opportunity 
WHERE opportunity.organization_id = %(organization_id_1)s::UUID ORDER BY opportunity.created_at DESC
[2026-08-22 22:54:19] [INFO   ] [sqlalchemy.engine.Engine:1848] [AnyIO worker thread] - SELECT crm_stage.id, crm_stage.organization_id, crm_stage.code, crm_stage.name, crm_stage.color, crm_stage."order", crm_stage.is_won, crm_stage.is_lost, crm_stage.is_system, crm_stage.created_at, crm_stage.updated_at 
FROM crm_stage 
WHERE crm_stage.organization_id = %(organization_id_1)s::UUID ORDER BY crm_stage."order" ASC, crm_stage.created_at ASC
[2026-08-22 22:54:19] [INFO   ] [sqlalchemy.engine.Engine:2712] [AnyIO worker thread] - BEGIN (implicit)
[2026-08-22 22:54:19] [INFO   ] [sqlalchemy.engine.Engine:1848] [AnyIO worker thread] - SELECT crm_stage.id, crm_stage.organization_id, crm_stage.code, crm_stage.name, crm_stage.color, crm_stage."order", crm_stage.is_won, crm_stage.is_lost, crm_stage.is_system, crm_stage.created_at, crm_stage.updated_at 
FROM crm_stage 
WHERE crm_stage.organization_id = %(organization_id_1)s::UUID ORDER BY crm_stage."order" ASC, crm_stage.created_at ASC
[2026-08-22 22:54:19] [INFO   ] [sqlalchemy.engine.Engine:1848] [AnyIO worker thread] - SELECT "user".id, "user".organization_id, "user".role_id, "user".email, "user".full_name, "user".hashed_password, "user".is_active, "user".created_at, "user".updated_at 
FROM "user" 
WHERE "user".id = %(id_1)s::UUID
[2026-08-22 22:54:19] [INFO   ] [sqlalchemy.engine.Engine:1848] [AnyIO worker thread] - [cached since 6176s ago] {'organization_id_1': UUID('2be91233-1ba4-41a4-9580-628fd013747e')}
[2026-08-22 22:54:19] [INFO   ] [sqlalchemy.engine.Engine:1848] [AnyIO worker thread] - [cached since 6178s ago] {'id_1': UUID('6afacca9-d53d-4b70-9592-ae6cac6f6c1f')}
[2026-08-22 22:54:19] [INFO   ] [sqlalchemy.engine.Engine:1848] [AnyIO worker thread] - [cached since 6176s ago] {'organization_id_1': UUID('2be91233-1ba4-41a4-9580-628fd013747e')}
[2026-08-22 22:54:19] [INFO   ] [sqlalchemy.engine.Engine:1848] [AnyIO worker thread] - [cached since 6176s ago] {'organization_id_1': UUID('2be91233-1ba4-41a4-9580-628fd013747e')}
[2026-08-22 22:54:19] [INFO   ] [controlb:74] [MainThread] - ⬅️ [HTTP OUT] GET /identity/users/me -> Status 200 (59.11ms)
[2026-08-22 22:54:19] [INFO   ] [uvicorn.access:485] [MainThread] - 172.17.0.1:0 - "GET /identity/users/me HTTP/1.1" 200
[2026-08-22 22:54:19] [INFO   ] [sqlalchemy.engine.Engine:2718] [AnyIO worker thread] - COMMIT
[2026-08-22 22:54:19] [INFO   ] [controlb:74] [MainThread] - ⬅️ [HTTP OUT] GET /crm/leads -> Status 200 (61.18ms)
[2026-08-22 22:54:19] [INFO   ] [uvicorn.access:485] [MainThread] - 172.17.0.1:0 - "GET /crm/leads HTTP/1.1" 200
[2026-08-22 22:54:19] [INFO   ] [controlb:66] [MainThread] - ➡️ [HTTP IN] GET /inventory/products - IP: 172.17.0.1
[2026-08-22 22:54:19] [INFO   ] [sqlalchemy.engine.Engine:1848] [AnyIO worker thread] - SELECT role.id AS role_id, role.organization_id AS role_organization_id, role.name AS role_name, role.description AS role_description, role.is_active AS role_is_active, role.created_at AS role_created_at, role.updated_at AS role_updated_at 
FROM role 
WHERE role.id IN (%(primary_keys_1)s::UUID)
[2026-08-22 22:54:19] [INFO   ] [sqlalchemy.engine.Engine:1848] [AnyIO worker thread] - [cached since 6178s ago] {'primary_keys_1': UUID('383616f5-e92b-4e2f-b4b7-1adb4d60eb5b')}
[2026-08-22 22:54:19] [INFO   ] [sqlalchemy.engine.Engine:2718] [AnyIO worker thread] - COMMIT
[2026-08-22 22:54:19] [INFO   ] [sqlalchemy.engine.Engine:1848] [AnyIO worker thread] - SELECT sales_quote.id AS sales_quote_id, sales_quote.organization_id AS sales_quote_organization_id, sales_quote.customer_id AS sales_quote_customer_id, sales_quote.opportunity_id AS sales_quote_opportunity_id, sales_quote.document_id AS sales_quote_document_id, sales_quote.quote_number AS sales_quote_quote_number, sales_quote.customer_name AS sales_quote_customer_name, sales_quote.customer_document AS sales_quote_customer_document, sales_quote.customer_email AS sales_quote_customer_email, sales_quote.customer_phone AS sales_quote_customer_phone, sales_quote.total_amount AS sales_quote_total_amount, sales_quote.discount_amount AS sales_quote_discount_amount, sales_quote.net_amount AS sales_quote_net_amount, sales_quote.payment_terms AS sales_quote_payment_terms, sales_quote.valid_until AS sales_quote_valid_until, sales_quote.status AS sales_quote_status, sales_quote.notes AS sales_quote_notes, sales_quote.created_by_id AS sales_quote_created_by_id, sales_quote.created_at AS sales_quote_created_at, sales_quote.updated_at AS sales_quote_updated_at 
FROM sales_quote 
WHERE %(param_1)s::UUID = sales_quote.opportunity_id
[2026-08-22 22:54:19] [INFO   ] [controlb:66] [MainThread] - ➡️ [HTTP IN] GET /crm/leads - IP: 172.17.0.1
[2026-08-22 22:54:19] [INFO   ] [sqlalchemy.engine.Engine:1848] [AnyIO worker thread] - SELECT role_1.id AS role_1_id, permission.id AS permission_id, permission.code AS permission_code, permission.name AS permission_name, permission.module AS permission_module, permission.description AS permission_description, permission.is_active AS permission_is_active, permission.created_at AS permission_created_at, permission.updated_at AS permission_updated_at 
FROM role AS role_1 JOIN role_permission AS role_permission_1 ON role_1.id = role_permission_1.role_id JOIN permission ON permission.id = role_permission_1.permission_id 
WHERE role_1.id IN (%(primary_keys_1)s::UUID)
[2026-08-22 22:54:19] [INFO   ] [sqlalchemy.engine.Engine:1848] [AnyIO worker thread] - [cached since 6176s ago] {'param_1': UUID('4b42f709-61fb-423f-8690-844c9ba97d9d')}
[2026-08-22 22:54:19] [INFO   ] [sqlalchemy.engine.Engine:2712] [AnyIO worker thread] - BEGIN (implicit)
[2026-08-22 22:54:19] [INFO   ] [controlb:74] [MainThread] - ⬅️ [HTTP OUT] GET /crm/stages -> Status 200 (68.41ms)
[2026-08-22 22:54:19] [INFO   ] [sqlalchemy.engine.Engine:1848] [AnyIO worker thread] - [cached since 6178s ago] {'primary_keys_1': UUID('383616f5-e92b-4e2f-b4b7-1adb4d60eb5b')}
[2026-08-22 22:54:19] [INFO   ] [sqlalchemy.engine.Engine:1848] [AnyIO worker thread] - SELECT "user".id, "user".organization_id, "user".role_id, "user".email, "user".full_name, "user".hashed_password, "user".is_active, "user".created_at, "user".updated_at 
FROM "user" 
WHERE "user".id = %(id_1)s::UUID
[2026-08-22 22:54:19] [INFO   ] [uvicorn.access:485] [MainThread] - 172.17.0.1:0 - "GET /crm/stages HTTP/1.1" 200
[2026-08-22 22:54:19] [INFO   ] [sqlalchemy.engine.Engine:1848] [AnyIO worker thread] - [cached since 6178s ago] {'id_1': UUID('6afacca9-d53d-4b70-9592-ae6cac6f6c1f')}
[2026-08-22 22:54:19] [INFO   ] [controlb:74] [MainThread] - ⬅️ [HTTP OUT] GET /crm/stages -> Status 200 (76.42ms)
[2026-08-22 22:54:19] [INFO   ] [uvicorn.access:485] [MainThread] - 172.17.0.1:0 - "GET /crm/stages HTTP/1.1" 200
[2026-08-22 22:54:19] [INFO   ] [sqlalchemy.engine.Engine:2718] [AnyIO worker thread] - COMMIT
[2026-08-22 22:54:19] [INFO   ] [sqlalchemy.engine.Engine:2718] [AnyIO worker thread] - COMMIT
[2026-08-22 22:54:19] [INFO   ] [sqlalchemy.engine.Engine:1848] [AnyIO worker thread] - SELECT role.id AS role_id, role.organization_id AS role_organization_id, role.name AS role_name, role.description AS role_description, role.is_active AS role_is_active, role.created_at AS role_created_at, role.updated_at AS role_updated_at 
FROM role 
WHERE role.id IN (%(primary_keys_1)s::UUID)
[2026-08-22 22:54:19] [INFO   ] [sqlalchemy.engine.Engine:2712] [AnyIO worker thread] - BEGIN (implicit)
[2026-08-22 22:54:19] [INFO   ] [sqlalchemy.engine.Engine:1848] [AnyIO worker thread] - [cached since 6178s ago] {'primary_keys_1': UUID('383616f5-e92b-4e2f-b4b7-1adb4d60eb5b')}
[2026-08-22 22:54:19] [INFO   ] [sqlalchemy.engine.Engine:1848] [AnyIO worker thread] - SELECT "user".id, "user".organization_id, "user".role_id, "user".email, "user".full_name, "user".hashed_password, "user".is_active, "user".created_at, "user".updated_at 
FROM "user" 
WHERE "user".id = %(id_1)s::UUID
[2026-08-22 22:54:19] [INFO   ] [sqlalchemy.engine.Engine:1848] [AnyIO worker thread] - [cached since 6178s ago] {'id_1': UUID('6afacca9-d53d-4b70-9592-ae6cac6f6c1f')}
[2026-08-22 22:54:19] [INFO   ] [sqlalchemy.engine.Engine:1848] [AnyIO worker thread] - SELECT role_1.id AS role_1_id, permission.id AS permission_id, permission.code AS permission_code, permission.name AS permission_name, permission.module AS permission_module, permission.description AS permission_description, permission.is_active AS permission_is_active, permission.created_at AS permission_created_at, permission.updated_at AS permission_updated_at 
FROM role AS role_1 JOIN role_permission AS role_permission_1 ON role_1.id = role_permission_1.role_id JOIN permission ON permission.id = role_permission_1.permission_id 
WHERE role_1.id IN (%(primary_keys_1)s::UUID)
[2026-08-22 22:54:19] [INFO   ] [sqlalchemy.engine.Engine:1848] [AnyIO worker thread] - [cached since 6178s ago] {'primary_keys_1': UUID('383616f5-e92b-4e2f-b4b7-1adb4d60eb5b')}
[2026-08-22 22:54:19] [INFO   ] [sqlalchemy.engine.Engine:1848] [AnyIO worker thread] - SELECT sales_quote_item.quote_id AS sales_quote_item_quote_id, sales_quote_item.id AS sales_quote_item_id, sales_quote_item.product_id AS sales_quote_item_product_id, sales_quote_item.quantity AS sales_quote_item_quantity, sales_quote_item.unit_price AS sales_quote_item_unit_price, sales_quote_item.discount_amount AS sales_quote_item_discount_amount, sales_quote_item.total_price AS sales_quote_item_total_price, sales_quote_item.notes AS sales_quote_item_notes 
FROM sales_quote_item 
WHERE sales_quote_item.quote_id IN (%(primary_keys_1)s::UUID)
[2026-08-22 22:54:19] [INFO   ] [controlb:66] [MainThread] - ➡️ [HTTP IN] GET /crm/interactions - IP: 172.17.0.1
[2026-08-22 22:54:19] [INFO   ] [sqlalchemy.engine.Engine:1848] [AnyIO worker thread] - [cached since 5183s ago] {'primary_keys_1': UUID('02f94453-f61f-4483-a25a-2f60e8e530d8')}
[2026-08-22 22:54:19] [INFO   ] [controlb:66] [MainThread] - ➡️ [HTTP IN] GET /crm/opportunities - IP: 172.17.0.1
[2026-08-22 22:54:19] [INFO   ] [sqlalchemy.engine.Engine:1848] [AnyIO worker thread] - SELECT role.id AS role_id, role.organization_id AS role_organization_id, role.name AS role_name, role.description AS role_description, role.is_active AS role_is_active, role.created_at AS role_created_at, role.updated_at AS role_updated_at 
FROM role 
WHERE role.id IN (%(primary_keys_1)s::UUID)
[2026-08-22 22:54:19] [INFO   ] [sqlalchemy.engine.Engine:1848] [AnyIO worker thread] - [cached since 6178s ago] {'primary_keys_1': UUID('383616f5-e92b-4e2f-b4b7-1adb4d60eb5b')}
[2026-08-22 22:54:19] [INFO   ] [sqlalchemy.engine.Engine:1848] [AnyIO worker thread] - SELECT sales_quote.id AS sales_quote_id, sales_quote.organization_id AS sales_quote_organization_id, sales_quote.customer_id AS sales_quote_customer_id, sales_quote.opportunity_id AS sales_quote_opportunity_id, sales_quote.document_id AS sales_quote_document_id, sales_quote.quote_number AS sales_quote_quote_number, sales_quote.customer_name AS sales_quote_customer_name, sales_quote.customer_document AS sales_quote_customer_document, sales_quote.customer_email AS sales_quote_customer_email, sales_quote.customer_phone AS sales_quote_customer_phone, sales_quote.total_amount AS sales_quote_total_amount, sales_quote.discount_amount AS sales_quote_discount_amount, sales_quote.net_amount AS sales_quote_net_amount, sales_quote.payment_terms AS sales_quote_payment_terms, sales_quote.valid_until AS sales_quote_valid_until, sales_quote.status AS sales_quote_status, sales_quote.notes AS sales_quote_notes, sales_quote.created_by_id AS sales_quote_created_by_id, sales_quote.created_at AS sales_quote_created_at, sales_quote.updated_at AS sales_quote_updated_at 
FROM sales_quote 
WHERE %(param_1)s::UUID = sales_quote.opportunity_id
[2026-08-22 22:54:19] [INFO   ] [sqlalchemy.engine.Engine:1848] [AnyIO worker thread] - SELECT product.id, product.organization_id, product.category_id, product.sku, product.name, product.description, product.unit_of_measure, product.reference_price, product.cost_price, product.sale_price, product.external_code, product.brand, product.barcode, product.ncm, product.is_perishable, product.requires_batch, product.shelf_life_days, product.current_stock, product.min_stock, product.max_stock, product.storage_location, product.is_active, product.created_at, product.updated_at 
FROM product 
WHERE product.organization_id = %(organization_id_1)s::UUID ORDER BY product.name ASC
[2026-08-22 22:54:19] [INFO   ] [sqlalchemy.engine.Engine:1848] [AnyIO worker thread] - [cached since 6178s ago] {'organization_id_1': UUID('2be91233-1ba4-41a4-9580-628fd013747e')}
[2026-08-22 22:54:19] [INFO   ] [sqlalchemy.engine.Engine:1848] [AnyIO worker thread] - SELECT role_1.id AS role_1_id, permission.id AS permission_id, permission.code AS permission_code, permission.name AS permission_name, permission.module AS permission_module, permission.description AS permission_description, permission.is_active AS permission_is_active, permission.created_at AS permission_created_at, permission.updated_at AS permission_updated_at 
FROM role AS role_1 JOIN role_permission AS role_permission_1 ON role_1.id = role_permission_1.role_id JOIN permission ON permission.id = role_permission_1.permission_id 
WHERE role_1.id IN (%(primary_keys_1)s::UUID)
[2026-08-22 22:54:19] [INFO   ] [sqlalchemy.engine.Engine:1848] [AnyIO worker thread] - [cached since 6176s ago] {'param_1': UUID('8d52397f-5b52-4bf4-9dda-04b5139e5501')}
[2026-08-22 22:54:19] [INFO   ] [sqlalchemy.engine.Engine:1848] [AnyIO worker thread] - [cached since 6178s ago] {'primary_keys_1': UUID('383616f5-e92b-4e2f-b4b7-1adb4d60eb5b')}
[2026-08-22 22:54:19] [INFO   ] [controlb:74] [MainThread] - ⬅️ [HTTP OUT] GET /identity/users/me -> Status 200 (85.98ms)
[2026-08-22 22:54:19] [INFO   ] [sqlalchemy.engine.Engine:2712] [AnyIO worker thread] - BEGIN (implicit)
[2026-08-22 22:54:19] [INFO   ] [uvicorn.access:485] [MainThread] - 172.17.0.1:0 - "GET /identity/users/me HTTP/1.1" 200
[2026-08-22 22:54:19] [INFO   ] [sqlalchemy.engine.Engine:2712] [AnyIO worker thread] - BEGIN (implicit)
[2026-08-22 22:54:19] [INFO   ] [sqlalchemy.engine.Engine:1848] [AnyIO worker thread] - SELECT "user".id, "user".organization_id, "user".role_id, "user".email, "user".full_name, "user".hashed_password, "user".is_active, "user".created_at, "user".updated_at 
FROM "user" 
WHERE "user".id = %(id_1)s::UUID
[2026-08-22 22:54:19] [INFO   ] [sqlalchemy.engine.Engine:1848] [AnyIO worker thread] - SELECT "user".id, "user".organization_id, "user".role_id, "user".email, "user".full_name, "user".hashed_password, "user".is_active, "user".created_at, "user".updated_at 
FROM "user" 
WHERE "user".id = %(id_1)s::UUID
[2026-08-22 22:54:19] [INFO   ] [sqlalchemy.engine.Engine:1848] [AnyIO worker thread] - [cached since 6178s ago] {'id_1': UUID('6afacca9-d53d-4b70-9592-ae6cac6f6c1f')}
[2026-08-22 22:54:19] [INFO   ] [sqlalchemy.engine.Engine:1848] [AnyIO worker thread] - [cached since 6178s ago] {'id_1': UUID('6afacca9-d53d-4b70-9592-ae6cac6f6c1f')}
[2026-08-22 22:54:19] [INFO   ] [controlb:74] [MainThread] - ⬅️ [HTTP OUT] GET /crm/opportunities -> Status 200 (89.19ms)
[2026-08-22 22:54:19] [INFO   ] [uvicorn.access:485] [MainThread] - 172.17.0.1:0 - "GET /crm/opportunities HTTP/1.1" 200
[2026-08-22 22:54:19] [INFO   ] [sqlalchemy.engine.Engine:2718] [AnyIO worker thread] - COMMIT
[2026-08-22 22:54:19] [INFO   ] [sqlalchemy.engine.Engine:1848] [AnyIO worker thread] - SELECT role.id AS role_id, role.organization_id AS role_organization_id, role.name AS role_name, role.description AS role_description, role.is_active AS role_is_active, role.created_at AS role_created_at, role.updated_at AS role_updated_at 
FROM role 
WHERE role.id IN (%(primary_keys_1)s::UUID)
[2026-08-22 22:54:19] [INFO   ] [sqlalchemy.engine.Engine:1848] [AnyIO worker thread] - SELECT lead.id, lead.organization_id, lead.customer_id, lead.name, lead.company_name, lead.email, lead.phone, lead.source, lead.status, lead.notes, lead.assigned_to_id, lead.created_at, lead.updated_at 
FROM lead 
WHERE lead.organization_id = %(organization_id_1)s::UUID ORDER BY lead.created_at DESC
[2026-08-22 22:54:19] [INFO   ] [sqlalchemy.engine.Engine:1848] [AnyIO worker thread] - [cached since 6178s ago] {'primary_keys_1': UUID('383616f5-e92b-4e2f-b4b7-1adb4d60eb5b')}
[2026-08-22 22:54:19] [INFO   ] [sqlalchemy.engine.Engine:1848] [AnyIO worker thread] - SELECT role.id AS role_id, role.organization_id AS role_organization_id, role.name AS role_name, role.description AS role_description, role.is_active AS role_is_active, role.created_at AS role_created_at, role.updated_at AS role_updated_at 
FROM role 
WHERE role.id IN (%(primary_keys_1)s::UUID)
[2026-08-22 22:54:19] [INFO   ] [sqlalchemy.engine.Engine:2718] [AnyIO worker thread] - COMMIT
[2026-08-22 22:54:19] [INFO   ] [sqlalchemy.engine.Engine:1848] [AnyIO worker thread] - [cached since 6178s ago] {'primary_keys_1': UUID('383616f5-e92b-4e2f-b4b7-1adb4d60eb5b')}
[2026-08-22 22:54:19] [INFO   ] [sqlalchemy.engine.Engine:1848] [AnyIO worker thread] - SELECT role_1.id AS role_1_id, permission.id AS permission_id, permission.code AS permission_code, permission.name AS permission_name, permission.module AS permission_module, permission.description AS permission_description, permission.is_active AS permission_is_active, permission.created_at AS permission_created_at, permission.updated_at AS permission_updated_at 
FROM role AS role_1 JOIN role_permission AS role_permission_1 ON role_1.id = role_permission_1.role_id JOIN permission ON permission.id = role_permission_1.permission_id 
WHERE role_1.id IN (%(primary_keys_1)s::UUID)
[2026-08-22 22:54:19] [INFO   ] [sqlalchemy.engine.Engine:1848] [AnyIO worker thread] - [cached since 6176s ago] {'organization_id_1': UUID('2be91233-1ba4-41a4-9580-628fd013747e')}
[2026-08-22 22:54:19] [INFO   ] [sqlalchemy.engine.Engine:1848] [AnyIO worker thread] - [cached since 6178s ago] {'primary_keys_1': UUID('383616f5-e92b-4e2f-b4b7-1adb4d60eb5b')}
[2026-08-22 22:54:19] [INFO   ] [controlb:66] [MainThread] - ➡️ [HTTP IN] GET /inventory/products - IP: 172.17.0.1
[2026-08-22 22:54:19] [INFO   ] [sqlalchemy.engine.Engine:1848] [AnyIO worker thread] - SELECT role_1.id AS role_1_id, permission.id AS permission_id, permission.code AS permission_code, permission.name AS permission_name, permission.module AS permission_module, permission.description AS permission_description, permission.is_active AS permission_is_active, permission.created_at AS permission_created_at, permission.updated_at AS permission_updated_at 
FROM role AS role_1 JOIN role_permission AS role_permission_1 ON role_1.id = role_permission_1.role_id JOIN permission ON permission.id = role_permission_1.permission_id 
WHERE role_1.id IN (%(primary_keys_1)s::UUID)
[2026-08-22 22:54:19] [INFO   ] [sqlalchemy.engine.Engine:1848] [AnyIO worker thread] - [cached since 6178s ago] {'primary_keys_1': UUID('383616f5-e92b-4e2f-b4b7-1adb4d60eb5b')}
[2026-08-22 22:54:19] [INFO   ] [controlb:66] [MainThread] - ➡️ [HTTP IN] GET /crm/interactions - IP: 172.17.0.1
[2026-08-22 22:54:19] [INFO   ] [sqlalchemy.engine.Engine:1848] [AnyIO worker thread] - SELECT customer_interaction.id, customer_interaction.organization_id, customer_interaction.lead_id, customer_interaction.opportunity_id, customer_interaction.interaction_type, customer_interaction.summary, customer_interaction.details, customer_interaction.interaction_date, customer_interaction.created_by_id, customer_interaction.created_at 
FROM customer_interaction 
WHERE customer_interaction.organization_id = %(organization_id_1)s::UUID ORDER BY customer_interaction.interaction_date DESC
[2026-08-22 22:54:19] [INFO   ] [sqlalchemy.engine.Engine:1848] [AnyIO worker thread] - [cached since 4748s ago] {'organization_id_1': UUID('2be91233-1ba4-41a4-9580-628fd013747e')}
[2026-08-22 22:54:19] [INFO   ] [controlb:74] [MainThread] - ⬅️ [HTTP OUT] GET /inventory/products -> Status 200 (42.64ms)
[2026-08-22 22:54:19] [INFO   ] [uvicorn.access:485] [MainThread] - 172.17.0.1:0 - "GET /inventory/products HTTP/1.1" 200
[2026-08-22 22:54:19] [INFO   ] [sqlalchemy.engine.Engine:2712] [AnyIO worker thread] - BEGIN (implicit)
[2026-08-22 22:54:19] [INFO   ] [sqlalchemy.engine.Engine:1848] [AnyIO worker thread] - SELECT "user".id, "user".organization_id, "user".role_id, "user".email, "user".full_name, "user".hashed_password, "user".is_active, "user".created_at, "user".updated_at 
FROM "user" 
WHERE "user".id = %(id_1)s::UUID
[2026-08-22 22:54:19] [INFO   ] [sqlalchemy.engine.Engine:1848] [AnyIO worker thread] - [cached since 6178s ago] {'id_1': UUID('6afacca9-d53d-4b70-9592-ae6cac6f6c1f')}
[2026-08-22 22:54:19] [INFO   ] [sqlalchemy.engine.Engine:1848] [AnyIO worker thread] - SELECT opportunity.id, opportunity.organization_id, opportunity.lead_id, opportunity.customer_id, opportunity.contact_id, opportunity.title, opportunity.customer_name, opportunity.estimated_amount, opportunity.probability_percent, opportunity.expected_closing_date, opportunity.stage, opportunity.loss_reason, opportunity.assigned_to_id, opportunity.created_at, opportunity.updated_at 
FROM opportunity 
WHERE opportunity.organization_id = %(organization_id_1)s::UUID ORDER BY opportunity.created_at DESC
[2026-08-22 22:54:19] [INFO   ] [sqlalchemy.engine.Engine:1848] [AnyIO worker thread] - [cached since 6176s ago] {'organization_id_1': UUID('2be91233-1ba4-41a4-9580-628fd013747e')}
[2026-08-22 22:54:19] [INFO   ] [controlb:74] [MainThread] - ⬅️ [HTTP OUT] GET /crm/leads -> Status 200 (39.51ms)
[2026-08-22 22:54:19] [INFO   ] [sqlalchemy.engine.Engine:2712] [AnyIO worker thread] - BEGIN (implicit)
[2026-08-22 22:54:19] [INFO   ] [uvicorn.access:485] [MainThread] - 172.17.0.1:0 - "GET /crm/leads HTTP/1.1" 200
[2026-08-22 22:54:19] [INFO   ] [sqlalchemy.engine.Engine:1848] [AnyIO worker thread] - SELECT "user".id, "user".organization_id, "user".role_id, "user".email, "user".full_name, "user".hashed_password, "user".is_active, "user".created_at, "user".updated_at 
FROM "user" 
WHERE "user".id = %(id_1)s::UUID
[2026-08-22 22:54:19] [INFO   ] [sqlalchemy.engine.Engine:1848] [AnyIO worker thread] - [cached since 6178s ago] {'id_1': UUID('6afacca9-d53d-4b70-9592-ae6cac6f6c1f')}
[2026-08-22 22:54:19] [INFO   ] [sqlalchemy.engine.Engine:1848] [AnyIO worker thread] - SELECT role.id AS role_id, role.organization_id AS role_organization_id, role.name AS role_name, role.description AS role_description, role.is_active AS role_is_active, role.created_at AS role_created_at, role.updated_at AS role_updated_at 
FROM role 
WHERE role.id IN (%(primary_keys_1)s::UUID)
[2026-08-22 22:54:19] [INFO   ] [sqlalchemy.engine.Engine:2718] [AnyIO worker thread] - COMMIT
[2026-08-22 22:54:19] [INFO   ] [sqlalchemy.engine.Engine:1848] [AnyIO worker thread] - [cached since 6178s ago] {'primary_keys_1': UUID('383616f5-e92b-4e2f-b4b7-1adb4d60eb5b')}
[2026-08-22 22:54:19] [INFO   ] [sqlalchemy.engine.Engine:2718] [AnyIO worker thread] - COMMIT
[2026-08-22 22:54:19] [INFO   ] [controlb:74] [MainThread] - ⬅️ [HTTP OUT] GET /crm/interactions -> Status 200 (31.70ms)
[2026-08-22 22:54:19] [INFO   ] [uvicorn.access:485] [MainThread] - 172.17.0.1:0 - "GET /crm/interactions HTTP/1.1" 200
[2026-08-22 22:54:19] [INFO   ] [sqlalchemy.engine.Engine:1848] [AnyIO worker thread] - SELECT role_1.id AS role_1_id, permission.id AS permission_id, permission.code AS permission_code, permission.name AS permission_name, permission.module AS permission_module, permission.description AS permission_description, permission.is_active AS permission_is_active, permission.created_at AS permission_created_at, permission.updated_at AS permission_updated_at 
FROM role AS role_1 JOIN role_permission AS role_permission_1 ON role_1.id = role_permission_1.role_id JOIN permission ON permission.id = role_permission_1.permission_id 
WHERE role_1.id IN (%(primary_keys_1)s::UUID)
[2026-08-22 22:54:19] [INFO   ] [sqlalchemy.engine.Engine:1848] [AnyIO worker thread] - SELECT role.id AS role_id, role.organization_id AS role_organization_id, role.name AS role_name, role.description AS role_description, role.is_active AS role_is_active, role.created_at AS role_created_at, role.updated_at AS role_updated_at 
FROM role 
WHERE role.id IN (%(primary_keys_1)s::UUID)
[2026-08-22 22:54:19] [INFO   ] [sqlalchemy.engine.Engine:1848] [AnyIO worker thread] - [cached since 6178s ago] {'primary_keys_1': UUID('383616f5-e92b-4e2f-b4b7-1adb4d60eb5b')}
[2026-08-22 22:54:19] [INFO   ] [sqlalchemy.engine.Engine:2718] [AnyIO worker thread] - COMMIT
[2026-08-22 22:54:19] [INFO   ] [sqlalchemy.engine.Engine:1848] [AnyIO worker thread] - [cached since 6178s ago] {'primary_keys_1': UUID('383616f5-e92b-4e2f-b4b7-1adb4d60eb5b')}
[2026-08-22 22:54:19] [INFO   ] [sqlalchemy.engine.Engine:1848] [AnyIO worker thread] - SELECT sales_quote.id AS sales_quote_id, sales_quote.organization_id AS sales_quote_organization_id, sales_quote.customer_id AS sales_quote_customer_id, sales_quote.opportunity_id AS sales_quote_opportunity_id, sales_quote.document_id AS sales_quote_document_id, sales_quote.quote_number AS sales_quote_quote_number, sales_quote.customer_name AS sales_quote_customer_name, sales_quote.customer_document AS sales_quote_customer_document, sales_quote.customer_email AS sales_quote_customer_email, sales_quote.customer_phone AS sales_quote_customer_phone, sales_quote.total_amount AS sales_quote_total_amount, sales_quote.discount_amount AS sales_quote_discount_amount, sales_quote.net_amount AS sales_quote_net_amount, sales_quote.payment_terms AS sales_quote_payment_terms, sales_quote.valid_until AS sales_quote_valid_until, sales_quote.status AS sales_quote_status, sales_quote.notes AS sales_quote_notes, sales_quote.created_by_id AS sales_quote_created_by_id, sales_quote.created_at AS sales_quote_created_at, sales_quote.updated_at AS sales_quote_updated_at 
FROM sales_quote 
WHERE %(param_1)s::UUID = sales_quote.opportunity_id
[2026-08-22 22:54:19] [INFO   ] [sqlalchemy.engine.Engine:1848] [AnyIO worker thread] - [cached since 6176s ago] {'param_1': UUID('4b42f709-61fb-423f-8690-844c9ba97d9d')}
[2026-08-22 22:54:19] [INFO   ] [sqlalchemy.engine.Engine:1848] [AnyIO worker thread] - SELECT role_1.id AS role_1_id, permission.id AS permission_id, permission.code AS permission_code, permission.name AS permission_name, permission.module AS permission_module, permission.description AS permission_description, permission.is_active AS permission_is_active, permission.created_at AS permission_created_at, permission.updated_at AS permission_updated_at 
FROM role AS role_1 JOIN role_permission AS role_permission_1 ON role_1.id = role_permission_1.role_id JOIN permission ON permission.id = role_permission_1.permission_id 
WHERE role_1.id IN (%(primary_keys_1)s::UUID)
[2026-08-22 22:54:19] [INFO   ] [sqlalchemy.engine.Engine:1848] [AnyIO worker thread] - [cached since 6178s ago] {'primary_keys_1': UUID('383616f5-e92b-4e2f-b4b7-1adb4d60eb5b')}
[2026-08-22 22:54:19] [INFO   ] [sqlalchemy.engine.Engine:1848] [AnyIO worker thread] - SELECT product.id, product.organization_id, product.category_id, product.sku, product.name, product.description, product.unit_of_measure, product.reference_price, product.cost_price, product.sale_price, product.external_code, product.brand, product.barcode, product.ncm, product.is_perishable, product.requires_batch, product.shelf_life_days, product.current_stock, product.min_stock, product.max_stock, product.storage_location, product.is_active, product.created_at, product.updated_at 
FROM product 
WHERE product.organization_id = %(organization_id_1)s::UUID ORDER BY product.name ASC
[2026-08-22 22:54:19] [INFO   ] [sqlalchemy.engine.Engine:1848] [AnyIO worker thread] - [cached since 6178s ago] {'organization_id_1': UUID('2be91233-1ba4-41a4-9580-628fd013747e')}
[2026-08-22 22:54:20] [INFO   ] [sqlalchemy.engine.Engine:1848] [AnyIO worker thread] - SELECT sales_quote_item.quote_id AS sales_quote_item_quote_id, sales_quote_item.id AS sales_quote_item_id, sales_quote_item.product_id AS sales_quote_item_product_id, sales_quote_item.quantity AS sales_quote_item_quantity, sales_quote_item.unit_price AS sales_quote_item_unit_price, sales_quote_item.discount_amount AS sales_quote_item_discount_amount, sales_quote_item.total_price AS sales_quote_item_total_price, sales_quote_item.notes AS sales_quote_item_notes 
FROM sales_quote_item 
WHERE sales_quote_item.quote_id IN (%(primary_keys_1)s::UUID)
[2026-08-22 22:54:20] [INFO   ] [sqlalchemy.engine.Engine:1848] [AnyIO worker thread] - [cached since 5183s ago] {'primary_keys_1': UUID('02f94453-f61f-4483-a25a-2f60e8e530d8')}
[2026-08-22 22:54:20] [INFO   ] [sqlalchemy.engine.Engine:1848] [AnyIO worker thread] - SELECT customer_interaction.id, customer_interaction.organization_id, customer_interaction.lead_id, customer_interaction.opportunity_id, customer_interaction.interaction_type, customer_interaction.summary, customer_interaction.details, customer_interaction.interaction_date, customer_interaction.created_by_id, customer_interaction.created_at 
FROM customer_interaction 
WHERE customer_interaction.organization_id = %(organization_id_1)s::UUID ORDER BY customer_interaction.interaction_date DESC
[2026-08-22 22:54:20] [INFO   ] [sqlalchemy.engine.Engine:1848] [AnyIO worker thread] - [cached since 4748s ago] {'organization_id_1': UUID('2be91233-1ba4-41a4-9580-628fd013747e')}
[2026-08-22 22:54:20] [INFO   ] [sqlalchemy.engine.Engine:1848] [AnyIO worker thread] - SELECT sales_quote.id AS sales_quote_id, sales_quote.organization_id AS sales_quote_organization_id, sales_quote.customer_id AS sales_quote_customer_id, sales_quote.opportunity_id AS sales_quote_opportunity_id, sales_quote.document_id AS sales_quote_document_id, sales_quote.quote_number AS sales_quote_quote_number, sales_quote.customer_name AS sales_quote_customer_name, sales_quote.customer_document AS sales_quote_customer_document, sales_quote.customer_email AS sales_quote_customer_email, sales_quote.customer_phone AS sales_quote_customer_phone, sales_quote.total_amount AS sales_quote_total_amount, sales_quote.discount_amount AS sales_quote_discount_amount, sales_quote.net_amount AS sales_quote_net_amount, sales_quote.payment_terms AS sales_quote_payment_terms, sales_quote.valid_until AS sales_quote_valid_until, sales_quote.status AS sales_quote_status, sales_quote.notes AS sales_quote_notes, sales_quote.created_by_id AS sales_quote_created_by_id, sales_quote.created_at AS sales_quote_created_at, sales_quote.updated_at AS sales_quote_updated_at 
FROM sales_quote 
WHERE %(param_1)s::UUID = sales_quote.opportunity_id
[2026-08-22 22:54:20] [INFO   ] [sqlalchemy.engine.Engine:1848] [AnyIO worker thread] - [cached since 6176s ago] {'param_1': UUID('8d52397f-5b52-4bf4-9dda-04b5139e5501')}
[2026-08-22 22:54:20] [INFO   ] [controlb:74] [MainThread] - ⬅️ [HTTP OUT] GET /crm/interactions -> Status 200 (24.90ms)
[2026-08-22 22:54:20] [INFO   ] [uvicorn.access:485] [MainThread] - 172.17.0.1:0 - "GET /crm/interactions HTTP/1.1" 200
[2026-08-22 22:54:20] [INFO   ] [controlb:74] [MainThread] - ⬅️ [HTTP OUT] GET /crm/opportunities -> Status 200 (47.13ms)
[2026-08-22 22:54:20] [INFO   ] [uvicorn.access:485] [MainThread] - 172.17.0.1:0 - "GET /crm/opportunities HTTP/1.1" 200
[2026-08-22 22:54:20] [INFO   ] [sqlalchemy.engine.Engine:2718] [AnyIO worker thread] - COMMIT
[2026-08-22 22:54:20] [INFO   ] [controlb:74] [MainThread] - ⬅️ [HTTP OUT] GET /inventory/products -> Status 200 (30.39ms)
[2026-08-22 22:54:20] [INFO   ] [uvicorn.access:485] [MainThread] - 172.17.0.1:0 - "GET /inventory/products HTTP/1.1" 200
[2026-08-22 22:54:20] [INFO   ] [sqlalchemy.engine.Engine:2718] [AnyIO worker thread] - COMMIT
[2026-08-22 22:54:20] [INFO   ] [sqlalchemy.engine.Engine:2718] [AnyIO worker thread] - COMMIT
[2026-08-22 22:54:20] [INFO   ] [controlb:66] [MainThread] - ➡️ [HTTP IN] GET /crm/opportunities/8d52397f-5b52-4bf4-9dda-04b5139e5501/quotations - IP: 172.17.0.1
[2026-08-22 22:54:20] [INFO   ] [controlb:66] [MainThread] - ➡️ [HTTP IN] GET /crm/interactions - IP: 172.17.0.1
[2026-08-22 22:54:20] [INFO   ] [sqlalchemy.engine.Engine:2712] [AnyIO worker thread] - BEGIN (implicit)
[2026-08-22 22:54:20] [INFO   ] [sqlalchemy.engine.Engine:2712] [AnyIO worker thread] - BEGIN (implicit)
[2026-08-22 22:54:20] [INFO   ] [sqlalchemy.engine.Engine:1848] [AnyIO worker thread] - SELECT "user".id, "user".organization_id, "user".role_id, "user".email, "user".full_name, "user".hashed_password, "user".is_active, "user".created_at, "user".updated_at 
FROM "user" 
WHERE "user".id = %(id_1)s::UUID
[2026-08-22 22:54:20] [INFO   ] [sqlalchemy.engine.Engine:1848] [AnyIO worker thread] - SELECT "user".id, "user".organization_id, "user".role_id, "user".email, "user".full_name, "user".hashed_password, "user".is_active, "user".created_at, "user".updated_at 
FROM "user" 
WHERE "user".id = %(id_1)s::UUID
[2026-08-22 22:54:20] [INFO   ] [sqlalchemy.engine.Engine:1848] [AnyIO worker thread] - [cached since 6179s ago] {'id_1': UUID('6afacca9-d53d-4b70-9592-ae6cac6f6c1f')}
[2026-08-22 22:54:20] [INFO   ] [sqlalchemy.engine.Engine:1848] [AnyIO worker thread] - [cached since 6179s ago] {'id_1': UUID('6afacca9-d53d-4b70-9592-ae6cac6f6c1f')}
[2026-08-22 22:54:20] [INFO   ] [sqlalchemy.engine.Engine:1848] [AnyIO worker thread] - SELECT role.id AS role_id, role.organization_id AS role_organization_id, role.name AS role_name, role.description AS role_description, role.is_active AS role_is_active, role.created_at AS role_created_at, role.updated_at AS role_updated_at 
FROM role 
WHERE role.id IN (%(primary_keys_1)s::UUID)
[2026-08-22 22:54:20] [INFO   ] [sqlalchemy.engine.Engine:1848] [AnyIO worker thread] - SELECT role.id AS role_id, role.organization_id AS role_organization_id, role.name AS role_name, role.description AS role_description, role.is_active AS role_is_active, role.created_at AS role_created_at, role.updated_at AS role_updated_at 
FROM role 
WHERE role.id IN (%(primary_keys_1)s::UUID)
[2026-08-22 22:54:20] [INFO   ] [sqlalchemy.engine.Engine:1848] [AnyIO worker thread] - [cached since 6179s ago] {'primary_keys_1': UUID('383616f5-e92b-4e2f-b4b7-1adb4d60eb5b')}
[2026-08-22 22:54:20] [INFO   ] [sqlalchemy.engine.Engine:1848] [AnyIO worker thread] - [cached since 6179s ago] {'primary_keys_1': UUID('383616f5-e92b-4e2f-b4b7-1adb4d60eb5b')}
[2026-08-22 22:54:20] [INFO   ] [sqlalchemy.engine.Engine:1848] [AnyIO worker thread] - SELECT role_1.id AS role_1_id, permission.id AS permission_id, permission.code AS permission_code, permission.name AS permission_name, permission.module AS permission_module, permission.description AS permission_description, permission.is_active AS permission_is_active, permission.created_at AS permission_created_at, permission.updated_at AS permission_updated_at 
FROM role AS role_1 JOIN role_permission AS role_permission_1 ON role_1.id = role_permission_1.role_id JOIN permission ON permission.id = role_permission_1.permission_id 
WHERE role_1.id IN (%(primary_keys_1)s::UUID)
[2026-08-22 22:54:20] [INFO   ] [sqlalchemy.engine.Engine:1848] [AnyIO worker thread] - SELECT role_1.id AS role_1_id, permission.id AS permission_id, permission.code AS permission_code, permission.name AS permission_name, permission.module AS permission_module, permission.description AS permission_description, permission.is_active AS permission_is_active, permission.created_at AS permission_created_at, permission.updated_at AS permission_updated_at 
FROM role AS role_1 JOIN role_permission AS role_permission_1 ON role_1.id = role_permission_1.role_id JOIN permission ON permission.id = role_permission_1.permission_id 
WHERE role_1.id IN (%(primary_keys_1)s::UUID)
[2026-08-22 22:54:20] [INFO   ] [sqlalchemy.engine.Engine:1848] [AnyIO worker thread] - [cached since 6179s ago] {'primary_keys_1': UUID('383616f5-e92b-4e2f-b4b7-1adb4d60eb5b')}
[2026-08-22 22:54:20] [INFO   ] [sqlalchemy.engine.Engine:1848] [AnyIO worker thread] - [cached since 6179s ago] {'primary_keys_1': UUID('383616f5-e92b-4e2f-b4b7-1adb4d60eb5b')}
[2026-08-22 22:54:20] [INFO   ] [sqlalchemy.engine.Engine:1848] [AnyIO worker thread] - SELECT opportunity.id, opportunity.organization_id, opportunity.lead_id, opportunity.customer_id, opportunity.contact_id, opportunity.title, opportunity.customer_name, opportunity.estimated_amount, opportunity.probability_percent, opportunity.expected_closing_date, opportunity.stage, opportunity.loss_reason, opportunity.assigned_to_id, opportunity.created_at, opportunity.updated_at 
FROM opportunity 
WHERE opportunity.id = %(id_1)s::UUID AND opportunity.organization_id = %(organization_id_1)s::UUID
[2026-08-22 22:54:20] [INFO   ] [sqlalchemy.engine.Engine:1848] [AnyIO worker thread] - SELECT customer_interaction.id, customer_interaction.organization_id, customer_interaction.lead_id, customer_interaction.opportunity_id, customer_interaction.interaction_type, customer_interaction.summary, customer_interaction.details, customer_interaction.interaction_date, customer_interaction.created_by_id, customer_interaction.created_at 
FROM customer_interaction 
WHERE customer_interaction.organization_id = %(organization_id_1)s::UUID AND customer_interaction.opportunity_id = %(opportunity_id_1)s::UUID ORDER BY customer_interaction.interaction_date DESC
[2026-08-22 22:54:20] [INFO   ] [sqlalchemy.engine.Engine:1848] [AnyIO worker thread] - [cached since 6174s ago] {'id_1': UUID('8d52397f-5b52-4bf4-9dda-04b5139e5501'), 'organization_id_1': UUID('2be91233-1ba4-41a4-9580-628fd013747e')}
[2026-08-22 22:54:20] [INFO   ] [sqlalchemy.engine.Engine:1848] [AnyIO worker thread] - [cached since 4447s ago] {'organization_id_1': UUID('2be91233-1ba4-41a4-9580-628fd013747e'), 'opportunity_id_1': UUID('8d52397f-5b52-4bf4-9dda-04b5139e5501')}
[2026-08-22 22:54:20] [INFO   ] [controlb:74] [MainThread] - ⬅️ [HTTP OUT] GET /crm/interactions -> Status 200 (12.66ms)
[2026-08-22 22:54:20] [INFO   ] [uvicorn.access:485] [MainThread] - 172.17.0.1:0 - "GET /crm/interactions?opportunity_id=8d52397f-5b52-4bf4-9dda-04b5139e5501 HTTP/1.1" 200
[2026-08-22 22:54:20] [INFO   ] [sqlalchemy.engine.Engine:1848] [AnyIO worker thread] - SELECT sales_quote.id, sales_quote.organization_id, sales_quote.customer_id, sales_quote.opportunity_id, sales_quote.document_id, sales_quote.quote_number, sales_quote.customer_name, sales_quote.customer_document, sales_quote.customer_email, sales_quote.customer_phone, sales_quote.total_amount, sales_quote.discount_amount, sales_quote.net_amount, sales_quote.payment_terms, sales_quote.valid_until, sales_quote.status, sales_quote.notes, sales_quote.created_by_id, sales_quote.created_at, sales_quote.updated_at 
FROM sales_quote 
WHERE sales_quote.organization_id = %(organization_id_1)s::UUID ORDER BY sales_quote.created_at DESC
[2026-08-22 22:54:20] [INFO   ] [sqlalchemy.engine.Engine:2718] [AnyIO worker thread] - COMMIT
[2026-08-22 22:54:20] [INFO   ] [sqlalchemy.engine.Engine:1848] [AnyIO worker thread] - [cached since 6177s ago] {'organization_id_1': UUID('2be91233-1ba4-41a4-9580-628fd013747e')}
[2026-08-22 22:54:20] [INFO   ] [sqlalchemy.engine.Engine:1848] [AnyIO worker thread] - SELECT opportunity.id AS opportunity_id, opportunity.organization_id AS opportunity_organization_id, opportunity.lead_id AS opportunity_lead_id, opportunity.customer_id AS opportunity_customer_id, opportunity.contact_id AS opportunity_contact_id, opportunity.title AS opportunity_title, opportunity.customer_name AS opportunity_customer_name, opportunity.estimated_amount AS opportunity_estimated_amount, opportunity.probability_percent AS opportunity_probability_percent, opportunity.expected_closing_date AS opportunity_expected_closing_date, opportunity.stage AS opportunity_stage, opportunity.loss_reason AS opportunity_loss_reason, opportunity.assigned_to_id AS opportunity_assigned_to_id, opportunity.created_at AS opportunity_created_at, opportunity.updated_at AS opportunity_updated_at 
FROM opportunity 
WHERE opportunity.id IN (%(primary_keys_1)s::UUID)
[2026-08-22 22:54:20] [INFO   ] [sqlalchemy.engine.Engine:1848] [AnyIO worker thread] - [cached since 5184s ago] {'primary_keys_1': UUID('4b42f709-61fb-423f-8690-844c9ba97d9d')}
[2026-08-22 22:54:20] [INFO   ] [sqlalchemy.engine.Engine:1848] [AnyIO worker thread] - SELECT sales_quote_item.quote_id AS sales_quote_item_quote_id, sales_quote_item.id AS sales_quote_item_id, sales_quote_item.product_id AS sales_quote_item_product_id, sales_quote_item.quantity AS sales_quote_item_quantity, sales_quote_item.unit_price AS sales_quote_item_unit_price, sales_quote_item.discount_amount AS sales_quote_item_discount_amount, sales_quote_item.total_price AS sales_quote_item_total_price, sales_quote_item.notes AS sales_quote_item_notes 
FROM sales_quote_item 
WHERE sales_quote_item.quote_id IN (%(primary_keys_1)s::UUID)
[2026-08-22 22:54:20] [INFO   ] [sqlalchemy.engine.Engine:1848] [AnyIO worker thread] - [cached since 5184s ago] {'primary_keys_1': UUID('02f94453-f61f-4483-a25a-2f60e8e530d8')}
[2026-08-22 22:54:20] [INFO   ] [controlb:74] [MainThread] - ⬅️ [HTTP OUT] GET /crm/opportunities/8d52397f-5b52-4bf4-9dda-04b5139e5501/quotations -> Status 200 (24.29ms)
[2026-08-22 22:54:20] [INFO   ] [uvicorn.access:485] [MainThread] - 172.17.0.1:0 - "GET /crm/opportunities/8d52397f-5b52-4bf4-9dda-04b5139e5501/quotations HTTP/1.1" 200
[2026-08-22 22:54:20] [INFO   ] [sqlalchemy.engine.Engine:2718] [AnyIO worker thread] - COMMIT
[2026-08-22 22:54:20] [INFO   ] [controlb:66] [MainThread] - ➡️ [HTTP IN] GET /sales/customers - IP: 172.17.0.1
[2026-08-22 22:54:20] [INFO   ] [sqlalchemy.engine.Engine:2712] [AnyIO worker thread] - BEGIN (implicit)
[2026-08-22 22:54:20] [INFO   ] [sqlalchemy.engine.Engine:1848] [AnyIO worker thread] - SELECT "user".id, "user".organization_id, "user".role_id, "user".email, "user".full_name, "user".hashed_password, "user".is_active, "user".created_at, "user".updated_at 
FROM "user" 
WHERE "user".id = %(id_1)s::UUID
[2026-08-22 22:54:20] [INFO   ] [sqlalchemy.engine.Engine:1848] [AnyIO worker thread] - [cached since 6179s ago] {'id_1': UUID('6afacca9-d53d-4b70-9592-ae6cac6f6c1f')}
[2026-08-22 22:54:20] [INFO   ] [sqlalchemy.engine.Engine:1848] [AnyIO worker thread] - SELECT role.id AS role_id, role.organization_id AS role_organization_id, role.name AS role_name, role.description AS role_description, role.is_active AS role_is_active, role.created_at AS role_created_at, role.updated_at AS role_updated_at 
FROM role 
WHERE role.id IN (%(primary_keys_1)s::UUID)
[2026-08-22 22:54:20] [INFO   ] [sqlalchemy.engine.Engine:1848] [AnyIO worker thread] - [cached since 6179s ago] {'primary_keys_1': UUID('383616f5-e92b-4e2f-b4b7-1adb4d60eb5b')}
[2026-08-22 22:54:20] [INFO   ] [sqlalchemy.engine.Engine:1848] [AnyIO worker thread] - SELECT role_1.id AS role_1_id, permission.id AS permission_id, permission.code AS permission_code, permission.name AS permission_name, permission.module AS permission_module, permission.description AS permission_description, permission.is_active AS permission_is_active, permission.created_at AS permission_created_at, permission.updated_at AS permission_updated_at 
FROM role AS role_1 JOIN role_permission AS role_permission_1 ON role_1.id = role_permission_1.role_id JOIN permission ON permission.id = role_permission_1.permission_id 
WHERE role_1.id IN (%(primary_keys_1)s::UUID)
[2026-08-22 22:54:20] [INFO   ] [sqlalchemy.engine.Engine:1848] [AnyIO worker thread] - [cached since 6179s ago] {'primary_keys_1': UUID('383616f5-e92b-4e2f-b4b7-1adb4d60eb5b')}
[2026-08-22 22:54:20] [INFO   ] [sqlalchemy.engine.Engine:1848] [AnyIO worker thread] - SELECT customer.id, customer.organization_id, customer.contact_id, customer.person_type, customer.document, customer.name, customer.trade_name, customer.state_registration, customer.email, customer.phone, customer.address_street, customer.address_number, customer.address_neighborhood, customer.address_city, customer.address_state, customer.address_zip_code, customer.credit_limit, customer.is_active, customer.notes, customer.created_at, customer.updated_at 
FROM customer 
WHERE customer.organization_id = %(organization_id_1)s::UUID ORDER BY customer.name
[2026-08-22 22:54:20] [INFO   ] [sqlalchemy.engine.Engine:1848] [AnyIO worker thread] - [cached since 6145s ago] {'organization_id_1': UUID('2be91233-1ba4-41a4-9580-628fd013747e')}
[2026-08-22 22:54:20] [INFO   ] [controlb:74] [MainThread] - ⬅️ [HTTP OUT] GET /sales/customers -> Status 200 (14.48ms)
[2026-08-22 22:54:20] [INFO   ] [uvicorn.access:485] [MainThread] - 172.17.0.1:0 - "GET /sales/customers HTTP/1.1" 200
[2026-08-22 22:54:20] [INFO   ] [sqlalchemy.engine.Engine:2718] [AnyIO worker thread] - COMMIT
[2026-08-22 22:54:20] [INFO   ] [controlb:66] [MainThread] - ➡️ [HTTP IN] GET /sales/customers - IP: 172.17.0.1
[2026-08-22 22:54:20] [INFO   ] [sqlalchemy.engine.Engine:2712] [AnyIO worker thread] - BEGIN (implicit)
[2026-08-22 22:54:20] [INFO   ] [sqlalchemy.engine.Engine:1848] [AnyIO worker thread] - SELECT "user".id, "user".organization_id, "user".role_id, "user".email, "user".full_name, "user".hashed_password, "user".is_active, "user".created_at, "user".updated_at 
FROM "user" 
WHERE "user".id = %(id_1)s::UUID
[2026-08-22 22:54:20] [INFO   ] [sqlalchemy.engine.Engine:1848] [AnyIO worker thread] - [cached since 6179s ago] {'id_1': UUID('6afacca9-d53d-4b70-9592-ae6cac6f6c1f')}
[2026-08-22 22:54:20] [INFO   ] [sqlalchemy.engine.Engine:1848] [AnyIO worker thread] - SELECT role.id AS role_id, role.organization_id AS role_organization_id, role.name AS role_name, role.description AS role_description, role.is_active AS role_is_active, role.created_at AS role_created_at, role.updated_at AS role_updated_at 
FROM role 
WHERE role.id IN (%(primary_keys_1)s::UUID)
[2026-08-22 22:54:20] [INFO   ] [sqlalchemy.engine.Engine:1848] [AnyIO worker thread] - [cached since 6179s ago] {'primary_keys_1': UUID('383616f5-e92b-4e2f-b4b7-1adb4d60eb5b')}
[2026-08-22 22:54:20] [INFO   ] [sqlalchemy.engine.Engine:1848] [AnyIO worker thread] - SELECT role_1.id AS role_1_id, permission.id AS permission_id, permission.code AS permission_code, permission.name AS permission_name, permission.module AS permission_module, permission.description AS permission_description, permission.is_active AS permission_is_active, permission.created_at AS permission_created_at, permission.updated_at AS permission_updated_at 
FROM role AS role_1 JOIN role_permission AS role_permission_1 ON role_1.id = role_permission_1.role_id JOIN permission ON permission.id = role_permission_1.permission_id 
WHERE role_1.id IN (%(primary_keys_1)s::UUID)
[2026-08-22 22:54:20] [INFO   ] [sqlalchemy.engine.Engine:1848] [AnyIO worker thread] - [cached since 6179s ago] {'primary_keys_1': UUID('383616f5-e92b-4e2f-b4b7-1adb4d60eb5b')}
[2026-08-22 22:54:20] [INFO   ] [sqlalchemy.engine.Engine:1848] [AnyIO worker thread] - SELECT customer.id, customer.organization_id, customer.contact_id, customer.person_type, customer.document, customer.name, customer.trade_name, customer.state_registration, customer.email, customer.phone, customer.address_street, customer.address_number, customer.address_neighborhood, customer.address_city, customer.address_state, customer.address_zip_code, customer.credit_limit, customer.is_active, customer.notes, customer.created_at, customer.updated_at 
FROM customer 
WHERE customer.organization_id = %(organization_id_1)s::UUID ORDER BY customer.name
[2026-08-22 22:54:20] [INFO   ] [sqlalchemy.engine.Engine:1848] [AnyIO worker thread] - [cached since 6145s ago] {'organization_id_1': UUID('2be91233-1ba4-41a4-9580-628fd013747e')}
[2026-08-22 22:54:20] [INFO   ] [controlb:74] [MainThread] - ⬅️ [HTTP OUT] GET /sales/customers -> Status 200 (12.49ms)
[2026-08-22 22:54:20] [INFO   ] [uvicorn.access:485] [MainThread] - 172.17.0.1:0 - "GET /sales/customers HTTP/1.1" 200
[2026-08-22 22:54:20] [INFO   ] [sqlalchemy.engine.Engine:2718] [AnyIO worker thread] - COMMIT
[2026-08-22 23:01:30] [INFO   ] [controlb:50] [MainThread] - 📋 Logging inicializado com sucesso a partir de 'C:\Users\jeffe\ControlB\_controlB\logging.conf'
[2026-08-22 23:01:31] [INFO   ] [sqlalchemy.engine.Engine:2712] [MainThread] - BEGIN (implicit)
[2026-08-22 23:01:31] [INFO   ] [sqlalchemy.engine.Engine:1848] [MainThread] - INSERT INTO organization (id, name, is_active, created_at, updated_at) VALUES (%(id)s::UUID, %(name)s::VARCHAR, %(is_active)s, %(created_at)s::TIMESTAMP WITH TIME ZONE, %(updated_at)s::TIMESTAMP WITH TIME ZONE)
[2026-08-22 23:01:31] [INFO   ] [sqlalchemy.engine.Engine:1848] [MainThread] - [generated in 0.00019s] {'id': UUID('c667f993-d656-4ae8-ac90-d006c3c67e44'), 'name': 'Matriz Teste 0067f9', 'is_active': True, 'created_at': datetime.datetime(2026, 8, 23, 2, 1, 31, 166326, tzinfo=datetime.timezone.utc), 'updated_at': datetime.datetime(2026, 8, 23, 2, 1, 31, 166328, tzinfo=datetime.timezone.utc)}
[2026-08-22 23:01:31] [INFO   ] [sqlalchemy.engine.Engine:2718] [MainThread] - COMMIT
[2026-08-22 23:01:31] [INFO   ] [sqlalchemy.engine.Engine:2712] [MainThread] - BEGIN (implicit)
[2026-08-22 23:01:31] [INFO   ] [sqlalchemy.engine.Engine:1848] [MainThread] - SELECT organization.id, organization.name, organization.is_active, organization.created_at, organization.updated_at 
FROM organization 
WHERE organization.id = %(pk_1)s::UUID
[2026-08-22 23:01:31] [INFO   ] [sqlalchemy.engine.Engine:1848] [MainThread] - [generated in 0.00012s] {'pk_1': UUID('c667f993-d656-4ae8-ac90-d006c3c67e44')}
[2026-08-22 23:01:31] [INFO   ] [sqlalchemy.engine.Engine:1848] [MainThread] - INSERT INTO "user" (id, organization_id, role_id, email, full_name, hashed_password, is_active, created_at, updated_at) VALUES (%(id)s::UUID, %(organization_id)s::UUID, %(role_id)s::UUID, %(email)s::VARCHAR, %(full_name)s::VARCHAR, %(hashed_password)s::VARCHAR, %(is_active)s, %(created_at)s::TIMESTAMP WITH TIME ZONE, %(updated_at)s::TIMESTAMP WITH TIME ZONE)
[2026-08-22 23:01:31] [INFO   ] [sqlalchemy.engine.Engine:1848] [MainThread] - [generated in 0.00017s] {'id': UUID('bbc26bfd-5729-48fb-a0a3-849a3e460059'), 'organization_id': UUID('c667f993-d656-4ae8-ac90-d006c3c67e44'), 'role_id': None, 'email': 'vendedor_e02350@empresa.com', 'full_name': 'Vendedor Teste', 'hashed_password': 'hash123', 'is_active': True, 'created_at': datetime.datetime(2026, 8, 23, 2, 1, 31, 180828, tzinfo=datetime.timezone.utc), 'updated_at': datetime.datetime(2026, 8, 23, 2, 1, 31, 180829, tzinfo=datetime.timezone.utc)}
[2026-08-22 23:01:31] [INFO   ] [sqlalchemy.engine.Engine:2718] [MainThread] - COMMIT
[2026-08-22 23:01:31] [INFO   ] [sqlalchemy.engine.Engine:2712] [MainThread] - BEGIN (implicit)
[2026-08-22 23:01:31] [INFO   ] [sqlalchemy.engine.Engine:1848] [MainThread] - SELECT "user".id, "user".organization_id, "user".role_id, "user".email, "user".full_name, "user".hashed_password, "user".is_active, "user".created_at, "user".updated_at 
FROM "user" 
WHERE "user".id = %(pk_1)s::UUID
[2026-08-22 23:01:31] [INFO   ] [sqlalchemy.engine.Engine:1848] [MainThread] - [generated in 0.00011s] {'pk_1': UUID('bbc26bfd-5729-48fb-a0a3-849a3e460059')}
[2026-08-22 23:01:31] [INFO   ] [sqlalchemy.engine.Engine:1848] [MainThread] - INSERT INTO contact (id, organization_id, full_name, email, phone, mobile, document, position, notes, is_active, created_at, updated_at) VALUES (%(id)s::UUID, %(organization_id)s::UUID, %(full_name)s::VARCHAR, %(email)s::VARCHAR, %(phone)s::VARCHAR, %(mobile)s::VARCHAR, %(document)s::VARCHAR, %(position)s::VARCHAR, %(notes)s::VARCHAR, %(is_active)s, %(created_at)s::TIMESTAMP WITH TIME ZONE, %(updated_at)s::TIMESTAMP WITH TIME ZONE)
[2026-08-22 23:01:31] [INFO   ] [sqlalchemy.engine.Engine:1848] [MainThread] - [generated in 0.00020s] {'id': UUID('e3ce286f-0deb-4aa1-af46-a5b66324cbd4'), 'organization_id': UUID('c667f993-d656-4ae8-ac90-d006c3c67e44'), 'full_name': 'Hospital São Lucas', 'email': 'compras@saolucas.com', 'phone': '11988887777', 'mobile': None, 'document': None, 'position': 'Contato Comercial (Lead)', 'notes': 'Origem Lead CRM: Prospecção Ativa', 'is_active': True, 'created_at': datetime.datetime(2026, 8, 23, 2, 1, 31, 190471, tzinfo=datetime.timezone.utc), 'updated_at': datetime.datetime(2026, 8, 23, 2, 1, 31, 190473, tzinfo=datetime.timezone.utc)}
[2026-08-22 23:01:31] [INFO   ] [sqlalchemy.engine.Engine:2718] [MainThread] - COMMIT
[2026-08-22 23:01:31] [INFO   ] [sqlalchemy.engine.Engine:2712] [MainThread] - BEGIN (implicit)
[2026-08-22 23:01:31] [INFO   ] [sqlalchemy.engine.Engine:1848] [MainThread] - SELECT contact.id, contact.organization_id, contact.full_name, contact.email, contact.phone, contact.mobile, contact.document, contact.position, contact.notes, contact.is_active, contact.created_at, contact.updated_at 
FROM contact 
WHERE contact.id = %(pk_1)s::UUID
[2026-08-22 23:01:31] [INFO   ] [sqlalchemy.engine.Engine:1848] [MainThread] - [generated in 0.00011s] {'pk_1': UUID('e3ce286f-0deb-4aa1-af46-a5b66324cbd4')}
[2026-08-22 23:01:31] [INFO   ] [sqlalchemy.engine.Engine:1848] [MainThread] - SELECT customer.id, customer.organization_id, customer.contact_id, customer.person_type, customer.document, customer.name, customer.trade_name, customer.state_registration, customer.email, customer.phone, customer.address_street, customer.address_number, customer.address_neighborhood, customer.address_city, customer.address_state, customer.address_zip_code, customer.credit_limit, customer.is_active, customer.notes, customer.created_at, customer.updated_at 
FROM customer 
WHERE customer.document = %(document_1)s::VARCHAR AND customer.organization_id = %(organization_id_1)s::UUID
[2026-08-22 23:01:31] [INFO   ] [sqlalchemy.engine.Engine:1848] [MainThread] - [generated in 0.00015s] {'document_1': 'LEAD-0C641AEC', 'organization_id_1': UUID('c667f993-d656-4ae8-ac90-d006c3c67e44')}
[2026-08-22 23:01:31] [INFO   ] [sqlalchemy.engine.Engine:1848] [MainThread] - INSERT INTO customer (id, organization_id, contact_id, person_type, document, name, trade_name, state_registration, email, phone, address_street, address_number, address_neighborhood, address_city, address_state, address_zip_code, credit_limit, is_active, notes, created_at, updated_at) VALUES (%(id)s::UUID, %(organization_id)s::UUID, %(contact_id)s::UUID, %(person_type)s::VARCHAR, %(document)s::VARCHAR, %(name)s::VARCHAR, %(trade_name)s::VARCHAR, %(state_registration)s::VARCHAR, %(email)s::VARCHAR, %(phone)s::VARCHAR, %(address_street)s::VARCHAR, %(address_number)s::VARCHAR, %(address_neighborhood)s::VARCHAR, %(address_city)s::VARCHAR, %(address_state)s::VARCHAR, %(address_zip_code)s::VARCHAR, %(credit_limit)s, %(is_active)s, %(notes)s::VARCHAR, %(created_at)s::TIMESTAMP WITH TIME ZONE, %(updated_at)s::TIMESTAMP WITH TIME ZONE)
[2026-08-22 23:01:31] [INFO   ] [sqlalchemy.engine.Engine:1848] [MainThread] - [generated in 0.00017s] {'id': UUID('2a0998b9-09e5-4251-bebc-f8d146f1ae5c'), 'organization_id': UUID('c667f993-d656-4ae8-ac90-d006c3c67e44'), 'contact_id': UUID('e3ce286f-0deb-4aa1-af46-a5b66324cbd4'), 'person_type': 'PJ', 'document': 'LEAD-0C641AEC', 'name': 'Rede São Lucas S.A.', 'trade_name': 'Hospital São Lucas', 'state_registration': None, 'email': 'compras@saolucas.com', 'phone': '11988887777', 'address_street': None, 'address_number': None, 'address_neighborhood': None, 'address_city': None, 'address_state': None, 'address_zip_code': None, 'credit_limit': Decimal('0.00'), 'is_active': True, 'notes': 'Criado automaticamente a partir de Lead CRM (Prospecção Ativa)', 'created_at': datetime.datetime(2026, 8, 23, 2, 1, 31, 206954, tzinfo=datetime.timezone.utc), 'updated_at': datetime.datetime(2026, 8, 23, 2, 1, 31, 206955, tzinfo=datetime.timezone.utc)}
[2026-08-22 23:01:31] [INFO   ] [sqlalchemy.engine.Engine:2718] [MainThread] - COMMIT
[2026-08-22 23:01:31] [INFO   ] [sqlalchemy.engine.Engine:2712] [MainThread] - BEGIN (implicit)
[2026-08-22 23:01:31] [INFO   ] [sqlalchemy.engine.Engine:1848] [MainThread] - SELECT customer.id, customer.organization_id, customer.contact_id, customer.person_type, customer.document, customer.name, customer.trade_name, customer.state_registration, customer.email, customer.phone, customer.address_street, customer.address_number, customer.address_neighborhood, customer.address_city, customer.address_state, customer.address_zip_code, customer.credit_limit, customer.is_active, customer.notes, customer.created_at, customer.updated_at 
FROM customer 
WHERE customer.id = %(pk_1)s::UUID
[2026-08-22 23:01:31] [INFO   ] [sqlalchemy.engine.Engine:1848] [MainThread] - [generated in 0.00011s] {'pk_1': UUID('2a0998b9-09e5-4251-bebc-f8d146f1ae5c')}
[2026-08-22 23:01:31] [INFO   ] [sqlalchemy.engine.Engine:1848] [MainThread] - INSERT INTO lead (id, organization_id, customer_id, name, company_name, email, phone, source, status, notes, assigned_to_id, created_at, updated_at) VALUES (%(id)s::UUID, %(organization_id)s::UUID, %(customer_id)s::UUID, %(name)s::VARCHAR, %(company_name)s::VARCHAR, %(email)s::VARCHAR, %(phone)s::VARCHAR, %(source)s::VARCHAR, %(status)s::VARCHAR, %(notes)s::VARCHAR, %(assigned_to_id)s::UUID, %(created_at)s::TIMESTAMP WITH TIME ZONE, %(updated_at)s::TIMESTAMP WITH TIME ZONE)
[2026-08-22 23:01:31] [INFO   ] [sqlalchemy.engine.Engine:1848] [MainThread] - [generated in 0.00015s] {'id': UUID('5b71db9b-c3d6-4e12-8a83-fca42eb12da9'), 'organization_id': UUID('c667f993-d656-4ae8-ac90-d006c3c67e44'), 'customer_id': UUID('2a0998b9-09e5-4251-bebc-f8d146f1ae5c'), 'name': 'Hospital São Lucas', 'company_name': 'Rede São Lucas S.A.', 'email': 'compras@saolucas.com', 'phone': '11988887777', 'source': 'Prospecção Ativa', 'status': 'QUALIFIED', 'notes': None, 'assigned_to_id': None, 'created_at': datetime.datetime(2026, 8, 23, 2, 1, 31, 214306, tzinfo=datetime.timezone.utc), 'updated_at': datetime.datetime(2026, 8, 23, 2, 1, 31, 214308, tzinfo=datetime.timezone.utc)}
[2026-08-22 23:01:31] [INFO   ] [sqlalchemy.engine.Engine:2718] [MainThread] - COMMIT
[2026-08-22 23:01:31] [INFO   ] [sqlalchemy.engine.Engine:2712] [MainThread] - BEGIN (implicit)
[2026-08-22 23:01:31] [INFO   ] [sqlalchemy.engine.Engine:1848] [MainThread] - SELECT lead.id, lead.organization_id, lead.customer_id, lead.name, lead.company_name, lead.email, lead.phone, lead.source, lead.status, lead.notes, lead.assigned_to_id, lead.created_at, lead.updated_at 
FROM lead 
WHERE lead.id = %(pk_1)s::UUID
[2026-08-22 23:01:31] [INFO   ] [sqlalchemy.engine.Engine:1848] [MainThread] - [generated in 0.00011s] {'pk_1': UUID('5b71db9b-c3d6-4e12-8a83-fca42eb12da9')}
[2026-08-22 23:01:31] [INFO   ] [sqlalchemy.engine.Engine:1848] [MainThread] - SELECT customer.id, customer.organization_id, customer.contact_id, customer.person_type, customer.document, customer.name, customer.trade_name, customer.state_registration, customer.email, customer.phone, customer.address_street, customer.address_number, customer.address_neighborhood, customer.address_city, customer.address_state, customer.address_zip_code, customer.credit_limit, customer.is_active, customer.notes, customer.created_at, customer.updated_at 
FROM customer 
WHERE customer.id = %(id_1)s::UUID AND customer.organization_id = %(organization_id_1)s::UUID
[2026-08-22 23:01:31] [INFO   ] [sqlalchemy.engine.Engine:1848] [MainThread] - [generated in 0.00011s] {'id_1': UUID('2a0998b9-09e5-4251-bebc-f8d146f1ae5c'), 'organization_id_1': UUID('c667f993-d656-4ae8-ac90-d006c3c67e44')}
[2026-08-22 23:01:31] [INFO   ] [sqlalchemy.engine.Engine:1848] [MainThread] - INSERT INTO opportunity (id, organization_id, lead_id, customer_id, contact_id, title, customer_name, estimated_amount, probability_percent, expected_closing_date, stage, loss_reason, assigned_to_id, created_at, updated_at) VALUES (%(id)s::UUID, %(organization_id)s::UUID, %(lead_id)s::UUID, %(customer_id)s::UUID, %(contact_id)s::UUID, %(title)s::VARCHAR, %(customer_name)s::VARCHAR, %(estimated_amount)s, %(probability_percent)s::INTEGER, %(expected_closing_date)s::DATE, %(stage)s::VARCHAR, %(loss_reason)s::VARCHAR, %(assigned_to_id)s::UUID, %(created_at)s::TIMESTAMP WITH TIME ZONE, %(updated_at)s::TIMESTAMP WITH TIME ZONE)
[2026-08-22 23:01:31] [INFO   ] [sqlalchemy.engine.Engine:1848] [MainThread] - [generated in 0.00017s] {'id': UUID('6eaf2358-6610-4600-8c71-23bb526d23b8'), 'organization_id': UUID('c667f993-d656-4ae8-ac90-d006c3c67e44'), 'lead_id': UUID('5b71db9b-c3d6-4e12-8a83-fca42eb12da9'), 'customer_id': UUID('2a0998b9-09e5-4251-bebc-f8d146f1ae5c'), 'contact_id': UUID('e3ce286f-0deb-4aa1-af46-a5b66324cbd4'), 'title': 'Fornecimento Mensal de Insumos', 'customer_name': 'Hospital São Lucas', 'estimated_amount': Decimal('50000.00'), 'probability_percent': 80, 'expected_closing_date': datetime.date(2026, 9, 6), 'stage': 'PROPOSAL', 'loss_reason': None, 'assigned_to_id': None, 'created_at': datetime.datetime(2026, 8, 23, 2, 1, 31, 225663, tzinfo=datetime.timezone.utc), 'updated_at': datetime.datetime(2026, 8, 23, 2, 1, 31, 225664, tzinfo=datetime.timezone.utc)}
[2026-08-22 23:01:31] [INFO   ] [sqlalchemy.engine.Engine:2718] [MainThread] - COMMIT
[2026-08-22 23:01:31] [INFO   ] [sqlalchemy.engine.Engine:2712] [MainThread] - BEGIN (implicit)
[2026-08-22 23:01:31] [INFO   ] [sqlalchemy.engine.Engine:1848] [MainThread] - SELECT opportunity.id, opportunity.organization_id, opportunity.lead_id, opportunity.customer_id, opportunity.contact_id, opportunity.title, opportunity.customer_name, opportunity.estimated_amount, opportunity.probability_percent, opportunity.expected_closing_date, opportunity.stage, opportunity.loss_reason, opportunity.assigned_to_id, opportunity.created_at, opportunity.updated_at 
FROM opportunity 
WHERE opportunity.id = %(pk_1)s::UUID
[2026-08-22 23:01:31] [INFO   ] [sqlalchemy.engine.Engine:1848] [MainThread] - [generated in 0.00011s] {'pk_1': UUID('6eaf2358-6610-4600-8c71-23bb526d23b8')}
[2026-08-22 23:01:31] [INFO   ] [sqlalchemy.engine.Engine:1848] [MainThread] - SELECT opportunity.id, opportunity.organization_id, opportunity.lead_id, opportunity.customer_id, opportunity.contact_id, opportunity.title, opportunity.customer_name, opportunity.estimated_amount, opportunity.probability_percent, opportunity.expected_closing_date, opportunity.stage, opportunity.loss_reason, opportunity.assigned_to_id, opportunity.created_at, opportunity.updated_at 
FROM opportunity 
WHERE opportunity.id = %(id_1)s::UUID AND opportunity.organization_id = %(organization_id_1)s::UUID
[2026-08-22 23:01:31] [INFO   ] [sqlalchemy.engine.Engine:1848] [MainThread] - [generated in 0.00011s] {'id_1': UUID('6eaf2358-6610-4600-8c71-23bb526d23b8'), 'organization_id_1': UUID('c667f993-d656-4ae8-ac90-d006c3c67e44')}
[2026-08-22 23:01:31] [INFO   ] [sqlalchemy.engine.Engine:1848] [MainThread] - UPDATE opportunity SET stage=%(stage)s::VARCHAR, updated_at=%(updated_at)s::TIMESTAMP WITH TIME ZONE WHERE opportunity.id = %(opportunity_id)s::UUID
[2026-08-22 23:01:31] [INFO   ] [sqlalchemy.engine.Engine:1848] [MainThread] - [generated in 0.00013s] {'stage': 'WON', 'updated_at': datetime.datetime(2026, 8, 23, 2, 1, 31, 237902, tzinfo=datetime.timezone.utc), 'opportunity_id': UUID('6eaf2358-6610-4600-8c71-23bb526d23b8')}
[2026-08-22 23:01:31] [INFO   ] [sqlalchemy.engine.Engine:2718] [MainThread] - COMMIT
[2026-08-22 23:01:31] [INFO   ] [sqlalchemy.engine.Engine:2712] [MainThread] - BEGIN (implicit)
[2026-08-22 23:01:31] [INFO   ] [sqlalchemy.engine.Engine:1848] [MainThread] - SELECT opportunity.id, opportunity.organization_id, opportunity.lead_id, opportunity.customer_id, opportunity.contact_id, opportunity.title, opportunity.customer_name, opportunity.estimated_amount, opportunity.probability_percent, opportunity.expected_closing_date, opportunity.stage, opportunity.loss_reason, opportunity.assigned_to_id, opportunity.created_at, opportunity.updated_at 
FROM opportunity 
WHERE opportunity.id = %(pk_1)s::UUID
[2026-08-22 23:01:31] [INFO   ] [sqlalchemy.engine.Engine:1848] [MainThread] - [cached since 0.007894s ago] {'pk_1': UUID('6eaf2358-6610-4600-8c71-23bb526d23b8')}
[2026-08-22 23:01:31] [INFO   ] [sqlalchemy.engine.Engine:2715] [MainThread] - ROLLBACK
[2026-08-22 23:01:31] [INFO   ] [sqlalchemy.engine.Engine:2712] [MainThread] - BEGIN (implicit)
[2026-08-22 23:01:31] [INFO   ] [sqlalchemy.engine.Engine:1848] [MainThread] - INSERT INTO organization (id, name, is_active, created_at, updated_at) VALUES (%(id)s::UUID, %(name)s::VARCHAR, %(is_active)s, %(created_at)s::TIMESTAMP WITH TIME ZONE, %(updated_at)s::TIMESTAMP WITH TIME ZONE)
[2026-08-22 23:01:31] [INFO   ] [sqlalchemy.engine.Engine:1848] [MainThread] - [cached since 0.07973s ago] {'id': UUID('e9888afe-819f-4e86-8a06-e2f61d4620e7'), 'name': 'Matriz Teste 37aa4a', 'is_active': True, 'created_at': datetime.datetime(2026, 8, 23, 2, 1, 31, 245901, tzinfo=datetime.timezone.utc), 'updated_at': datetime.datetime(2026, 8, 23, 2, 1, 31, 245902, tzinfo=datetime.timezone.utc)}
[2026-08-22 23:01:31] [INFO   ] [sqlalchemy.engine.Engine:2718] [MainThread] - COMMIT
[2026-08-22 23:01:31] [INFO   ] [sqlalchemy.engine.Engine:2712] [MainThread] - BEGIN (implicit)
[2026-08-22 23:01:31] [INFO   ] [sqlalchemy.engine.Engine:1848] [MainThread] - SELECT organization.id, organization.name, organization.is_active, organization.created_at, organization.updated_at 
FROM organization 
WHERE organization.id = %(pk_1)s::UUID
[2026-08-22 23:01:31] [INFO   ] [sqlalchemy.engine.Engine:1848] [MainThread] - [cached since 0.07307s ago] {'pk_1': UUID('e9888afe-819f-4e86-8a06-e2f61d4620e7')}
[2026-08-22 23:01:31] [INFO   ] [sqlalchemy.engine.Engine:1848] [MainThread] - SELECT crm_stage.id, crm_stage.organization_id, crm_stage.code, crm_stage.name, crm_stage.color, crm_stage."order", crm_stage.is_won, crm_stage.is_lost, crm_stage.is_system, crm_stage.created_at, crm_stage.updated_at 
FROM crm_stage 
WHERE crm_stage.organization_id = %(organization_id_1)s::UUID ORDER BY crm_stage."order" ASC, crm_stage.created_at ASC
[2026-08-22 23:01:31] [INFO   ] [sqlalchemy.engine.Engine:1848] [MainThread] - [generated in 0.00018s] {'organization_id_1': UUID('e9888afe-819f-4e86-8a06-e2f61d4620e7')}
[2026-08-22 23:01:31] [INFO   ] [sqlalchemy.engine.Engine:1848] [MainThread] - INSERT INTO crm_stage (id, organization_id, code, name, color, "order", is_won, is_lost, is_system, created_at, updated_at) VALUES (%(id)s::UUID, %(organization_id)s::UUID, %(code)s::VARCHAR, %(name)s::VARCHAR, %(color)s::VARCHAR, %(order)s::INTEGER, %(is_won)s, %(is_lost)s, %(is_system)s, %(created_at)s::TIMESTAMP WITH TIME ZONE, %(updated_at)s::TIMESTAMP WITH TIME ZONE)
[2026-08-22 23:01:31] [INFO   ] [sqlalchemy.engine.Engine:1848] [MainThread] - [generated in 0.00015s] {'id': UUID('47f44a49-2474-4a22-8fee-4923c0ca6f19'), 'organization_id': UUID('e9888afe-819f-4e86-8a06-e2f61d4620e7'), 'code': 'PROSPECTING', 'name': 'Prospecção', 'color': '#10b981', 'order': 0, 'is_won': False, 'is_lost': False, 'is_system': True, 'created_at': datetime.datetime(2026, 8, 23, 2, 1, 31, 258056, tzinfo=datetime.timezone.utc), 'updated_at': datetime.datetime(2026, 8, 23, 2, 1, 31, 258057, tzinfo=datetime.timezone.utc)}
[2026-08-22 23:01:31] [INFO   ] [sqlalchemy.engine.Engine:2718] [MainThread] - COMMIT
[2026-08-22 23:01:31] [INFO   ] [sqlalchemy.engine.Engine:2712] [MainThread] - BEGIN (implicit)
[2026-08-22 23:01:31] [INFO   ] [sqlalchemy.engine.Engine:1848] [MainThread] - SELECT crm_stage.id, crm_stage.organization_id, crm_stage.code, crm_stage.name, crm_stage.color, crm_stage."order", crm_stage.is_won, crm_stage.is_lost, crm_stage.is_system, crm_stage.created_at, crm_stage.updated_at 
FROM crm_stage 
WHERE crm_stage.id = %(pk_1)s::UUID
[2026-08-22 23:01:31] [INFO   ] [sqlalchemy.engine.Engine:1848] [MainThread] - [generated in 0.00011s] {'pk_1': UUID('47f44a49-2474-4a22-8fee-4923c0ca6f19')}
[2026-08-22 23:01:31] [INFO   ] [sqlalchemy.engine.Engine:1848] [MainThread] - INSERT INTO crm_stage (id, organization_id, code, name, color, "order", is_won, is_lost, is_system, created_at, updated_at) VALUES (%(id)s::UUID, %(organization_id)s::UUID, %(code)s::VARCHAR, %(name)s::VARCHAR, %(color)s::VARCHAR, %(order)s::INTEGER, %(is_won)s, %(is_lost)s, %(is_system)s, %(created_at)s::TIMESTAMP WITH TIME ZONE, %(updated_at)s::TIMESTAMP WITH TIME ZONE)
[2026-08-22 23:01:31] [INFO   ] [sqlalchemy.engine.Engine:1848] [MainThread] - [cached since 0.006915s ago] {'id': UUID('e1e66605-a51c-4449-a364-c7242903f68f'), 'organization_id': UUID('e9888afe-819f-4e86-8a06-e2f61d4620e7'), 'code': 'QUALIFICATION', 'name': 'Qualificação', 'color': '#3b82f6', 'order': 1, 'is_won': False, 'is_lost': False, 'is_system': True, 'created_at': datetime.datetime(2026, 8, 23, 2, 1, 31, 264838, tzinfo=datetime.timezone.utc), 'updated_at': datetime.datetime(2026, 8, 23, 2, 1, 31, 264839, tzinfo=datetime.timezone.utc)}
[2026-08-22 23:01:31] [INFO   ] [sqlalchemy.engine.Engine:2718] [MainThread] - COMMIT
[2026-08-22 23:01:31] [INFO   ] [sqlalchemy.engine.Engine:2712] [MainThread] - BEGIN (implicit)
[2026-08-22 23:01:31] [INFO   ] [sqlalchemy.engine.Engine:1848] [MainThread] - SELECT crm_stage.id, crm_stage.organization_id, crm_stage.code, crm_stage.name, crm_stage.color, crm_stage."order", crm_stage.is_won, crm_stage.is_lost, crm_stage.is_system, crm_stage.created_at, crm_stage.updated_at 
FROM crm_stage 
WHERE crm_stage.id = %(pk_1)s::UUID
[2026-08-22 23:01:31] [INFO   ] [sqlalchemy.engine.Engine:1848] [MainThread] - [cached since 0.004637s ago] {'pk_1': UUID('e1e66605-a51c-4449-a364-c7242903f68f')}
[2026-08-22 23:01:31] [INFO   ] [sqlalchemy.engine.Engine:1848] [MainThread] - INSERT INTO crm_stage (id, organization_id, code, name, color, "order", is_won, is_lost, is_system, created_at, updated_at) VALUES (%(id)s::UUID, %(organization_id)s::UUID, %(code)s::VARCHAR, %(name)s::VARCHAR, %(color)s::VARCHAR, %(order)s::INTEGER, %(is_won)s, %(is_lost)s, %(is_system)s, %(created_at)s::TIMESTAMP WITH TIME ZONE, %(updated_at)s::TIMESTAMP WITH TIME ZONE)
[2026-08-22 23:01:31] [INFO   ] [sqlalchemy.engine.Engine:1848] [MainThread] - [cached since 0.01132s ago] {'id': UUID('19674f8e-e3ab-48c7-80df-ec6d2a497fae'), 'organization_id': UUID('e9888afe-819f-4e86-8a06-e2f61d4620e7'), 'code': 'PROPOSAL', 'name': 'Proposta Comercial', 'color': '#f59e0b', 'order': 2, 'is_won': False, 'is_lost': False, 'is_system': True, 'created_at': datetime.datetime(2026, 8, 23, 2, 1, 31, 269220, tzinfo=datetime.timezone.utc), 'updated_at': datetime.datetime(2026, 8, 23, 2, 1, 31, 269221, tzinfo=datetime.timezone.utc)}
[2026-08-22 23:01:31] [INFO   ] [sqlalchemy.engine.Engine:2718] [MainThread] - COMMIT
[2026-08-22 23:01:31] [INFO   ] [sqlalchemy.engine.Engine:2712] [MainThread] - BEGIN (implicit)
[2026-08-22 23:01:31] [INFO   ] [sqlalchemy.engine.Engine:1848] [MainThread] - SELECT crm_stage.id, crm_stage.organization_id, crm_stage.code, crm_stage.name, crm_stage.color, crm_stage."order", crm_stage.is_won, crm_stage.is_lost, crm_stage.is_system, crm_stage.created_at, crm_stage.updated_at 
FROM crm_stage 
WHERE crm_stage.id = %(pk_1)s::UUID
[2026-08-22 23:01:31] [INFO   ] [sqlalchemy.engine.Engine:1848] [MainThread] - [cached since 0.00897s ago] {'pk_1': UUID('19674f8e-e3ab-48c7-80df-ec6d2a497fae')}
[2026-08-22 23:01:31] [INFO   ] [sqlalchemy.engine.Engine:1848] [MainThread] - INSERT INTO crm_stage (id, organization_id, code, name, color, "order", is_won, is_lost, is_system, created_at, updated_at) VALUES (%(id)s::UUID, %(organization_id)s::UUID, %(code)s::VARCHAR, %(name)s::VARCHAR, %(color)s::VARCHAR, %(order)s::INTEGER, %(is_won)s, %(is_lost)s, %(is_system)s, %(created_at)s::TIMESTAMP WITH TIME ZONE, %(updated_at)s::TIMESTAMP WITH TIME ZONE)
[2026-08-22 23:01:31] [INFO   ] [sqlalchemy.engine.Engine:1848] [MainThread] - [cached since 0.01562s ago] {'id': UUID('1ff40b73-6053-494d-adf3-16ee7950c82c'), 'organization_id': UUID('e9888afe-819f-4e86-8a06-e2f61d4620e7'), 'code': 'NEGOTIATION', 'name': 'Negociação', 'color': '#8b5cf6', 'order': 3, 'is_won': False, 'is_lost': False, 'is_system': True, 'created_at': datetime.datetime(2026, 8, 23, 2, 1, 31, 273550, tzinfo=datetime.timezone.utc), 'updated_at': datetime.datetime(2026, 8, 23, 2, 1, 31, 273551, tzinfo=datetime.timezone.utc)}
[2026-08-22 23:01:31] [INFO   ] [sqlalchemy.engine.Engine:2718] [MainThread] - COMMIT
[2026-08-22 23:01:31] [INFO   ] [sqlalchemy.engine.Engine:2712] [MainThread] - BEGIN (implicit)
[2026-08-22 23:01:31] [INFO   ] [sqlalchemy.engine.Engine:1848] [MainThread] - SELECT crm_stage.id, crm_stage.organization_id, crm_stage.code, crm_stage.name, crm_stage.color, crm_stage."order", crm_stage.is_won, crm_stage.is_lost, crm_stage.is_system, crm_stage.created_at, crm_stage.updated_at 
FROM crm_stage 
WHERE crm_stage.id = %(pk_1)s::UUID
[2026-08-22 23:01:31] [INFO   ] [sqlalchemy.engine.Engine:1848] [MainThread] - [cached since 0.01346s ago] {'pk_1': UUID('1ff40b73-6053-494d-adf3-16ee7950c82c')}
[2026-08-22 23:01:31] [INFO   ] [sqlalchemy.engine.Engine:1848] [MainThread] - INSERT INTO crm_stage (id, organization_id, code, name, color, "order", is_won, is_lost, is_system, created_at, updated_at) VALUES (%(id)s::UUID, %(organization_id)s::UUID, %(code)s::VARCHAR, %(name)s::VARCHAR, %(color)s::VARCHAR, %(order)s::INTEGER, %(is_won)s, %(is_lost)s, %(is_system)s, %(created_at)s::TIMESTAMP WITH TIME ZONE, %(updated_at)s::TIMESTAMP WITH TIME ZONE)
[2026-08-22 23:01:31] [INFO   ] [sqlalchemy.engine.Engine:1848] [MainThread] - [cached since 0.02042s ago] {'id': UUID('8d03fb61-772b-4f7f-94a0-206e71240ebb'), 'organization_id': UUID('e9888afe-819f-4e86-8a06-e2f61d4620e7'), 'code': 'WON', 'name': 'Ganho / Fechado', 'color': '#10b981', 'order': 4, 'is_won': True, 'is_lost': False, 'is_system': True, 'created_at': datetime.datetime(2026, 8, 23, 2, 1, 31, 278328, tzinfo=datetime.timezone.utc), 'updated_at': datetime.datetime(2026, 8, 23, 2, 1, 31, 278330, tzinfo=datetime.timezone.utc)}
[2026-08-22 23:01:31] [INFO   ] [sqlalchemy.engine.Engine:2718] [MainThread] - COMMIT
[2026-08-22 23:01:31] [INFO   ] [sqlalchemy.engine.Engine:2712] [MainThread] - BEGIN (implicit)
[2026-08-22 23:01:31] [INFO   ] [sqlalchemy.engine.Engine:1848] [MainThread] - SELECT crm_stage.id, crm_stage.organization_id, crm_stage.code, crm_stage.name, crm_stage.color, crm_stage."order", crm_stage.is_won, crm_stage.is_lost, crm_stage.is_system, crm_stage.created_at, crm_stage.updated_at 
FROM crm_stage 
WHERE crm_stage.id = %(pk_1)s::UUID
[2026-08-22 23:01:31] [INFO   ] [sqlalchemy.engine.Engine:1848] [MainThread] - [cached since 0.0183s ago] {'pk_1': UUID('8d03fb61-772b-4f7f-94a0-206e71240ebb')}
[2026-08-22 23:01:31] [INFO   ] [sqlalchemy.engine.Engine:1848] [MainThread] - INSERT INTO crm_stage (id, organization_id, code, name, color, "order", is_won, is_lost, is_system, created_at, updated_at) VALUES (%(id)s::UUID, %(organization_id)s::UUID, %(code)s::VARCHAR, %(name)s::VARCHAR, %(color)s::VARCHAR, %(order)s::INTEGER, %(is_won)s, %(is_lost)s, %(is_system)s, %(created_at)s::TIMESTAMP WITH TIME ZONE, %(updated_at)s::TIMESTAMP WITH TIME ZONE)
[2026-08-22 23:01:31] [INFO   ] [sqlalchemy.engine.Engine:1848] [MainThread] - [cached since 0.02496s ago] {'id': UUID('17cf1d56-debe-43f9-907d-eb84e2ff3957'), 'organization_id': UUID('e9888afe-819f-4e86-8a06-e2f61d4620e7'), 'code': 'LOST', 'name': 'Perdido', 'color': '#ef4444', 'order': 5, 'is_won': False, 'is_lost': True, 'is_system': True, 'created_at': datetime.datetime(2026, 8, 23, 2, 1, 31, 282876, tzinfo=datetime.timezone.utc), 'updated_at': datetime.datetime(2026, 8, 23, 2, 1, 31, 282877, tzinfo=datetime.timezone.utc)}
[2026-08-22 23:01:31] [INFO   ] [sqlalchemy.engine.Engine:2718] [MainThread] - COMMIT
[2026-08-22 23:01:31] [INFO   ] [sqlalchemy.engine.Engine:2712] [MainThread] - BEGIN (implicit)
[2026-08-22 23:01:31] [INFO   ] [sqlalchemy.engine.Engine:1848] [MainThread] - SELECT crm_stage.id, crm_stage.organization_id, crm_stage.code, crm_stage.name, crm_stage.color, crm_stage."order", crm_stage.is_won, crm_stage.is_lost, crm_stage.is_system, crm_stage.created_at, crm_stage.updated_at 
FROM crm_stage 
WHERE crm_stage.id = %(pk_1)s::UUID
[2026-08-22 23:01:31] [INFO   ] [sqlalchemy.engine.Engine:1848] [MainThread] - [cached since 0.02304s ago] {'pk_1': UUID('17cf1d56-debe-43f9-907d-eb84e2ff3957')}
[2026-08-22 23:01:31] [INFO   ] [sqlalchemy.engine.Engine:1848] [MainThread] - SELECT crm_stage.id, crm_stage.organization_id, crm_stage.code, crm_stage.name, crm_stage.color, crm_stage."order", crm_stage.is_won, crm_stage.is_lost, crm_stage.is_system, crm_stage.created_at, crm_stage.updated_at 
FROM crm_stage 
WHERE crm_stage.organization_id = %(organization_id_1)s::UUID ORDER BY crm_stage."order" ASC, crm_stage.created_at ASC
[2026-08-22 23:01:31] [INFO   ] [sqlalchemy.engine.Engine:1848] [MainThread] - [cached since 0.03649s ago] {'organization_id_1': UUID('e9888afe-819f-4e86-8a06-e2f61d4620e7')}
[2026-08-22 23:01:31] [INFO   ] [sqlalchemy.engine.Engine:1848] [MainThread] - SELECT crm_stage.id, crm_stage.organization_id, crm_stage.code, crm_stage.name, crm_stage.color, crm_stage."order", crm_stage.is_won, crm_stage.is_lost, crm_stage.is_system, crm_stage.created_at, crm_stage.updated_at 
FROM crm_stage 
WHERE crm_stage.code = %(code_1)s::VARCHAR AND crm_stage.organization_id = %(organization_id_1)s::UUID
[2026-08-22 23:01:31] [INFO   ] [sqlalchemy.engine.Engine:1848] [MainThread] - [generated in 0.00011s] {'code_1': 'TECHNICAL_ANALYSIS', 'organization_id_1': UUID('e9888afe-819f-4e86-8a06-e2f61d4620e7')}
[2026-08-22 23:01:31] [INFO   ] [sqlalchemy.engine.Engine:1848] [MainThread] - SELECT crm_stage.id, crm_stage.organization_id, crm_stage.code, crm_stage.name, crm_stage.color, crm_stage."order", crm_stage.is_won, crm_stage.is_lost, crm_stage.is_system, crm_stage.created_at, crm_stage.updated_at 
FROM crm_stage 
WHERE crm_stage.organization_id = %(organization_id_1)s::UUID ORDER BY crm_stage."order" ASC, crm_stage.created_at ASC
[2026-08-22 23:01:31] [INFO   ] [sqlalchemy.engine.Engine:1848] [MainThread] - [cached since 0.03874s ago] {'organization_id_1': UUID('e9888afe-819f-4e86-8a06-e2f61d4620e7')}
[2026-08-22 23:01:31] [INFO   ] [sqlalchemy.engine.Engine:1848] [MainThread] - INSERT INTO crm_stage (id, organization_id, code, name, color, "order", is_won, is_lost, is_system, created_at, updated_at) VALUES (%(id)s::UUID, %(organization_id)s::UUID, %(code)s::VARCHAR, %(name)s::VARCHAR, %(color)s::VARCHAR, %(order)s::INTEGER, %(is_won)s, %(is_lost)s, %(is_system)s, %(created_at)s::TIMESTAMP WITH TIME ZONE, %(updated_at)s::TIMESTAMP WITH TIME ZONE)
[2026-08-22 23:01:31] [INFO   ] [sqlalchemy.engine.Engine:1848] [MainThread] - [cached since 0.03323s ago] {'id': UUID('56a2c768-0a4b-4415-b3f5-97158a5d034f'), 'organization_id': UUID('e9888afe-819f-4e86-8a06-e2f61d4620e7'), 'code': 'TECHNICAL_ANALYSIS', 'name': 'Análise Técnica', 'color': '#ec4899', 'order': 2, 'is_won': False, 'is_lost': False, 'is_system': False, 'created_at': datetime.datetime(2026, 8, 23, 2, 1, 31, 291158, tzinfo=datetime.timezone.utc), 'updated_at': datetime.datetime(2026, 8, 23, 2, 1, 31, 291159, tzinfo=datetime.timezone.utc)}
[2026-08-22 23:01:31] [INFO   ] [sqlalchemy.engine.Engine:2718] [MainThread] - COMMIT
[2026-08-22 23:01:31] [INFO   ] [sqlalchemy.engine.Engine:2712] [MainThread] - BEGIN (implicit)
[2026-08-22 23:01:31] [INFO   ] [sqlalchemy.engine.Engine:1848] [MainThread] - SELECT crm_stage.id, crm_stage.organization_id, crm_stage.code, crm_stage.name, crm_stage.color, crm_stage."order", crm_stage.is_won, crm_stage.is_lost, crm_stage.is_system, crm_stage.created_at, crm_stage.updated_at 
FROM crm_stage 
WHERE crm_stage.id = %(pk_1)s::UUID
[2026-08-22 23:01:31] [INFO   ] [sqlalchemy.engine.Engine:1848] [MainThread] - [cached since 0.03108s ago] {'pk_1': UUID('56a2c768-0a4b-4415-b3f5-97158a5d034f')}
[2026-08-22 23:01:31] [INFO   ] [sqlalchemy.engine.Engine:1848] [MainThread] - SELECT crm_stage.id, crm_stage.organization_id, crm_stage.code, crm_stage.name, crm_stage.color, crm_stage."order", crm_stage.is_won, crm_stage.is_lost, crm_stage.is_system, crm_stage.created_at, crm_stage.updated_at 
FROM crm_stage 
WHERE crm_stage.id = %(id_1)s::UUID AND crm_stage.organization_id = %(organization_id_1)s::UUID
[2026-08-22 23:01:31] [INFO   ] [sqlalchemy.engine.Engine:1848] [MainThread] - [generated in 0.00012s] {'id_1': UUID('56a2c768-0a4b-4415-b3f5-97158a5d034f'), 'organization_id_1': UUID('e9888afe-819f-4e86-8a06-e2f61d4620e7')}
[2026-08-22 23:01:31] [INFO   ] [sqlalchemy.engine.Engine:1848] [MainThread] - UPDATE crm_stage SET name=%(name)s::VARCHAR, updated_at=%(updated_at)s::TIMESTAMP WITH TIME ZONE WHERE crm_stage.id = %(crm_stage_id)s::UUID
[2026-08-22 23:01:31] [INFO   ] [sqlalchemy.engine.Engine:1848] [MainThread] - [generated in 0.00013s] {'name': 'Análise Técnica e Laboratorial', 'updated_at': datetime.datetime(2026, 8, 23, 2, 1, 31, 297055, tzinfo=datetime.timezone.utc), 'crm_stage_id': UUID('56a2c768-0a4b-4415-b3f5-97158a5d034f')}
[2026-08-22 23:01:31] [INFO   ] [sqlalchemy.engine.Engine:2718] [MainThread] - COMMIT
[2026-08-22 23:01:31] [INFO   ] [sqlalchemy.engine.Engine:2712] [MainThread] - BEGIN (implicit)
[2026-08-22 23:01:31] [INFO   ] [sqlalchemy.engine.Engine:1848] [MainThread] - SELECT crm_stage.id, crm_stage.organization_id, crm_stage.code, crm_stage.name, crm_stage.color, crm_stage."order", crm_stage.is_won, crm_stage.is_lost, crm_stage.is_system, crm_stage.created_at, crm_stage.updated_at 
FROM crm_stage 
WHERE crm_stage.id = %(pk_1)s::UUID
[2026-08-22 23:01:31] [INFO   ] [sqlalchemy.engine.Engine:1848] [MainThread] - [cached since 0.03683s ago] {'pk_1': UUID('56a2c768-0a4b-4415-b3f5-97158a5d034f')}
[2026-08-22 23:01:31] [INFO   ] [sqlalchemy.engine.Engine:1848] [MainThread] - SELECT crm_stage.id, crm_stage.organization_id, crm_stage.code, crm_stage.name, crm_stage.color, crm_stage."order", crm_stage.is_won, crm_stage.is_lost, crm_stage.is_system, crm_stage.created_at, crm_stage.updated_at 
FROM crm_stage 
WHERE crm_stage.id = %(id_1)s::UUID AND crm_stage.organization_id = %(organization_id_1)s::UUID
[2026-08-22 23:01:31] [INFO   ] [sqlalchemy.engine.Engine:1848] [MainThread] - [cached since 0.005581s ago] {'id_1': UUID('56a2c768-0a4b-4415-b3f5-97158a5d034f'), 'organization_id_1': UUID('e9888afe-819f-4e86-8a06-e2f61d4620e7')}
[2026-08-22 23:01:31] [INFO   ] [sqlalchemy.engine.Engine:1848] [MainThread] - SELECT count(opportunity.id) AS count_1 
FROM opportunity 
WHERE opportunity.organization_id = %(organization_id_1)s::UUID AND opportunity.stage = %(stage_1)s::VARCHAR
[2026-08-22 23:01:31] [INFO   ] [sqlalchemy.engine.Engine:1848] [MainThread] - [generated in 0.00011s] {'organization_id_1': UUID('e9888afe-819f-4e86-8a06-e2f61d4620e7'), 'stage_1': 'TECHNICAL_ANALYSIS'}
[2026-08-22 23:01:31] [INFO   ] [sqlalchemy.engine.Engine:1848] [MainThread] - DELETE FROM crm_stage WHERE crm_stage.id = %(id)s::UUID
[2026-08-22 23:01:31] [INFO   ] [sqlalchemy.engine.Engine:1848] [MainThread] - [generated in 0.00011s] {'id': UUID('56a2c768-0a4b-4415-b3f5-97158a5d034f')}
[2026-08-22 23:01:31] [INFO   ] [sqlalchemy.engine.Engine:2718] [MainThread] - COMMIT
[2026-08-22 23:01:31] [INFO   ] [sqlalchemy.engine.Engine:2712] [MainThread] - BEGIN (implicit)
[2026-08-22 23:01:31] [INFO   ] [sqlalchemy.engine.Engine:1848] [MainThread] - INSERT INTO organization (id, name, is_active, created_at, updated_at) VALUES (%(id)s::UUID, %(name)s::VARCHAR, %(is_active)s, %(created_at)s::TIMESTAMP WITH TIME ZONE, %(updated_at)s::TIMESTAMP WITH TIME ZONE)
[2026-08-22 23:01:31] [INFO   ] [sqlalchemy.engine.Engine:1848] [MainThread] - [cached since 0.1425s ago] {'id': UUID('e132fa3f-e658-45d6-9109-4d3149c77f31'), 'name': 'Matriz Teste 7e6bfc', 'is_active': True, 'created_at': datetime.datetime(2026, 8, 23, 2, 1, 31, 308641, tzinfo=datetime.timezone.utc), 'updated_at': datetime.datetime(2026, 8, 23, 2, 1, 31, 308643, tzinfo=datetime.timezone.utc)}
[2026-08-22 23:01:31] [INFO   ] [sqlalchemy.engine.Engine:2718] [MainThread] - COMMIT
[2026-08-22 23:01:31] [INFO   ] [sqlalchemy.engine.Engine:2712] [MainThread] - BEGIN (implicit)
[2026-08-22 23:01:31] [INFO   ] [sqlalchemy.engine.Engine:1848] [MainThread] - SELECT organization.id, organization.name, organization.is_active, organization.created_at, organization.updated_at 
FROM organization 
WHERE organization.id = %(pk_1)s::UUID
[2026-08-22 23:01:31] [INFO   ] [sqlalchemy.engine.Engine:1848] [MainThread] - [cached since 0.1359s ago] {'pk_1': UUID('e132fa3f-e658-45d6-9109-4d3149c77f31')}
[2026-08-22 23:01:31] [INFO   ] [sqlalchemy.engine.Engine:1848] [MainThread] - INSERT INTO "user" (id, organization_id, role_id, email, full_name, hashed_password, is_active, created_at, updated_at) VALUES (%(id)s::UUID, %(organization_id)s::UUID, %(role_id)s::UUID, %(email)s::VARCHAR, %(full_name)s::VARCHAR, %(hashed_password)s::VARCHAR, %(is_active)s, %(created_at)s::TIMESTAMP WITH TIME ZONE, %(updated_at)s::TIMESTAMP WITH TIME ZONE)
[2026-08-22 23:01:31] [INFO   ] [sqlalchemy.engine.Engine:1848] [MainThread] - [cached since 0.133s ago] {'id': UUID('4e08fffc-bd8a-47f9-9678-36a82ae4ee55'), 'organization_id': UUID('e132fa3f-e658-45d6-9109-4d3149c77f31'), 'role_id': None, 'email': 'vendedor_99fbaa@empresa.com', 'full_name': 'Vendedor Teste', 'hashed_password': 'hash123', 'is_active': True, 'created_at': datetime.datetime(2026, 8, 23, 2, 1, 31, 313665, tzinfo=datetime.timezone.utc), 'updated_at': datetime.datetime(2026, 8, 23, 2, 1, 31, 313667, tzinfo=datetime.timezone.utc)}
[2026-08-22 23:01:31] [INFO   ] [sqlalchemy.engine.Engine:2718] [MainThread] - COMMIT
[2026-08-22 23:01:31] [INFO   ] [sqlalchemy.engine.Engine:2712] [MainThread] - BEGIN (implicit)
[2026-08-22 23:01:31] [INFO   ] [sqlalchemy.engine.Engine:1848] [MainThread] - SELECT "user".id, "user".organization_id, "user".role_id, "user".email, "user".full_name, "user".hashed_password, "user".is_active, "user".created_at, "user".updated_at 
FROM "user" 
WHERE "user".id = %(pk_1)s::UUID
[2026-08-22 23:01:31] [INFO   ] [sqlalchemy.engine.Engine:1848] [MainThread] - [cached since 0.129s ago] {'pk_1': UUID('4e08fffc-bd8a-47f9-9678-36a82ae4ee55')}
[2026-08-22 23:01:31] [INFO   ] [sqlalchemy.engine.Engine:1848] [MainThread] - INSERT INTO product_category (id, organization_id, name, code, description, is_active, created_at, updated_at) VALUES (%(id)s::UUID, %(organization_id)s::UUID, %(name)s::VARCHAR, %(code)s::VARCHAR, %(description)s::VARCHAR, %(is_active)s, %(created_at)s::TIMESTAMP WITH TIME ZONE, %(updated_at)s::TIMESTAMP WITH TIME ZONE)
[2026-08-22 23:01:31] [INFO   ] [sqlalchemy.engine.Engine:1848] [MainThread] - [generated in 0.00016s] {'id': UUID('515466b6-50e0-43dd-87e9-ddaf1303df12'), 'organization_id': UUID('e132fa3f-e658-45d6-9109-4d3149c77f31'), 'name': 'Cat_c531', 'code': 'CA23', 'description': None, 'is_active': True, 'created_at': datetime.datetime(2026, 8, 23, 2, 1, 31, 318764, tzinfo=datetime.timezone.utc), 'updated_at': datetime.datetime(2026, 8, 23, 2, 1, 31, 318766, tzinfo=datetime.timezone.utc)}
[2026-08-22 23:01:31] [INFO   ] [sqlalchemy.engine.Engine:2718] [MainThread] - COMMIT
[2026-08-22 23:01:31] [INFO   ] [sqlalchemy.engine.Engine:2712] [MainThread] - BEGIN (implicit)
[2026-08-22 23:01:31] [INFO   ] [sqlalchemy.engine.Engine:1848] [MainThread] - SELECT product_category.id, product_category.organization_id, product_category.name, product_category.code, product_category.description, product_category.is_active, product_category.created_at, product_category.updated_at 
FROM product_category 
WHERE product_category.id = %(pk_1)s::UUID
[2026-08-22 23:01:31] [INFO   ] [sqlalchemy.engine.Engine:1848] [MainThread] - [generated in 0.00011s] {'pk_1': UUID('515466b6-50e0-43dd-87e9-ddaf1303df12')}
[2026-08-22 23:01:31] [INFO   ] [sqlalchemy.engine.Engine:1848] [MainThread] - INSERT INTO product (id, organization_id, category_id, sku, name, description, unit_of_measure, reference_price, cost_price, sale_price, external_code, brand, barcode, ncm, is_perishable, requires_batch, shelf_life_days, current_stock, min_stock, max_stock, storage_location, is_active, created_at, updated_at) VALUES (%(id)s::UUID, %(organization_id)s::UUID, %(category_id)s::UUID, %(sku)s::VARCHAR, %(name)s::VARCHAR, %(description)s::VARCHAR, %(unit_of_measure)s::VARCHAR, %(reference_price)s, %(cost_price)s, %(sale_price)s, %(external_code)s::VARCHAR, %(brand)s::VARCHAR, %(barcode)s::VARCHAR, %(ncm)s::VARCHAR, %(is_perishable)s, %(requires_batch)s, %(shelf_life_days)s::INTEGER, %(current_stock)s, %(min_stock)s, %(max_stock)s, %(storage_location)s::VARCHAR, %(is_active)s, %(created_at)s::TIMESTAMP WITH TIME ZONE, %(updated_at)s::TIMESTAMP WITH TIME ZONE)
[2026-08-22 23:01:31] [INFO   ] [sqlalchemy.engine.Engine:1848] [MainThread] - [generated in 0.00019s] {'id': UUID('caf4c7b2-f796-475c-b090-f4db7984a262'), 'organization_id': UUID('e132fa3f-e658-45d6-9109-4d3149c77f31'), 'category_id': UUID('515466b6-50e0-43dd-87e9-ddaf1303df12'), 'sku': 'SKU-4A7F34', 'name': 'Dipirona 500mg', 'description': None, 'unit_of_measure': 'UN', 'reference_price': Decimal('12.50'), 'cost_price': Decimal('0.0000'), 'sale_price': Decimal('0.0000'), 'external_code': None, 'brand': None, 'barcode': None, 'ncm': None, 'is_perishable': False, 'requires_batch': False, 'shelf_life_days': None, 'current_stock': Decimal('100'), 'min_stock': Decimal('10'), 'max_stock': Decimal('200'), 'storage_location': None, 'is_active': True, 'created_at': datetime.datetime(2026, 8, 23, 2, 1, 31, 329181, tzinfo=datetime.timezone.utc), 'updated_at': datetime.datetime(2026, 8, 23, 2, 1, 31, 329183, tzinfo=datetime.timezone.utc)}
[2026-08-22 23:01:31] [INFO   ] [sqlalchemy.engine.Engine:2718] [MainThread] - COMMIT
[2026-08-22 23:01:31] [INFO   ] [sqlalchemy.engine.Engine:2712] [MainThread] - BEGIN (implicit)
[2026-08-22 23:01:31] [INFO   ] [sqlalchemy.engine.Engine:1848] [MainThread] - SELECT product.id, product.organization_id, product.category_id, product.sku, product.name, product.description, product.unit_of_measure, product.reference_price, product.cost_price, product.sale_price, product.external_code, product.brand, product.barcode, product.ncm, product.is_perishable, product.requires_batch, product.shelf_life_days, product.current_stock, product.min_stock, product.max_stock, product.storage_location, product.is_active, product.created_at, product.updated_at 
FROM product 
WHERE product.id = %(pk_1)s::UUID
[2026-08-22 23:01:31] [INFO   ] [sqlalchemy.engine.Engine:1848] [MainThread] - [generated in 0.00011s] {'pk_1': UUID('caf4c7b2-f796-475c-b090-f4db7984a262')}
[2026-08-22 23:01:31] [INFO   ] [sqlalchemy.engine.Engine:1848] [MainThread] - SELECT product.id, product.organization_id, product.category_id, product.sku, product.name, product.description, product.unit_of_measure, product.reference_price, product.cost_price, product.sale_price, product.external_code, product.brand, product.barcode, product.ncm, product.is_perishable, product.requires_batch, product.shelf_life_days, product.current_stock, product.min_stock, product.max_stock, product.storage_location, product.is_active, product.created_at, product.updated_at 
FROM product 
WHERE product.id = %(id_1)s::UUID AND product.organization_id = %(organization_id_1)s::UUID
[2026-08-22 23:01:31] [INFO   ] [sqlalchemy.engine.Engine:1848] [MainThread] - [generated in 0.00015s] {'id_1': UUID('caf4c7b2-f796-475c-b090-f4db7984a262'), 'organization_id_1': UUID('e132fa3f-e658-45d6-9109-4d3149c77f31')}
[2026-08-22 23:01:31] [INFO   ] [sqlalchemy.engine.Engine:1848] [MainThread] - SELECT product_category.id AS product_category_id, product_category.organization_id AS product_category_organization_id, product_category.name AS product_category_name, product_category.code AS product_category_code, product_category.description AS product_category_description, product_category.is_active AS product_category_is_active, product_category.created_at AS product_category_created_at, product_category.updated_at AS product_category_updated_at 
FROM product_category 
WHERE product_category.id IN (%(primary_keys_1)s::UUID)
[2026-08-22 23:01:31] [INFO   ] [sqlalchemy.engine.Engine:1848] [MainThread] - [generated in 0.00015s] {'primary_keys_1': UUID('515466b6-50e0-43dd-87e9-ddaf1303df12')}
[2026-08-22 23:01:31] [INFO   ] [sqlalchemy.engine.Engine:1848] [MainThread] - SELECT business_document.id, business_document.organization_id, business_document.document_type, business_document.native_id, business_document.document_number, business_document.current_status, business_document.issued_at, business_document.created_by_id, business_document.created_at, business_document.updated_at 
FROM business_document 
WHERE business_document.organization_id = %(organization_id_1)s::UUID AND business_document.document_type = %(document_type_1)s::VARCHAR AND business_document.native_id = %(native_id_1)s::UUID
[2026-08-22 23:01:31] [INFO   ] [sqlalchemy.engine.Engine:1848] [MainThread] - [generated in 0.00012s] {'organization_id_1': UUID('e132fa3f-e658-45d6-9109-4d3149c77f31'), 'document_type_1': 'SALES_QUOTE', 'native_id_1': UUID('946dd8f3-5de3-44e1-95ba-82427257acbb')}
[2026-08-22 23:01:31] [INFO   ] [sqlalchemy.engine.Engine:1848] [MainThread] - INSERT INTO business_document (id, organization_id, document_type, native_id, document_number, current_status, issued_at, created_by_id, created_at, updated_at) VALUES (%(id)s::UUID, %(organization_id)s::UUID, %(document_type)s::VARCHAR, %(native_id)s::UUID, %(document_number)s::VARCHAR, %(current_status)s::VARCHAR, %(issued_at)s::TIMESTAMP WITH TIME ZONE, %(created_by_id)s::UUID, %(created_at)s::TIMESTAMP WITH TIME ZONE, %(updated_at)s::TIMESTAMP WITH TIME ZONE)
[2026-08-22 23:01:31] [INFO   ] [sqlalchemy.engine.Engine:1848] [MainThread] - [generated in 0.00015s] {'id': UUID('f87dab51-2ffc-41f8-9ab5-e44c0d7cb603'), 'organization_id': UUID('e132fa3f-e658-45d6-9109-4d3149c77f31'), 'document_type': 'SALES_QUOTE', 'native_id': UUID('946dd8f3-5de3-44e1-95ba-82427257acbb'), 'document_number': 'ORC-20260822-779B', 'current_status': 'DRAFT', 'issued_at': None, 'created_by_id': UUID('4e08fffc-bd8a-47f9-9678-36a82ae4ee55'), 'created_at': datetime.datetime(2026, 8, 23, 2, 1, 31, 352431, tzinfo=datetime.timezone.utc), 'updated_at': datetime.datetime(2026, 8, 23, 2, 1, 31, 352433, tzinfo=datetime.timezone.utc)}
[2026-08-22 23:01:31] [INFO   ] [sqlalchemy.engine.Engine:1848] [MainThread] - INSERT INTO sales_quote (id, organization_id, customer_id, opportunity_id, document_id, quote_number, customer_name, customer_document, customer_email, customer_phone, total_amount, discount_amount, net_amount, payment_terms, valid_until, status, notes, created_by_id, created_at, updated_at) VALUES (%(id)s::UUID, %(organization_id)s::UUID, %(customer_id)s::UUID, %(opportunity_id)s::UUID, %(document_id)s::UUID, %(quote_number)s::VARCHAR, %(customer_name)s::VARCHAR, %(customer_document)s::VARCHAR, %(customer_email)s::VARCHAR, %(customer_phone)s::VARCHAR, %(total_amount)s, %(discount_amount)s, %(net_amount)s, %(payment_terms)s::VARCHAR, %(valid_until)s::DATE, %(status)s::VARCHAR, %(notes)s::VARCHAR, %(created_by_id)s::UUID, %(created_at)s::TIMESTAMP WITH TIME ZONE, %(updated_at)s::TIMESTAMP WITH TIME ZONE)
[2026-08-22 23:01:31] [INFO   ] [sqlalchemy.engine.Engine:1848] [MainThread] - [generated in 0.00016s] {'id': UUID('946dd8f3-5de3-44e1-95ba-82427257acbb'), 'organization_id': UUID('e132fa3f-e658-45d6-9109-4d3149c77f31'), 'customer_id': None, 'opportunity_id': None, 'document_id': UUID('f87dab51-2ffc-41f8-9ab5-e44c0d7cb603'), 'quote_number': 'ORC-20260822-779B', 'customer_name': 'Clínica Santa Maria', 'customer_document': '22.333.444/0001-55', 'customer_email': None, 'customer_phone': None, 'total_amount': Decimal('250.00'), 'discount_amount': Decimal('10.00'), 'net_amount': Decimal('240.00'), 'payment_terms': 'À Vista', 'valid_until': datetime.date(2026, 9, 1), 'status': 'DRAFT', 'notes': None, 'created_by_id': UUID('4e08fffc-bd8a-47f9-9678-36a82ae4ee55'), 'created_at': datetime.datetime(2026, 8, 23, 2, 1, 31, 356372, tzinfo=datetime.timezone.utc), 'updated_at': datetime.datetime(2026, 8, 23, 2, 1, 31, 356374, tzinfo=datetime.timezone.utc)}
[2026-08-22 23:01:31] [INFO   ] [sqlalchemy.engine.Engine:1848] [MainThread] - INSERT INTO sales_quote_item (id, quote_id, product_id, quantity, unit_price, discount_amount, total_price, notes) VALUES (%(id)s::UUID, %(quote_id)s::UUID, %(product_id)s::UUID, %(quantity)s, %(unit_price)s, %(discount_amount)s, %(total_price)s, %(notes)s::VARCHAR)
[2026-08-22 23:01:31] [INFO   ] [sqlalchemy.engine.Engine:1848] [MainThread] - [generated in 0.00014s] {'id': UUID('023c1b7c-afb2-42d3-a7c2-f0ce53fb1ad5'), 'quote_id': UUID('946dd8f3-5de3-44e1-95ba-82427257acbb'), 'product_id': UUID('caf4c7b2-f796-475c-b090-f4db7984a262'), 'quantity': Decimal('20'), 'unit_price': Decimal('12.50'), 'discount_amount': Decimal('10.00'), 'total_price': Decimal('240.00'), 'notes': None}
[2026-08-22 23:01:31] [INFO   ] [sqlalchemy.engine.Engine:1848] [MainThread] - SELECT sales_quote.id, sales_quote.organization_id, sales_quote.customer_id, sales_quote.opportunity_id, sales_quote.document_id, sales_quote.quote_number, sales_quote.customer_name, sales_quote.customer_document, sales_quote.customer_email, sales_quote.customer_phone, sales_quote.total_amount, sales_quote.discount_amount, sales_quote.net_amount, sales_quote.payment_terms, sales_quote.valid_until, sales_quote.status, sales_quote.notes, sales_quote.created_by_id, sales_quote.created_at, sales_quote.updated_at 
FROM sales_quote 
WHERE sales_quote.id = %(pk_1)s::UUID
[2026-08-22 23:01:31] [INFO   ] [sqlalchemy.engine.Engine:1848] [MainThread] - [generated in 0.00011s] {'pk_1': UUID('946dd8f3-5de3-44e1-95ba-82427257acbb')}
[2026-08-22 23:01:31] [INFO   ] [sqlalchemy.engine.Engine:1848] [MainThread] - SELECT sales_quote_item.id AS sales_quote_item_id, sales_quote_item.quote_id AS sales_quote_item_quote_id, sales_quote_item.product_id AS sales_quote_item_product_id, sales_quote_item.quantity AS sales_quote_item_quantity, sales_quote_item.unit_price AS sales_quote_item_unit_price, sales_quote_item.discount_amount AS sales_quote_item_discount_amount, sales_quote_item.total_price AS sales_quote_item_total_price, sales_quote_item.notes AS sales_quote_item_notes 
FROM sales_quote_item 
WHERE %(param_1)s::UUID = sales_quote_item.quote_id
[2026-08-22 23:01:31] [INFO   ] [sqlalchemy.engine.Engine:1848] [MainThread] - [generated in 0.00012s] {'param_1': UUID('946dd8f3-5de3-44e1-95ba-82427257acbb')}
[2026-08-22 23:01:31] [INFO   ] [sqlalchemy.engine.Engine:1848] [MainThread] - SELECT document_event.id, document_event.organization_id, document_event.document_id, document_event.event_type, document_event.previous_status, document_event.new_status, document_event.event_metadata, document_event.idempotency_key, document_event.created_by_id, document_event.created_at 
FROM document_event 
WHERE document_event.organization_id = %(organization_id_1)s::UUID AND document_event.idempotency_key = %(idempotency_key_1)s::VARCHAR
[2026-08-22 23:01:31] [INFO   ] [sqlalchemy.engine.Engine:1848] [MainThread] - [generated in 0.00011s] {'organization_id_1': UUID('e132fa3f-e658-45d6-9109-4d3149c77f31'), 'idempotency_key_1': 'sales-quote:946dd8f3-5de3-44e1-95ba-82427257acbb:created'}
[2026-08-22 23:01:31] [INFO   ] [sqlalchemy.engine.Engine:1848] [MainThread] - UPDATE business_document SET issued_at=%(issued_at)s::TIMESTAMP WITH TIME ZONE, updated_at=%(updated_at)s::TIMESTAMP WITH TIME ZONE WHERE business_document.id = %(business_document_id)s::UUID
[2026-08-22 23:01:31] [INFO   ] [sqlalchemy.engine.Engine:1848] [MainThread] - [generated in 0.00013s] {'issued_at': datetime.datetime(2026, 8, 23, 2, 1, 31, 356372, tzinfo=datetime.timezone.utc), 'updated_at': datetime.datetime(2026, 8, 23, 2, 1, 31, 375524, tzinfo=datetime.timezone.utc), 'business_document_id': UUID('f87dab51-2ffc-41f8-9ab5-e44c0d7cb603')}
[2026-08-22 23:01:31] [INFO   ] [sqlalchemy.engine.Engine:1848] [MainThread] - INSERT INTO document_event (id, organization_id, document_id, event_type, previous_status, new_status, event_metadata, idempotency_key, created_by_id, created_at) VALUES (%(id)s::UUID, %(organization_id)s::UUID, %(document_id)s::UUID, %(event_type)s::VARCHAR, %(previous_status)s::VARCHAR, %(new_status)s::VARCHAR, %(event_metadata)s::JSON, %(idempotency_key)s::VARCHAR, %(created_by_id)s::UUID, %(created_at)s::TIMESTAMP WITH TIME ZONE)
[2026-08-22 23:01:31] [INFO   ] [sqlalchemy.engine.Engine:1848] [MainThread] - [generated in 0.00017s] {'id': UUID('2f3824ea-ebed-4410-8b23-7c47b02b1659'), 'organization_id': UUID('e132fa3f-e658-45d6-9109-4d3149c77f31'), 'document_id': UUID('f87dab51-2ffc-41f8-9ab5-e44c0d7cb603'), 'event_type': 'CREATED', 'previous_status': None, 'new_status': 'DRAFT', 'event_metadata': Json({}), 'idempotency_key': 'sales-quote:946dd8f3-5de3-44e1-95ba-82427257acbb:created', 'created_by_id': UUID('4e08fffc-bd8a-47f9-9678-36a82ae4ee55'), 'created_at': datetime.datetime(2026, 8, 23, 2, 1, 31, 379269, tzinfo=datetime.timezone.utc)}
[2026-08-22 23:01:31] [INFO   ] [sqlalchemy.engine.Engine:1848] [MainThread] - SELECT product.id, product.organization_id, product.category_id, product.sku, product.name, product.description, product.unit_of_measure, product.reference_price, product.cost_price, product.sale_price, product.external_code, product.brand, product.barcode, product.ncm, product.is_perishable, product.requires_batch, product.shelf_life_days, product.current_stock, product.min_stock, product.max_stock, product.storage_location, product.is_active, product.created_at, product.updated_at 
FROM product 
WHERE product.id = %(id_1)s::UUID AND product.organization_id = %(organization_id_1)s::UUID
[2026-08-22 23:01:31] [INFO   ] [sqlalchemy.engine.Engine:1848] [MainThread] - [cached since 0.04049s ago] {'id_1': UUID('caf4c7b2-f796-475c-b090-f4db7984a262'), 'organization_id_1': UUID('e132fa3f-e658-45d6-9109-4d3149c77f31')}
[2026-08-22 23:01:31] [INFO   ] [sqlalchemy.engine.Engine:1848] [MainThread] - SELECT product_category.id AS product_category_id, product_category.organization_id AS product_category_organization_id, product_category.name AS product_category_name, product_category.code AS product_category_code, product_category.description AS product_category_description, product_category.is_active AS product_category_is_active, product_category.created_at AS product_category_created_at, product_category.updated_at AS product_category_updated_at 
FROM product_category 
WHERE product_category.id IN (%(primary_keys_1)s::UUID)
[2026-08-22 23:01:31] [INFO   ] [sqlalchemy.engine.Engine:1848] [MainThread] - [cached since 0.03964s ago] {'primary_keys_1': UUID('515466b6-50e0-43dd-87e9-ddaf1303df12')}
[2026-08-22 23:01:31] [INFO   ] [sqlalchemy.engine.Engine:1848] [MainThread] - SELECT business_document.id, business_document.organization_id, business_document.document_type, business_document.native_id, business_document.document_number, business_document.current_status, business_document.issued_at, business_document.created_by_id, business_document.created_at, business_document.updated_at 
FROM business_document 
WHERE business_document.organization_id = %(organization_id_1)s::UUID AND business_document.document_type = %(document_type_1)s::VARCHAR AND business_document.native_id = %(native_id_1)s::UUID
[2026-08-22 23:01:31] [INFO   ] [sqlalchemy.engine.Engine:1848] [MainThread] - [cached since 0.03904s ago] {'organization_id_1': UUID('e132fa3f-e658-45d6-9109-4d3149c77f31'), 'document_type_1': 'SALES_ORDER', 'native_id_1': UUID('f9834b61-9f57-4329-ab01-acda6c452116')}
[2026-08-22 23:01:31] [INFO   ] [sqlalchemy.engine.Engine:1848] [MainThread] - INSERT INTO business_document (id, organization_id, document_type, native_id, document_number, current_status, issued_at, created_by_id, created_at, updated_at) VALUES (%(id)s::UUID, %(organization_id)s::UUID, %(document_type)s::VARCHAR, %(native_id)s::UUID, %(document_number)s::VARCHAR, %(current_status)s::VARCHAR, %(issued_at)s::TIMESTAMP WITH TIME ZONE, %(created_by_id)s::UUID, %(created_at)s::TIMESTAMP WITH TIME ZONE, %(updated_at)s::TIMESTAMP WITH TIME ZONE)
[2026-08-22 23:01:31] [INFO   ] [sqlalchemy.engine.Engine:1848] [MainThread] - [cached since 0.03331s ago] {'id': UUID('68dcd3f9-a068-492a-9ef0-7382bb399374'), 'organization_id': UUID('e132fa3f-e658-45d6-9109-4d3149c77f31'), 'document_type': 'SALES_ORDER', 'native_id': UUID('f9834b61-9f57-4329-ab01-acda6c452116'), 'document_number': 'PED-20260822-350C', 'current_status': 'CONFIRMED', 'issued_at': None, 'created_by_id': UUID('4e08fffc-bd8a-47f9-9678-36a82ae4ee55'), 'created_at': datetime.datetime(2026, 8, 23, 2, 1, 31, 385608, tzinfo=datetime.timezone.utc), 'updated_at': datetime.datetime(2026, 8, 23, 2, 1, 31, 385610, tzinfo=datetime.timezone.utc)}
[2026-08-22 23:01:31] [INFO   ] [sqlalchemy.engine.Engine:1848] [MainThread] - INSERT INTO sales_order (id, organization_id, customer_id, sales_quote_id, opportunity_id, document_id, order_number, customer_name, customer_document, total_amount, discount_amount, net_amount, payment_terms, delivery_status, billing_status, status, notes, created_by_id, created_at, updated_at) VALUES (%(id)s::UUID, %(organization_id)s::UUID, %(customer_id)s::UUID, %(sales_quote_id)s::UUID, %(opportunity_id)s::UUID, %(document_id)s::UUID, %(order_number)s::VARCHAR, %(customer_name)s::VARCHAR, %(customer_document)s::VARCHAR, %(total_amount)s, %(discount_amount)s, %(net_amount)s, %(payment_terms)s::VARCHAR, %(delivery_status)s::VARCHAR, %(billing_status)s::VARCHAR, %(status)s::VARCHAR, %(notes)s::VARCHAR, %(created_by_id)s::UUID, %(created_at)s::TIMESTAMP WITH TIME ZONE, %(updated_at)s::TIMESTAMP WITH TIME ZONE)
[2026-08-22 23:01:31] [INFO   ] [sqlalchemy.engine.Engine:1848] [MainThread] - [generated in 0.00015s] {'id': UUID('f9834b61-9f57-4329-ab01-acda6c452116'), 'organization_id': UUID('e132fa3f-e658-45d6-9109-4d3149c77f31'), 'customer_id': None, 'sales_quote_id': None, 'opportunity_id': None, 'document_id': UUID('68dcd3f9-a068-492a-9ef0-7382bb399374'), 'order_number': 'PED-20260822-350C', 'customer_name': 'Clínica Santa Maria', 'customer_document': '22.333.444/0001-55', 'total_amount': Decimal('600.00'), 'discount_amount': Decimal('0.00'), 'net_amount': Decimal('600.00'), 'payment_terms': '30 dias', 'delivery_status': 'PENDING', 'billing_status': 'PENDING', 'status': 'CONFIRMED', 'notes': None, 'created_by_id': UUID('4e08fffc-bd8a-47f9-9678-36a82ae4ee55'), 'created_at': datetime.datetime(2026, 8, 23, 2, 1, 31, 387249, tzinfo=datetime.timezone.utc), 'updated_at': datetime.datetime(2026, 8, 23, 2, 1, 31, 387251, tzinfo=datetime.timezone.utc)}
[2026-08-22 23:01:31] [INFO   ] [sqlalchemy.engine.Engine:1848] [MainThread] - INSERT INTO sales_order_item (id, sales_order_id, product_id, quantity, unit_price, discount_amount, total_price, notes) VALUES (%(id)s::UUID, %(sales_order_id)s::UUID, %(product_id)s::UUID, %(quantity)s, %(unit_price)s, %(discount_amount)s, %(total_price)s, %(notes)s::VARCHAR)
[2026-08-22 23:01:31] [INFO   ] [sqlalchemy.engine.Engine:1848] [MainThread] - [generated in 0.00014s] {'id': UUID('b7dbdb36-ea37-41b4-891e-9509fccea512'), 'sales_order_id': UUID('f9834b61-9f57-4329-ab01-acda6c452116'), 'product_id': UUID('caf4c7b2-f796-475c-b090-f4db7984a262'), 'quantity': Decimal('50'), 'unit_price': Decimal('12.00'), 'discount_amount': Decimal('0.00'), 'total_price': Decimal('600.00'), 'notes': None}
[2026-08-22 23:01:31] [INFO   ] [sqlalchemy.engine.Engine:1848] [MainThread] - SELECT sales_order.id, sales_order.organization_id, sales_order.customer_id, sales_order.sales_quote_id, sales_order.opportunity_id, sales_order.document_id, sales_order.order_number, sales_order.customer_name, sales_order.customer_document, sales_order.total_amount, sales_order.discount_amount, sales_order.net_amount, sales_order.payment_terms, sales_order.delivery_status, sales_order.billing_status, sales_order.status, sales_order.notes, sales_order.created_by_id, sales_order.created_at, sales_order.updated_at 
FROM sales_order 
WHERE sales_order.id = %(pk_1)s::UUID
[2026-08-22 23:01:31] [INFO   ] [sqlalchemy.engine.Engine:1848] [MainThread] - [generated in 0.00012s] {'pk_1': UUID('f9834b61-9f57-4329-ab01-acda6c452116')}
[2026-08-22 23:01:31] [INFO   ] [sqlalchemy.engine.Engine:1848] [MainThread] - SELECT sales_order_item.id AS sales_order_item_id, sales_order_item.sales_order_id AS sales_order_item_sales_order_id, sales_order_item.product_id AS sales_order_item_product_id, sales_order_item.quantity AS sales_order_item_quantity, sales_order_item.unit_price AS sales_order_item_unit_price, sales_order_item.discount_amount AS sales_order_item_discount_amount, sales_order_item.total_price AS sales_order_item_total_price, sales_order_item.notes AS sales_order_item_notes 
FROM sales_order_item 
WHERE %(param_1)s::UUID = sales_order_item.sales_order_id
[2026-08-22 23:01:31] [INFO   ] [sqlalchemy.engine.Engine:1848] [MainThread] - [generated in 0.00013s] {'param_1': UUID('f9834b61-9f57-4329-ab01-acda6c452116')}
[2026-08-22 23:01:31] [INFO   ] [sqlalchemy.engine.Engine:1848] [MainThread] - SELECT document_event.id, document_event.organization_id, document_event.document_id, document_event.event_type, document_event.previous_status, document_event.new_status, document_event.event_metadata, document_event.idempotency_key, document_event.created_by_id, document_event.created_at 
FROM document_event 
WHERE document_event.organization_id = %(organization_id_1)s::UUID AND document_event.idempotency_key = %(idempotency_key_1)s::VARCHAR
[2026-08-22 23:01:31] [INFO   ] [sqlalchemy.engine.Engine:1848] [MainThread] - [cached since 0.03373s ago] {'organization_id_1': UUID('e132fa3f-e658-45d6-9109-4d3149c77f31'), 'idempotency_key_1': 'sales-order:f9834b61-9f57-4329-ab01-acda6c452116:created'}
[2026-08-22 23:01:31] [INFO   ] [sqlalchemy.engine.Engine:1848] [MainThread] - UPDATE business_document SET issued_at=%(issued_at)s::TIMESTAMP WITH TIME ZONE, updated_at=%(updated_at)s::TIMESTAMP WITH TIME ZONE WHERE business_document.id = %(business_document_id)s::UUID
[2026-08-22 23:01:31] [INFO   ] [sqlalchemy.engine.Engine:1848] [MainThread] - [cached since 0.02988s ago] {'issued_at': datetime.datetime(2026, 8, 23, 2, 1, 31, 387249, tzinfo=datetime.timezone.utc), 'updated_at': datetime.datetime(2026, 8, 23, 2, 1, 31, 405284, tzinfo=datetime.timezone.utc), 'business_document_id': UUID('68dcd3f9-a068-492a-9ef0-7382bb399374')}
[2026-08-22 23:01:31] [INFO   ] [sqlalchemy.engine.Engine:1848] [MainThread] - INSERT INTO document_event (id, organization_id, document_id, event_type, previous_status, new_status, event_metadata, idempotency_key, created_by_id, created_at) VALUES (%(id)s::UUID, %(organization_id)s::UUID, %(document_id)s::UUID, %(event_type)s::VARCHAR, %(previous_status)s::VARCHAR, %(new_status)s::VARCHAR, %(event_metadata)s::JSON, %(idempotency_key)s::VARCHAR, %(created_by_id)s::UUID, %(created_at)s::TIMESTAMP WITH TIME ZONE)
[2026-08-22 23:01:31] [INFO   ] [sqlalchemy.engine.Engine:1848] [MainThread] - [cached since 0.02709s ago] {'id': UUID('0a027b39-b5bf-43e2-9828-c7e659ea7a7e'), 'organization_id': UUID('e132fa3f-e658-45d6-9109-4d3149c77f31'), 'document_id': UUID('68dcd3f9-a068-492a-9ef0-7382bb399374'), 'event_type': 'CREATED', 'previous_status': None, 'new_status': 'CONFIRMED', 'event_metadata': Json({'origin': 'DIRECT'}), 'idempotency_key': 'sales-order:f9834b61-9f57-4329-ab01-acda6c452116:created', 'created_by_id': UUID('4e08fffc-bd8a-47f9-9678-36a82ae4ee55'), 'created_at': datetime.datetime(2026, 8, 23, 2, 1, 31, 406219, tzinfo=datetime.timezone.utc)}
[2026-08-22 23:01:31] [INFO   ] [sqlalchemy.engine.Engine:2715] [MainThread] - ROLLBACK
[2026-08-22 23:01:31] [INFO   ] [sqlalchemy.engine.Engine:2712] [MainThread] - BEGIN (implicit)
[2026-08-22 23:01:31] [INFO   ] [sqlalchemy.engine.Engine:1848] [MainThread] - INSERT INTO organization (id, name, is_active, created_at, updated_at) VALUES (%(id)s::UUID, %(name)s::VARCHAR, %(is_active)s, %(created_at)s::TIMESTAMP WITH TIME ZONE, %(updated_at)s::TIMESTAMP WITH TIME ZONE)
[2026-08-22 23:01:31] [INFO   ] [sqlalchemy.engine.Engine:1848] [MainThread] - [cached since 0.2438s ago] {'id': UUID('74ff6903-81f3-445c-8a4c-43c933219ca0'), 'name': 'Matriz Teste 66899d', 'is_active': True, 'created_at': datetime.datetime(2026, 8, 23, 2, 1, 31, 410008, tzinfo=datetime.timezone.utc), 'updated_at': datetime.datetime(2026, 8, 23, 2, 1, 31, 410009, tzinfo=datetime.timezone.utc)}
[2026-08-22 23:01:31] [INFO   ] [sqlalchemy.engine.Engine:2718] [MainThread] - COMMIT
[2026-08-22 23:01:31] [INFO   ] [sqlalchemy.engine.Engine:2712] [MainThread] - BEGIN (implicit)
[2026-08-22 23:01:31] [INFO   ] [sqlalchemy.engine.Engine:1848] [MainThread] - SELECT organization.id, organization.name, organization.is_active, organization.created_at, organization.updated_at 
FROM organization 
WHERE organization.id = %(pk_1)s::UUID
[2026-08-22 23:01:31] [INFO   ] [sqlalchemy.engine.Engine:1848] [MainThread] - [cached since 0.2377s ago] {'pk_1': UUID('74ff6903-81f3-445c-8a4c-43c933219ca0')}
[2026-08-22 23:01:31] [INFO   ] [sqlalchemy.engine.Engine:1848] [MainThread] - INSERT INTO "user" (id, organization_id, role_id, email, full_name, hashed_password, is_active, created_at, updated_at) VALUES (%(id)s::UUID, %(organization_id)s::UUID, %(role_id)s::UUID, %(email)s::VARCHAR, %(full_name)s::VARCHAR, %(hashed_password)s::VARCHAR, %(is_active)s, %(created_at)s::TIMESTAMP WITH TIME ZONE, %(updated_at)s::TIMESTAMP WITH TIME ZONE)
[2026-08-22 23:01:31] [INFO   ] [sqlalchemy.engine.Engine:1848] [MainThread] - [cached since 0.2348s ago] {'id': UUID('32548633-f5fb-4e02-b7dc-6cc09d903c6d'), 'organization_id': UUID('74ff6903-81f3-445c-8a4c-43c933219ca0'), 'role_id': None, 'email': 'vendedor_714d3f@empresa.com', 'full_name': 'Vendedor Teste', 'hashed_password': 'hash123', 'is_active': True, 'created_at': datetime.datetime(2026, 8, 23, 2, 1, 31, 415460, tzinfo=datetime.timezone.utc), 'updated_at': datetime.datetime(2026, 8, 23, 2, 1, 31, 415462, tzinfo=datetime.timezone.utc)}
[2026-08-22 23:01:31] [INFO   ] [sqlalchemy.engine.Engine:2718] [MainThread] - COMMIT
[2026-08-22 23:01:31] [INFO   ] [sqlalchemy.engine.Engine:2712] [MainThread] - BEGIN (implicit)
[2026-08-22 23:01:31] [INFO   ] [sqlalchemy.engine.Engine:1848] [MainThread] - SELECT "user".id, "user".organization_id, "user".role_id, "user".email, "user".full_name, "user".hashed_password, "user".is_active, "user".created_at, "user".updated_at 
FROM "user" 
WHERE "user".id = %(pk_1)s::UUID
[2026-08-22 23:01:31] [INFO   ] [sqlalchemy.engine.Engine:1848] [MainThread] - [cached since 0.2304s ago] {'pk_1': UUID('32548633-f5fb-4e02-b7dc-6cc09d903c6d')}
[2026-08-22 23:01:31] [INFO   ] [sqlalchemy.engine.Engine:1848] [MainThread] - INSERT INTO product_category (id, organization_id, name, code, description, is_active, created_at, updated_at) VALUES (%(id)s::UUID, %(organization_id)s::UUID, %(name)s::VARCHAR, %(code)s::VARCHAR, %(description)s::VARCHAR, %(is_active)s, %(created_at)s::TIMESTAMP WITH TIME ZONE, %(updated_at)s::TIMESTAMP WITH TIME ZONE)
[2026-08-22 23:01:31] [INFO   ] [sqlalchemy.engine.Engine:1848] [MainThread] - [cached since 0.1011s ago] {'id': UUID('dade4002-b28a-4b96-8334-7b2219047484'), 'organization_id': UUID('74ff6903-81f3-445c-8a4c-43c933219ca0'), 'name': 'Cat_ae1e', 'code': 'CC5A', 'description': None, 'is_active': True, 'created_at': datetime.datetime(2026, 8, 23, 2, 1, 31, 419763, tzinfo=datetime.timezone.utc), 'updated_at': datetime.datetime(2026, 8, 23, 2, 1, 31, 419764, tzinfo=datetime.timezone.utc)}
[2026-08-22 23:01:31] [INFO   ] [sqlalchemy.engine.Engine:2718] [MainThread] - COMMIT
[2026-08-22 23:01:31] [INFO   ] [sqlalchemy.engine.Engine:2712] [MainThread] - BEGIN (implicit)
[2026-08-22 23:01:31] [INFO   ] [sqlalchemy.engine.Engine:1848] [MainThread] - SELECT product_category.id, product_category.organization_id, product_category.name, product_category.code, product_category.description, product_category.is_active, product_category.created_at, product_category.updated_at 
FROM product_category 
WHERE product_category.id = %(pk_1)s::UUID
[2026-08-22 23:01:31] [INFO   ] [sqlalchemy.engine.Engine:1848] [MainThread] - [cached since 0.09598s ago] {'pk_1': UUID('dade4002-b28a-4b96-8334-7b2219047484')}
[2026-08-22 23:01:31] [INFO   ] [sqlalchemy.engine.Engine:1848] [MainThread] - INSERT INTO product (id, organization_id, category_id, sku, name, description, unit_of_measure, reference_price, cost_price, sale_price, external_code, brand, barcode, ncm, is_perishable, requires_batch, shelf_life_days, current_stock, min_stock, max_stock, storage_location, is_active, created_at, updated_at) VALUES (%(id)s::UUID, %(organization_id)s::UUID, %(category_id)s::UUID, %(sku)s::VARCHAR, %(name)s::VARCHAR, %(description)s::VARCHAR, %(unit_of_measure)s::VARCHAR, %(reference_price)s, %(cost_price)s, %(sale_price)s, %(external_code)s::VARCHAR, %(brand)s::VARCHAR, %(barcode)s::VARCHAR, %(ncm)s::VARCHAR, %(is_perishable)s, %(requires_batch)s, %(shelf_life_days)s::INTEGER, %(current_stock)s, %(min_stock)s, %(max_stock)s, %(storage_location)s::VARCHAR, %(is_active)s, %(created_at)s::TIMESTAMP WITH TIME ZONE, %(updated_at)s::TIMESTAMP WITH TIME ZONE)
[2026-08-22 23:01:31] [INFO   ] [sqlalchemy.engine.Engine:1848] [MainThread] - [cached since 0.0949s ago] {'id': UUID('bd552cc0-15dd-486e-a091-256f1ebf753a'), 'organization_id': UUID('74ff6903-81f3-445c-8a4c-43c933219ca0'), 'category_id': UUID('dade4002-b28a-4b96-8334-7b2219047484'), 'sku': 'SKU-4F211B', 'name': 'Dipirona 500mg', 'description': None, 'unit_of_measure': 'UN', 'reference_price': Decimal('12.50'), 'cost_price': Decimal('0.0000'), 'sale_price': Decimal('0.0000'), 'external_code': None, 'brand': None, 'barcode': None, 'ncm': None, 'is_perishable': False, 'requires_batch': False, 'shelf_life_days': None, 'current_stock': Decimal('100'), 'min_stock': Decimal('10'), 'max_stock': Decimal('200'), 'storage_location': None, 'is_active': True, 'created_at': datetime.datetime(2026, 8, 23, 2, 1, 31, 423936, tzinfo=datetime.timezone.utc), 'updated_at': datetime.datetime(2026, 8, 23, 2, 1, 31, 423937, tzinfo=datetime.timezone.utc)}
[2026-08-22 23:01:31] [INFO   ] [sqlalchemy.engine.Engine:2718] [MainThread] - COMMIT
[2026-08-22 23:01:31] [INFO   ] [sqlalchemy.engine.Engine:2712] [MainThread] - BEGIN (implicit)
[2026-08-22 23:01:31] [INFO   ] [sqlalchemy.engine.Engine:1848] [MainThread] - SELECT product.id, product.organization_id, product.category_id, product.sku, product.name, product.description, product.unit_of_measure, product.reference_price, product.cost_price, product.sale_price, product.external_code, product.brand, product.barcode, product.ncm, product.is_perishable, product.requires_batch, product.shelf_life_days, product.current_stock, product.min_stock, product.max_stock, product.storage_location, product.is_active, product.created_at, product.updated_at 
FROM product 
WHERE product.id = %(pk_1)s::UUID
[2026-08-22 23:01:31] [INFO   ] [sqlalchemy.engine.Engine:1848] [MainThread] - [cached since 0.08771s ago] {'pk_1': UUID('bd552cc0-15dd-486e-a091-256f1ebf753a')}
[2026-08-22 23:01:31] [INFO   ] [sqlalchemy.engine.Engine:1848] [MainThread] - SELECT pos_session.id, pos_session.organization_id, pos_session.pos_terminal, pos_session.opened_by_id, pos_session.opening_cash, pos_session.closing_cash, pos_session.status, pos_session.opened_at, pos_session.closed_at 
FROM pos_session 
WHERE pos_session.organization_id = %(organization_id_1)s::UUID AND pos_session.status = %(status_1)s::VARCHAR ORDER BY pos_session.opened_at DESC
[2026-08-22 23:01:31] [INFO   ] [sqlalchemy.engine.Engine:1848] [MainThread] - [generated in 0.00015s] {'organization_id_1': UUID('74ff6903-81f3-445c-8a4c-43c933219ca0'), 'status_1': 'OPEN'}
[2026-08-22 23:01:31] [INFO   ] [sqlalchemy.engine.Engine:1848] [MainThread] - INSERT INTO pos_session (id, organization_id, pos_terminal, opened_by_id, opening_cash, closing_cash, status, opened_at, closed_at) VALUES (%(id)s::UUID, %(organization_id)s::UUID, %(pos_terminal)s::VARCHAR, %(opened_by_id)s::UUID, %(opening_cash)s, %(closing_cash)s, %(status)s::VARCHAR, %(opened_at)s::TIMESTAMP WITH TIME ZONE, %(closed_at)s::TIMESTAMP WITH TIME ZONE)
[2026-08-22 23:01:31] [INFO   ] [sqlalchemy.engine.Engine:1848] [MainThread] - [generated in 0.00015s] {'id': UUID('497dc0ed-3719-4cad-a603-00a3c7f3654a'), 'organization_id': UUID('74ff6903-81f3-445c-8a4c-43c933219ca0'), 'pos_terminal': 'Caixa 01 - Balcão', 'opened_by_id': UUID('32548633-f5fb-4e02-b7dc-6cc09d903c6d'), 'opening_cash': Decimal('150.00'), 'closing_cash': None, 'status': 'OPEN', 'opened_at': datetime.datetime(2026, 8, 23, 2, 1, 31, 433675, tzinfo=datetime.timezone.utc), 'closed_at': None}
[2026-08-22 23:01:31] [INFO   ] [sqlalchemy.engine.Engine:2718] [MainThread] - COMMIT
[2026-08-22 23:01:31] [INFO   ] [sqlalchemy.engine.Engine:2712] [MainThread] - BEGIN (implicit)
[2026-08-22 23:01:31] [INFO   ] [sqlalchemy.engine.Engine:1848] [MainThread] - SELECT pos_session.id, pos_session.organization_id, pos_session.pos_terminal, pos_session.opened_by_id, pos_session.opening_cash, pos_session.closing_cash, pos_session.status, pos_session.opened_at, pos_session.closed_at 
FROM pos_session 
WHERE pos_session.id = %(pk_1)s::UUID
[2026-08-22 23:01:31] [INFO   ] [sqlalchemy.engine.Engine:1848] [MainThread] - [generated in 0.00010s] {'pk_1': UUID('497dc0ed-3719-4cad-a603-00a3c7f3654a')}
[2026-08-22 23:01:31] [INFO   ] [sqlalchemy.engine.Engine:1848] [MainThread] - SELECT pos_cash_movement.id AS pos_cash_movement_id, pos_cash_movement.organization_id AS pos_cash_movement_organization_id, pos_cash_movement.pos_session_id AS pos_cash_movement_pos_session_id, pos_cash_movement.movement_type AS pos_cash_movement_movement_type, pos_cash_movement.amount AS pos_cash_movement_amount, pos_cash_movement.reason AS pos_cash_movement_reason, pos_cash_movement.created_by_id AS pos_cash_movement_created_by_id, pos_cash_movement.created_at AS pos_cash_movement_created_at 
FROM pos_cash_movement 
WHERE %(param_1)s::UUID = pos_cash_movement.pos_session_id
[2026-08-22 23:01:31] [INFO   ] [sqlalchemy.engine.Engine:1848] [MainThread] - [generated in 0.00012s] {'param_1': UUID('497dc0ed-3719-4cad-a603-00a3c7f3654a')}
[2026-08-22 23:01:31] [INFO   ] [sqlalchemy.engine.Engine:1848] [MainThread] - SELECT pos_sale.id AS pos_sale_id, pos_sale.organization_id AS pos_sale_organization_id, pos_sale.pos_session_id AS pos_sale_pos_session_id, pos_sale.customer_id AS pos_sale_customer_id, pos_sale.customer_name AS pos_sale_customer_name, pos_sale.customer_document AS pos_sale_customer_document, pos_sale.total_amount AS pos_sale_total_amount, pos_sale.discount_amount AS pos_sale_discount_amount, pos_sale.net_amount AS pos_sale_net_amount, pos_sale.payment_method AS pos_sale_payment_method, pos_sale.status AS pos_sale_status, pos_sale.created_by_id AS pos_sale_created_by_id, pos_sale.created_at AS pos_sale_created_at 
FROM pos_sale 
WHERE %(param_1)s::UUID = pos_sale.pos_session_id
[2026-08-22 23:01:31] [INFO   ] [sqlalchemy.engine.Engine:1848] [MainThread] - [generated in 0.00013s] {'param_1': UUID('497dc0ed-3719-4cad-a603-00a3c7f3654a')}
[2026-08-22 23:01:31] [INFO   ] [sqlalchemy.engine.Engine:1848] [MainThread] - SELECT pos_session.id, pos_session.organization_id, pos_session.pos_terminal, pos_session.opened_by_id, pos_session.opening_cash, pos_session.closing_cash, pos_session.status, pos_session.opened_at, pos_session.closed_at 
FROM pos_session 
WHERE pos_session.organization_id = %(organization_id_1)s::UUID AND pos_session.status = %(status_1)s::VARCHAR ORDER BY pos_session.opened_at DESC
[2026-08-22 23:01:31] [INFO   ] [sqlalchemy.engine.Engine:1848] [MainThread] - [cached since 0.01747s ago] {'organization_id_1': UUID('74ff6903-81f3-445c-8a4c-43c933219ca0'), 'status_1': 'OPEN'}
[2026-08-22 23:01:31] [INFO   ] [sqlalchemy.engine.Engine:1848] [MainThread] - SELECT pos_cash_movement.pos_session_id AS pos_cash_movement_pos_session_id, pos_cash_movement.id AS pos_cash_movement_id, pos_cash_movement.organization_id AS pos_cash_movement_organization_id, pos_cash_movement.movement_type AS pos_cash_movement_movement_type, pos_cash_movement.amount AS pos_cash_movement_amount, pos_cash_movement.reason AS pos_cash_movement_reason, pos_cash_movement.created_by_id AS pos_cash_movement_created_by_id, pos_cash_movement.created_at AS pos_cash_movement_created_at 
FROM pos_cash_movement 
WHERE pos_cash_movement.pos_session_id IN (%(primary_keys_1)s::UUID)
[2026-08-22 23:01:31] [INFO   ] [sqlalchemy.engine.Engine:1848] [MainThread] - [generated in 0.00015s] {'primary_keys_1': UUID('497dc0ed-3719-4cad-a603-00a3c7f3654a')}
[2026-08-22 23:01:31] [INFO   ] [sqlalchemy.engine.Engine:1848] [MainThread] - SELECT pos_sale.pos_session_id AS pos_sale_pos_session_id, pos_sale.id AS pos_sale_id, pos_sale.organization_id AS pos_sale_organization_id, pos_sale.customer_id AS pos_sale_customer_id, pos_sale.customer_name AS pos_sale_customer_name, pos_sale.customer_document AS pos_sale_customer_document, pos_sale.total_amount AS pos_sale_total_amount, pos_sale.discount_amount AS pos_sale_discount_amount, pos_sale.net_amount AS pos_sale_net_amount, pos_sale.payment_method AS pos_sale_payment_method, pos_sale.status AS pos_sale_status, pos_sale.created_by_id AS pos_sale_created_by_id, pos_sale.created_at AS pos_sale_created_at 
FROM pos_sale 
WHERE pos_sale.pos_session_id IN (%(primary_keys_1)s::UUID)
[2026-08-22 23:01:31] [INFO   ] [sqlalchemy.engine.Engine:1848] [MainThread] - [generated in 0.00013s] {'primary_keys_1': UUID('497dc0ed-3719-4cad-a603-00a3c7f3654a')}
[2026-08-22 23:01:31] [INFO   ] [sqlalchemy.engine.Engine:1848] [MainThread] - SELECT product.id, product.organization_id, product.category_id, product.sku, product.name, product.description, product.unit_of_measure, product.reference_price, product.cost_price, product.sale_price, product.external_code, product.brand, product.barcode, product.ncm, product.is_perishable, product.requires_batch, product.shelf_life_days, product.current_stock, product.min_stock, product.max_stock, product.storage_location, product.is_active, product.created_at, product.updated_at 
FROM product 
WHERE product.organization_id = %(organization_id_1)s::UUID AND product.id IN (%(id_1_1)s::UUID) ORDER BY product.id ASC FOR UPDATE
[2026-08-22 23:01:31] [INFO   ] [sqlalchemy.engine.Engine:1848] [MainThread] - [generated in 0.00014s] {'organization_id_1': UUID('74ff6903-81f3-445c-8a4c-43c933219ca0'), 'id_1_1': UUID('bd552cc0-15dd-486e-a091-256f1ebf753a')}
[2026-08-22 23:01:31] [INFO   ] [sqlalchemy.engine.Engine:1848] [MainThread] - SELECT product_category.id AS product_category_id, product_category.organization_id AS product_category_organization_id, product_category.name AS product_category_name, product_category.code AS product_category_code, product_category.description AS product_category_description, product_category.is_active AS product_category_is_active, product_category.created_at AS product_category_created_at, product_category.updated_at AS product_category_updated_at 
FROM product_category 
WHERE product_category.id IN (%(primary_keys_1)s::UUID)
[2026-08-22 23:01:31] [INFO   ] [sqlalchemy.engine.Engine:1848] [MainThread] - [generated in 0.00015s] {'primary_keys_1': UUID('dade4002-b28a-4b96-8334-7b2219047484')}
[2026-08-22 23:01:31] [INFO   ] [sqlalchemy.engine.Engine:1848] [MainThread] - SELECT stock_reservation_item.product_id, sum(stock_reservation_item.quantity) AS sum_1 
FROM stock_reservation_item JOIN stock_reservation ON stock_reservation.id = stock_reservation_item.reservation_id AND stock_reservation.organization_id = stock_reservation_item.organization_id 
WHERE stock_reservation.organization_id = %(organization_id_1)s::UUID AND stock_reservation.status = %(status_1)s::VARCHAR AND stock_reservation_item.product_id IN (%(product_id_1_1)s::UUID) GROUP BY stock_reservation_item.product_id
[2026-08-22 23:01:31] [INFO   ] [sqlalchemy.engine.Engine:1848] [MainThread] - [generated in 0.00015s] {'organization_id_1': UUID('74ff6903-81f3-445c-8a4c-43c933219ca0'), 'status_1': 'RESERVED', 'product_id_1_1': UUID('bd552cc0-15dd-486e-a091-256f1ebf753a')}
[2026-08-22 23:01:31] [INFO   ] [sqlalchemy.engine.Engine:1848] [MainThread] - INSERT INTO pos_sale (id, organization_id, pos_session_id, customer_id, customer_name, customer_document, total_amount, discount_amount, net_amount, payment_method, status, created_by_id, created_at) VALUES (%(id)s::UUID, %(organization_id)s::UUID, %(pos_session_id)s::UUID, %(customer_id)s::UUID, %(customer_name)s::VARCHAR, %(customer_document)s::VARCHAR, %(total_amount)s, %(discount_amount)s, %(net_amount)s, %(payment_method)s::VARCHAR, %(status)s::VARCHAR, %(created_by_id)s::UUID, %(created_at)s::TIMESTAMP WITH TIME ZONE)
[2026-08-22 23:01:31] [INFO   ] [sqlalchemy.engine.Engine:1848] [MainThread] - [generated in 0.00016s] {'id': UUID('08c319f3-eb2e-439c-94d2-219adfd740cb'), 'organization_id': UUID('74ff6903-81f3-445c-8a4c-43c933219ca0'), 'pos_session_id': UUID('497dc0ed-3719-4cad-a603-00a3c7f3654a'), 'customer_id': None, 'customer_name': 'Cliente Balcão', 'customer_document': None, 'total_amount': Decimal('25.00'), 'discount_amount': Decimal('2.00'), 'net_amount': Decimal('23.00'), 'payment_method': 'PIX', 'status': 'COMPLETED', 'created_by_id': UUID('32548633-f5fb-4e02-b7dc-6cc09d903c6d'), 'created_at': datetime.datetime(2026, 8, 23, 2, 1, 31, 467626, tzinfo=datetime.timezone.utc)}
[2026-08-22 23:01:31] [INFO   ] [sqlalchemy.engine.Engine:1848] [MainThread] - UPDATE product SET current_stock=%(current_stock)s, updated_at=%(updated_at)s::TIMESTAMP WITH TIME ZONE WHERE product.id = %(product_id)s::UUID
[2026-08-22 23:01:31] [INFO   ] [sqlalchemy.engine.Engine:1848] [MainThread] - [generated in 0.00013s] {'current_stock': Decimal('98.0000'), 'updated_at': datetime.datetime(2026, 8, 23, 2, 1, 31, 469933, tzinfo=datetime.timezone.utc), 'product_id': UUID('bd552cc0-15dd-486e-a091-256f1ebf753a')}
[2026-08-22 23:01:31] [INFO   ] [sqlalchemy.engine.Engine:1848] [MainThread] - INSERT INTO pos_sale_item (id, pos_sale_id, product_id, quantity, unit_price, total_price) VALUES (%(id)s::UUID, %(pos_sale_id)s::UUID, %(product_id)s::UUID, %(quantity)s, %(unit_price)s, %(total_price)s)
[2026-08-22 23:01:31] [INFO   ] [sqlalchemy.engine.Engine:1848] [MainThread] - [generated in 0.00013s] {'id': UUID('a2847d57-d85c-4b87-b3ad-e3af17af4f6b'), 'pos_sale_id': UUID('08c319f3-eb2e-439c-94d2-219adfd740cb'), 'product_id': UUID('bd552cc0-15dd-486e-a091-256f1ebf753a'), 'quantity': Decimal('2'), 'unit_price': Decimal('12.50'), 'total_price': Decimal('25.00')}
[2026-08-22 23:01:31] [INFO   ] [sqlalchemy.engine.Engine:1848] [MainThread] - INSERT INTO stock_movement (id, organization_id, product_id, movement_type, quantity, unit_cost, balance_after, reference_doc, invoice_attachment, notes, created_by_id, created_at) VALUES (%(id)s::UUID, %(organization_id)s::UUID, %(product_id)s::UUID, %(movement_type)s::VARCHAR, %(quantity)s, %(unit_cost)s, %(balance_after)s, %(reference_doc)s::VARCHAR, %(invoice_attachment)s::VARCHAR, %(notes)s::VARCHAR, %(created_by_id)s::UUID, %(created_at)s::TIMESTAMP WITH TIME ZONE)
[2026-08-22 23:01:31] [INFO   ] [sqlalchemy.engine.Engine:1848] [MainThread] - [generated in 0.00015s] {'id': UUID('50a413a1-e437-4c5d-88c4-8b811d1f9b2a'), 'organization_id': UUID('74ff6903-81f3-445c-8a4c-43c933219ca0'), 'product_id': UUID('bd552cc0-15dd-486e-a091-256f1ebf753a'), 'movement_type': 'out_sale', 'quantity': Decimal('2'), 'unit_cost': Decimal('12.5000'), 'balance_after': Decimal('98.0000'), 'reference_doc': 'PDV-08C319F3', 'invoice_attachment': None, 'notes': 'Venda Balcão PDV - Cliente: Cliente Balcão (PIX)', 'created_by_id': UUID('32548633-f5fb-4e02-b7dc-6cc09d903c6d'), 'created_at': datetime.datetime(2026, 8, 23, 2, 1, 31, 474772, tzinfo=datetime.timezone.utc)}
[2026-08-22 23:01:31] [INFO   ] [sqlalchemy.engine.Engine:1848] [MainThread] - SELECT pos_sale.id, pos_sale.organization_id, pos_sale.pos_session_id, pos_sale.customer_id, pos_sale.customer_name, pos_sale.customer_document, pos_sale.total_amount, pos_sale.discount_amount, pos_sale.net_amount, pos_sale.payment_method, pos_sale.status, pos_sale.created_by_id, pos_sale.created_at 
FROM pos_sale 
WHERE pos_sale.id = %(pk_1)s::UUID
[2026-08-22 23:01:31] [INFO   ] [sqlalchemy.engine.Engine:1848] [MainThread] - [generated in 0.00013s] {'pk_1': UUID('08c319f3-eb2e-439c-94d2-219adfd740cb')}
[2026-08-22 23:01:31] [INFO   ] [sqlalchemy.engine.Engine:1848] [MainThread] - SELECT pos_sale_item.id AS pos_sale_item_id, pos_sale_item.pos_sale_id AS pos_sale_item_pos_sale_id, pos_sale_item.product_id AS pos_sale_item_product_id, pos_sale_item.quantity AS pos_sale_item_quantity, pos_sale_item.unit_price AS pos_sale_item_unit_price, pos_sale_item.total_price AS pos_sale_item_total_price 
FROM pos_sale_item 
WHERE %(param_1)s::UUID = pos_sale_item.pos_sale_id
[2026-08-22 23:01:31] [INFO   ] [sqlalchemy.engine.Engine:1848] [MainThread] - [generated in 0.00012s] {'param_1': UUID('08c319f3-eb2e-439c-94d2-219adfd740cb')}
[2026-08-22 23:01:31] [INFO   ] [controlb:915] [MainThread] - 🛍️ [PDV SALE] Venda #08c319f3 concluída com sucesso: R$ 23.00 via PIX (Estoque físico baixado)
[2026-08-22 23:01:31] [INFO   ] [sqlalchemy.engine.Engine:1848] [MainThread] - SELECT product.id, product.organization_id, product.category_id, product.sku, product.name, product.description, product.unit_of_measure, product.reference_price, product.cost_price, product.sale_price, product.external_code, product.brand, product.barcode, product.ncm, product.is_perishable, product.requires_batch, product.shelf_life_days, product.current_stock, product.min_stock, product.max_stock, product.storage_location, product.is_active, product.created_at, product.updated_at 
FROM product 
WHERE product.id = %(pk_1)s::UUID
[2026-08-22 23:01:31] [INFO   ] [sqlalchemy.engine.Engine:1848] [MainThread] - [cached since 0.1438s ago] {'pk_1': UUID('bd552cc0-15dd-486e-a091-256f1ebf753a')}
[2026-08-22 23:01:31] [INFO   ] [sqlalchemy.engine.Engine:1848] [MainThread] - SELECT product_category.id AS product_category_id, product_category.organization_id AS product_category_organization_id, product_category.name AS product_category_name, product_category.code AS product_category_code, product_category.description AS product_category_description, product_category.is_active AS product_category_is_active, product_category.created_at AS product_category_created_at, product_category.updated_at AS product_category_updated_at 
FROM product_category 
WHERE product_category.id = %(pk_1)s::UUID
[2026-08-22 23:01:31] [INFO   ] [sqlalchemy.engine.Engine:1848] [MainThread] - [generated in 0.00011s] {'pk_1': UUID('dade4002-b28a-4b96-8334-7b2219047484')}
[2026-08-22 23:01:31] [INFO   ] [sqlalchemy.engine.Engine:1848] [MainThread] - SELECT stock_movement.id, stock_movement.organization_id, stock_movement.product_id, stock_movement.movement_type, stock_movement.quantity, stock_movement.unit_cost, stock_movement.balance_after, stock_movement.reference_doc, stock_movement.invoice_attachment, stock_movement.notes, stock_movement.created_by_id, stock_movement.created_at 
FROM stock_movement 
WHERE stock_movement.organization_id = %(organization_id_1)s::UUID AND stock_movement.product_id = %(product_id_1)s::UUID ORDER BY stock_movement.created_at DESC 
 LIMIT %(param_1)s::INTEGER
[2026-08-22 23:01:31] [INFO   ] [sqlalchemy.engine.Engine:1848] [MainThread] - [generated in 0.00012s] {'organization_id_1': UUID('74ff6903-81f3-445c-8a4c-43c933219ca0'), 'product_id_1': UUID('bd552cc0-15dd-486e-a091-256f1ebf753a'), 'param_1': 100}
[2026-08-22 23:01:31] [INFO   ] [sqlalchemy.engine.Engine:1848] [MainThread] - SELECT product.id AS product_id, product.organization_id AS product_organization_id, product.category_id AS product_category_id, product.sku AS product_sku, product.name AS product_name, product.description AS product_description, product.unit_of_measure AS product_unit_of_measure, product.reference_price AS product_reference_price, product.cost_price AS product_cost_price, product.sale_price AS product_sale_price, product.external_code AS product_external_code, product.brand AS product_brand, product.barcode AS product_barcode, product.ncm AS product_ncm, product.is_perishable AS product_is_perishable, product.requires_batch AS product_requires_batch, product.shelf_life_days AS product_shelf_life_days, product.current_stock AS product_current_stock, product.min_stock AS product_min_stock, product.max_stock AS product_max_stock, product.storage_location AS product_storage_location, product.is_active AS product_is_active, product.created_at AS product_created_at, product.updated_at AS product_updated_at 
FROM product 
WHERE product.id IN (%(primary_keys_1)s::UUID)
[2026-08-22 23:01:31] [INFO   ] [sqlalchemy.engine.Engine:1848] [MainThread] - [generated in 0.00014s] {'primary_keys_1': UUID('bd552cc0-15dd-486e-a091-256f1ebf753a')}
[2026-08-22 23:01:31] [INFO   ] [sqlalchemy.engine.Engine:1848] [MainThread] - SELECT product_category.id AS product_category_id, product_category.organization_id AS product_category_organization_id, product_category.name AS product_category_name, product_category.code AS product_category_code, product_category.description AS product_category_description, product_category.is_active AS product_category_is_active, product_category.created_at AS product_category_created_at, product_category.updated_at AS product_category_updated_at 
FROM product_category 
WHERE product_category.id IN (%(primary_keys_1)s::UUID)
[2026-08-22 23:01:31] [INFO   ] [sqlalchemy.engine.Engine:1848] [MainThread] - [generated in 0.00016s] {'primary_keys_1': UUID('dade4002-b28a-4b96-8334-7b2219047484')}
[2026-08-22 23:01:31] [INFO   ] [sqlalchemy.engine.Engine:1848] [MainThread] - SELECT pos_session.id, pos_session.organization_id, pos_session.pos_terminal, pos_session.opened_by_id, pos_session.opening_cash, pos_session.closing_cash, pos_session.status, pos_session.opened_at, pos_session.closed_at 
FROM pos_session 
WHERE pos_session.id = %(id_1)s::UUID AND pos_session.organization_id = %(organization_id_1)s::UUID
[2026-08-22 23:01:31] [INFO   ] [sqlalchemy.engine.Engine:1848] [MainThread] - [generated in 0.00012s] {'id_1': UUID('497dc0ed-3719-4cad-a603-00a3c7f3654a'), 'organization_id_1': UUID('74ff6903-81f3-445c-8a4c-43c933219ca0')}
[2026-08-22 23:01:31] [INFO   ] [sqlalchemy.engine.Engine:1848] [MainThread] - SELECT pos_cash_movement.pos_session_id AS pos_cash_movement_pos_session_id, pos_cash_movement.id AS pos_cash_movement_id, pos_cash_movement.organization_id AS pos_cash_movement_organization_id, pos_cash_movement.movement_type AS pos_cash_movement_movement_type, pos_cash_movement.amount AS pos_cash_movement_amount, pos_cash_movement.reason AS pos_cash_movement_reason, pos_cash_movement.created_by_id AS pos_cash_movement_created_by_id, pos_cash_movement.created_at AS pos_cash_movement_created_at 
FROM pos_cash_movement 
WHERE pos_cash_movement.pos_session_id IN (%(primary_keys_1)s::UUID)
[2026-08-22 23:01:31] [INFO   ] [sqlalchemy.engine.Engine:1848] [MainThread] - [cached since 0.04405s ago] {'primary_keys_1': UUID('497dc0ed-3719-4cad-a603-00a3c7f3654a')}
[2026-08-22 23:01:31] [INFO   ] [sqlalchemy.engine.Engine:1848] [MainThread] - SELECT pos_sale.pos_session_id AS pos_sale_pos_session_id, pos_sale.id AS pos_sale_id, pos_sale.organization_id AS pos_sale_organization_id, pos_sale.customer_id AS pos_sale_customer_id, pos_sale.customer_name AS pos_sale_customer_name, pos_sale.customer_document AS pos_sale_customer_document, pos_sale.total_amount AS pos_sale_total_amount, pos_sale.discount_amount AS pos_sale_discount_amount, pos_sale.net_amount AS pos_sale_net_amount, pos_sale.payment_method AS pos_sale_payment_method, pos_sale.status AS pos_sale_status, pos_sale.created_by_id AS pos_sale_created_by_id, pos_sale.created_at AS pos_sale_created_at 
FROM pos_sale 
WHERE pos_sale.pos_session_id IN (%(primary_keys_1)s::UUID)
[2026-08-22 23:01:31] [INFO   ] [sqlalchemy.engine.Engine:1848] [MainThread] - [cached since 0.0437s ago] {'primary_keys_1': UUID('497dc0ed-3719-4cad-a603-00a3c7f3654a')}
[2026-08-22 23:01:31] [INFO   ] [sqlalchemy.engine.Engine:1848] [MainThread] - SELECT pos_sale_item.pos_sale_id AS pos_sale_item_pos_sale_id, pos_sale_item.id AS pos_sale_item_id, pos_sale_item.product_id AS pos_sale_item_product_id, pos_sale_item.quantity AS pos_sale_item_quantity, pos_sale_item.unit_price AS pos_sale_item_unit_price, pos_sale_item.total_price AS pos_sale_item_total_price 
FROM pos_sale_item 
WHERE pos_sale_item.pos_sale_id IN (%(primary_keys_1)s::UUID)
[2026-08-22 23:01:31] [INFO   ] [sqlalchemy.engine.Engine:1848] [MainThread] - [generated in 0.00014s] {'primary_keys_1': UUID('08c319f3-eb2e-439c-94d2-219adfd740cb')}
[2026-08-22 23:01:31] [INFO   ] [sqlalchemy.engine.Engine:1848] [MainThread] - UPDATE pos_session SET closing_cash=%(closing_cash)s, status=%(status)s::VARCHAR, closed_at=%(closed_at)s::TIMESTAMP WITH TIME ZONE WHERE pos_session.id = %(pos_session_id)s::UUID
[2026-08-22 23:01:31] [INFO   ] [sqlalchemy.engine.Engine:1848] [MainThread] - [generated in 0.00012s] {'closing_cash': Decimal('173.00'), 'status': 'CLOSED', 'closed_at': datetime.datetime(2026, 8, 23, 2, 1, 31, 494848, tzinfo=datetime.timezone.utc), 'pos_session_id': UUID('497dc0ed-3719-4cad-a603-00a3c7f3654a')}
[2026-08-22 23:01:31] [INFO   ] [sqlalchemy.engine.Engine:2718] [MainThread] - COMMIT
[2026-08-22 23:01:31] [INFO   ] [sqlalchemy.engine.Engine:2712] [MainThread] - BEGIN (implicit)
[2026-08-22 23:01:31] [INFO   ] [sqlalchemy.engine.Engine:1848] [MainThread] - SELECT pos_session.id, pos_session.organization_id, pos_session.pos_terminal, pos_session.opened_by_id, pos_session.opening_cash, pos_session.closing_cash, pos_session.status, pos_session.opened_at, pos_session.closed_at 
FROM pos_session 
WHERE pos_session.id = %(pk_1)s::UUID
[2026-08-22 23:01:31] [INFO   ] [sqlalchemy.engine.Engine:1848] [MainThread] - [cached since 0.06047s ago] {'pk_1': UUID('497dc0ed-3719-4cad-a603-00a3c7f3654a')}
[2026-08-22 23:01:31] [INFO   ] [sqlalchemy.engine.Engine:1848] [MainThread] - SELECT pos_cash_movement.id AS pos_cash_movement_id, pos_cash_movement.organization_id AS pos_cash_movement_organization_id, pos_cash_movement.pos_session_id AS pos_cash_movement_pos_session_id, pos_cash_movement.movement_type AS pos_cash_movement_movement_type, pos_cash_movement.amount AS pos_cash_movement_amount, pos_cash_movement.reason AS pos_cash_movement_reason, pos_cash_movement.created_by_id AS pos_cash_movement_created_by_id, pos_cash_movement.created_at AS pos_cash_movement_created_at 
FROM pos_cash_movement 
WHERE %(param_1)s::UUID = pos_cash_movement.pos_session_id
[2026-08-22 23:01:31] [INFO   ] [sqlalchemy.engine.Engine:1848] [MainThread] - [cached since 0.05962s ago] {'param_1': UUID('497dc0ed-3719-4cad-a603-00a3c7f3654a')}
[2026-08-22 23:01:31] [INFO   ] [sqlalchemy.engine.Engine:1848] [MainThread] - SELECT pos_sale.id AS pos_sale_id, pos_sale.organization_id AS pos_sale_organization_id, pos_sale.pos_session_id AS pos_sale_pos_session_id, pos_sale.customer_id AS pos_sale_customer_id, pos_sale.customer_name AS pos_sale_customer_name, pos_sale.customer_document AS pos_sale_customer_document, pos_sale.total_amount AS pos_sale_total_amount, pos_sale.discount_amount AS pos_sale_discount_amount, pos_sale.net_amount AS pos_sale_net_amount, pos_sale.payment_method AS pos_sale_payment_method, pos_sale.status AS pos_sale_status, pos_sale.created_by_id AS pos_sale_created_by_id, pos_sale.created_at AS pos_sale_created_at 
FROM pos_sale 
WHERE %(param_1)s::UUID = pos_sale.pos_session_id
[2026-08-22 23:01:31] [INFO   ] [sqlalchemy.engine.Engine:1848] [MainThread] - [cached since 0.05696s ago] {'param_1': UUID('497dc0ed-3719-4cad-a603-00a3c7f3654a')}
[2026-08-22 23:01:31] [INFO   ] [controlb:810] [MainThread] - 🔒 [PDV CAIXA] Turno de caixa Caixa 01 - Balcão (#497dc0ed) encerrado por vendedor_714d3f@empresa.com com R$ 173.00
[2026-08-22 23:01:31] [INFO   ] [sqlalchemy.engine.Engine:2715] [MainThread] - ROLLBACK
[2026-08-22 23:01:31] [INFO   ] [sqlalchemy.engine.Engine:2712] [MainThread] - BEGIN (implicit)
[2026-08-22 23:01:31] [INFO   ] [sqlalchemy.engine.Engine:1848] [MainThread] - INSERT INTO organization (id, name, is_active, created_at, updated_at) VALUES (%(id)s::UUID, %(name)s::VARCHAR, %(is_active)s, %(created_at)s::TIMESTAMP WITH TIME ZONE, %(updated_at)s::TIMESTAMP WITH TIME ZONE)
[2026-08-22 23:01:31] [INFO   ] [sqlalchemy.engine.Engine:1848] [MainThread] - [cached since 0.3378s ago] {'id': UUID('6bad70f7-e0e1-459e-b029-09be2dceba02'), 'name': 'Matriz Teste 8fb805', 'is_active': True, 'created_at': datetime.datetime(2026, 8, 23, 2, 1, 31, 503947, tzinfo=datetime.timezone.utc), 'updated_at': datetime.datetime(2026, 8, 23, 2, 1, 31, 503948, tzinfo=datetime.timezone.utc)}
[2026-08-22 23:01:31] [INFO   ] [sqlalchemy.engine.Engine:2718] [MainThread] - COMMIT
[2026-08-22 23:01:31] [INFO   ] [sqlalchemy.engine.Engine:2712] [MainThread] - BEGIN (implicit)
[2026-08-22 23:01:31] [INFO   ] [sqlalchemy.engine.Engine:1848] [MainThread] - SELECT organization.id, organization.name, organization.is_active, organization.created_at, organization.updated_at 
FROM organization 
WHERE organization.id = %(pk_1)s::UUID
[2026-08-22 23:01:31] [INFO   ] [sqlalchemy.engine.Engine:1848] [MainThread] - [cached since 0.3309s ago] {'pk_1': UUID('6bad70f7-e0e1-459e-b029-09be2dceba02')}
[2026-08-22 23:01:31] [INFO   ] [sqlalchemy.engine.Engine:1848] [MainThread] - INSERT INTO "user" (id, organization_id, role_id, email, full_name, hashed_password, is_active, created_at, updated_at) VALUES (%(id)s::UUID, %(organization_id)s::UUID, %(role_id)s::UUID, %(email)s::VARCHAR, %(full_name)s::VARCHAR, %(hashed_password)s::VARCHAR, %(is_active)s, %(created_at)s::TIMESTAMP WITH TIME ZONE, %(updated_at)s::TIMESTAMP WITH TIME ZONE)
[2026-08-22 23:01:31] [INFO   ] [sqlalchemy.engine.Engine:1848] [MainThread] - [cached since 0.3279s ago] {'id': UUID('c69c244e-471b-4b7d-837c-b396e5f8ac93'), 'organization_id': UUID('6bad70f7-e0e1-459e-b029-09be2dceba02'), 'role_id': None, 'email': 'vendedor_38b8e9@empresa.com', 'full_name': 'Vendedor Teste', 'hashed_password': 'hash123', 'is_active': True, 'created_at': datetime.datetime(2026, 8, 23, 2, 1, 31, 508553, tzinfo=datetime.timezone.utc), 'updated_at': datetime.datetime(2026, 8, 23, 2, 1, 31, 508555, tzinfo=datetime.timezone.utc)}
[2026-08-22 23:01:31] [INFO   ] [sqlalchemy.engine.Engine:2718] [MainThread] - COMMIT
[2026-08-22 23:01:31] [INFO   ] [sqlalchemy.engine.Engine:2712] [MainThread] - BEGIN (implicit)
[2026-08-22 23:01:31] [INFO   ] [sqlalchemy.engine.Engine:1848] [MainThread] - SELECT "user".id, "user".organization_id, "user".role_id, "user".email, "user".full_name, "user".hashed_password, "user".is_active, "user".created_at, "user".updated_at 
FROM "user" 
WHERE "user".id = %(pk_1)s::UUID
[2026-08-22 23:01:31] [INFO   ] [sqlalchemy.engine.Engine:1848] [MainThread] - [cached since 0.3237s ago] {'pk_1': UUID('c69c244e-471b-4b7d-837c-b396e5f8ac93')}
[2026-08-22 23:01:31] [INFO   ] [sqlalchemy.engine.Engine:1848] [MainThread] - INSERT INTO receivable (id, organization_id, customer_name, customer_document, fiscal_document_id, cost_center_id, financial_category_id, description, original_amount, outstanding_amount, issue_date, due_date, payment_method_expected, status, notes, created_at, updated_at) VALUES (%(id)s::UUID, %(organization_id)s::UUID, %(customer_name)s::VARCHAR, %(customer_document)s::VARCHAR, %(fiscal_document_id)s::UUID, %(cost_center_id)s::UUID, %(financial_category_id)s::UUID, %(description)s::VARCHAR, %(original_amount)s, %(outstanding_amount)s, %(issue_date)s::DATE, %(due_date)s::DATE, %(payment_method_expected)s::VARCHAR, %(status)s::VARCHAR, %(notes)s::VARCHAR, %(created_at)s::TIMESTAMP WITH TIME ZONE, %(updated_at)s::TIMESTAMP WITH TIME ZONE)
[2026-08-22 23:01:31] [INFO   ] [sqlalchemy.engine.Engine:1848] [MainThread] - [generated in 0.00021s] {'id': UUID('1cfb5686-5a37-43a2-ac5b-f58047de6803'), 'organization_id': UUID('6bad70f7-e0e1-459e-b029-09be2dceba02'), 'customer_name': 'Empresa Cliente S.A.', 'customer_document': '33.444.555/0001-66', 'fiscal_document_id': None, 'cost_center_id': None, 'financial_category_id': None, 'description': 'Fatura FAT-20260822-9939 (Parcela 1/3)', 'original_amount': Decimal('1050.00'), 'outstanding_amount': Decimal('1050.00'), 'issue_date': datetime.date(2026, 8, 22), 'due_date': datetime.date(2026, 9, 21), 'payment_method_expected': 'BOLETO', 'status': 'PENDING', 'notes': 'Originado da Fatura Comercial #FAT-20260822-9939', 'created_at': datetime.datetime(2026, 8, 23, 2, 1, 31, 514106, tzinfo=datetime.timezone.utc), 'updated_at': datetime.datetime(2026, 8, 23, 2, 1, 31, 514108, tzinfo=datetime.timezone.utc)}
[2026-08-22 23:01:31] [INFO   ] [sqlalchemy.engine.Engine:2718] [MainThread] - COMMIT
[2026-08-22 23:01:31] [INFO   ] [sqlalchemy.engine.Engine:2712] [MainThread] - BEGIN (implicit)
[2026-08-22 23:01:31] [INFO   ] [sqlalchemy.engine.Engine:1848] [MainThread] - SELECT receivable.id, receivable.organization_id, receivable.customer_name, receivable.customer_document, receivable.fiscal_document_id, receivable.cost_center_id, receivable.financial_category_id, receivable.description, receivable.original_amount, receivable.outstanding_amount, receivable.issue_date, receivable.due_date, receivable.payment_method_expected, receivable.status, receivable.notes, receivable.created_at, receivable.updated_at 
FROM receivable 
WHERE receivable.id = %(pk_1)s::UUID
[2026-08-22 23:01:31] [INFO   ] [sqlalchemy.engine.Engine:1848] [MainThread] - [generated in 0.00012s] {'pk_1': UUID('1cfb5686-5a37-43a2-ac5b-f58047de6803')}
[2026-08-22 23:01:31] [INFO   ] [sqlalchemy.engine.Engine:1848] [MainThread] - SELECT receipt.id AS receipt_id, receipt.organization_id AS receipt_organization_id, receipt.receivable_id AS receipt_receivable_id, receipt.bank_account_id AS receipt_bank_account_id, receipt.amount AS receipt_amount, receipt.receipt_date AS receipt_receipt_date, receipt.payment_method AS receipt_payment_method, receipt.reference AS receipt_reference, receipt.notes AS receipt_notes, receipt.received_by_id AS receipt_received_by_id, receipt.created_at AS receipt_created_at 
FROM receipt 
WHERE %(param_1)s::UUID = receipt.receivable_id
[2026-08-22 23:01:31] [INFO   ] [sqlalchemy.engine.Engine:1848] [MainThread] - [generated in 0.00012s] {'param_1': UUID('1cfb5686-5a37-43a2-ac5b-f58047de6803')}
[2026-08-22 23:01:31] [INFO   ] [sqlalchemy.engine.Engine:1848] [MainThread] - INSERT INTO receivable (id, organization_id, customer_name, customer_document, fiscal_document_id, cost_center_id, financial_category_id, description, original_amount, outstanding_amount, issue_date, due_date, payment_method_expected, status, notes, created_at, updated_at) VALUES (%(id)s::UUID, %(organization_id)s::UUID, %(customer_name)s::VARCHAR, %(customer_document)s::VARCHAR, %(fiscal_document_id)s::UUID, %(cost_center_id)s::UUID, %(financial_category_id)s::UUID, %(description)s::VARCHAR, %(original_amount)s, %(outstanding_amount)s, %(issue_date)s::DATE, %(due_date)s::DATE, %(payment_method_expected)s::VARCHAR, %(status)s::VARCHAR, %(notes)s::VARCHAR, %(created_at)s::TIMESTAMP WITH TIME ZONE, %(updated_at)s::TIMESTAMP WITH TIME ZONE)
[2026-08-22 23:01:31] [INFO   ] [sqlalchemy.engine.Engine:1848] [MainThread] - [cached since 0.015s ago] {'id': UUID('7940442a-4ea9-4aa0-ac48-65f072daa6e4'), 'organization_id': UUID('6bad70f7-e0e1-459e-b029-09be2dceba02'), 'customer_name': 'Empresa Cliente S.A.', 'customer_document': '33.444.555/0001-66', 'fiscal_document_id': None, 'cost_center_id': None, 'financial_category_id': None, 'description': 'Fatura FAT-20260822-9939 (Parcela 2/3)', 'original_amount': Decimal('1050.00'), 'outstanding_amount': Decimal('1050.00'), 'issue_date': datetime.date(2026, 8, 22), 'due_date': datetime.date(2026, 10, 21), 'payment_method_expected': 'BOLETO', 'status': 'PENDING', 'notes': 'Originado da Fatura Comercial #FAT-20260822-9939', 'created_at': datetime.datetime(2026, 8, 23, 2, 1, 31, 528961, tzinfo=datetime.timezone.utc), 'updated_at': datetime.datetime(2026, 8, 23, 2, 1, 31, 528963, tzinfo=datetime.timezone.utc)}
[2026-08-22 23:01:31] [INFO   ] [sqlalchemy.engine.Engine:2718] [MainThread] - COMMIT
[2026-08-22 23:01:31] [INFO   ] [sqlalchemy.engine.Engine:2712] [MainThread] - BEGIN (implicit)
[2026-08-22 23:01:31] [INFO   ] [sqlalchemy.engine.Engine:1848] [MainThread] - SELECT receivable.id, receivable.organization_id, receivable.customer_name, receivable.customer_document, receivable.fiscal_document_id, receivable.cost_center_id, receivable.financial_category_id, receivable.description, receivable.original_amount, receivable.outstanding_amount, receivable.issue_date, receivable.due_date, receivable.payment_method_expected, receivable.status, receivable.notes, receivable.created_at, receivable.updated_at 
FROM receivable 
WHERE receivable.id = %(pk_1)s::UUID
[2026-08-22 23:01:31] [INFO   ] [sqlalchemy.engine.Engine:1848] [MainThread] - [cached since 0.00901s ago] {'pk_1': UUID('7940442a-4ea9-4aa0-ac48-65f072daa6e4')}
[2026-08-22 23:01:31] [INFO   ] [sqlalchemy.engine.Engine:1848] [MainThread] - SELECT receipt.id AS receipt_id, receipt.organization_id AS receipt_organization_id, receipt.receivable_id AS receipt_receivable_id, receipt.bank_account_id AS receipt_bank_account_id, receipt.amount AS receipt_amount, receipt.receipt_date AS receipt_receipt_date, receipt.payment_method AS receipt_payment_method, receipt.reference AS receipt_reference, receipt.notes AS receipt_notes, receipt.received_by_id AS receipt_received_by_id, receipt.created_at AS receipt_created_at 
FROM receipt 
WHERE %(param_1)s::UUID = receipt.receivable_id
[2026-08-22 23:01:31] [INFO   ] [sqlalchemy.engine.Engine:1848] [MainThread] - [cached since 0.007706s ago] {'param_1': UUID('7940442a-4ea9-4aa0-ac48-65f072daa6e4')}
[2026-08-22 23:01:31] [INFO   ] [sqlalchemy.engine.Engine:1848] [MainThread] - INSERT INTO receivable (id, organization_id, customer_name, customer_document, fiscal_document_id, cost_center_id, financial_category_id, description, original_amount, outstanding_amount, issue_date, due_date, payment_method_expected, status, notes, created_at, updated_at) VALUES (%(id)s::UUID, %(organization_id)s::UUID, %(customer_name)s::VARCHAR, %(customer_document)s::VARCHAR, %(fiscal_document_id)s::UUID, %(cost_center_id)s::UUID, %(financial_category_id)s::UUID, %(description)s::VARCHAR, %(original_amount)s, %(outstanding_amount)s, %(issue_date)s::DATE, %(due_date)s::DATE, %(payment_method_expected)s::VARCHAR, %(status)s::VARCHAR, %(notes)s::VARCHAR, %(created_at)s::TIMESTAMP WITH TIME ZONE, %(updated_at)s::TIMESTAMP WITH TIME ZONE)
[2026-08-22 23:01:31] [INFO   ] [sqlalchemy.engine.Engine:1848] [MainThread] - [cached since 0.0204s ago] {'id': UUID('9c1c9616-2c79-4ed0-b9bd-d107fb6de662'), 'organization_id': UUID('6bad70f7-e0e1-459e-b029-09be2dceba02'), 'customer_name': 'Empresa Cliente S.A.', 'customer_document': '33.444.555/0001-66', 'fiscal_document_id': None, 'cost_center_id': None, 'financial_category_id': None, 'description': 'Fatura FAT-20260822-9939 (Parcela 3/3)', 'original_amount': Decimal('1050.00'), 'outstanding_amount': Decimal('1050.00'), 'issue_date': datetime.date(2026, 8, 22), 'due_date': datetime.date(2026, 11, 20), 'payment_method_expected': 'BOLETO', 'status': 'PENDING', 'notes': 'Originado da Fatura Comercial #FAT-20260822-9939', 'created_at': datetime.datetime(2026, 8, 23, 2, 1, 31, 534364, tzinfo=datetime.timezone.utc), 'updated_at': datetime.datetime(2026, 8, 23, 2, 1, 31, 534365, tzinfo=datetime.timezone.utc)}
[2026-08-22 23:01:31] [INFO   ] [sqlalchemy.engine.Engine:2718] [MainThread] - COMMIT
[2026-08-22 23:01:31] [INFO   ] [sqlalchemy.engine.Engine:2712] [MainThread] - BEGIN (implicit)
[2026-08-22 23:01:31] [INFO   ] [sqlalchemy.engine.Engine:1848] [MainThread] - SELECT receivable.id, receivable.organization_id, receivable.customer_name, receivable.customer_document, receivable.fiscal_document_id, receivable.cost_center_id, receivable.financial_category_id, receivable.description, receivable.original_amount, receivable.outstanding_amount, receivable.issue_date, receivable.due_date, receivable.payment_method_expected, receivable.status, receivable.notes, receivable.created_at, receivable.updated_at 
FROM receivable 
WHERE receivable.id = %(pk_1)s::UUID
[2026-08-22 23:01:31] [INFO   ] [sqlalchemy.engine.Engine:1848] [MainThread] - [cached since 0.01433s ago] {'pk_1': UUID('9c1c9616-2c79-4ed0-b9bd-d107fb6de662')}
[2026-08-22 23:01:31] [INFO   ] [sqlalchemy.engine.Engine:1848] [MainThread] - SELECT receipt.id AS receipt_id, receipt.organization_id AS receipt_organization_id, receipt.receivable_id AS receipt_receivable_id, receipt.bank_account_id AS receipt_bank_account_id, receipt.amount AS receipt_amount, receipt.receipt_date AS receipt_receipt_date, receipt.payment_method AS receipt_payment_method, receipt.reference AS receipt_reference, receipt.notes AS receipt_notes, receipt.received_by_id AS receipt_received_by_id, receipt.created_at AS receipt_created_at 
FROM receipt 
WHERE %(param_1)s::UUID = receipt.receivable_id
[2026-08-22 23:01:31] [INFO   ] [sqlalchemy.engine.Engine:1848] [MainThread] - [cached since 0.01302s ago] {'param_1': UUID('9c1c9616-2c79-4ed0-b9bd-d107fb6de662')}
[2026-08-22 23:01:31] [INFO   ] [sqlalchemy.engine.Engine:1848] [MainThread] - INSERT INTO invoice (id, organization_id, sales_order_id, invoice_number, customer_name, customer_document, total_amount, tax_amount, net_amount, issue_date, due_date, status, notes, created_by_id, created_at, updated_at) VALUES (%(id)s::UUID, %(organization_id)s::UUID, %(sales_order_id)s::UUID, %(invoice_number)s::VARCHAR, %(customer_name)s::VARCHAR, %(customer_document)s::VARCHAR, %(total_amount)s, %(tax_amount)s, %(net_amount)s, %(issue_date)s::DATE, %(due_date)s::DATE, %(status)s::VARCHAR, %(notes)s::VARCHAR, %(created_by_id)s::UUID, %(created_at)s::TIMESTAMP WITH TIME ZONE, %(updated_at)s::TIMESTAMP WITH TIME ZONE)
[2026-08-22 23:01:31] [INFO   ] [sqlalchemy.engine.Engine:1848] [MainThread] - [generated in 0.00016s] {'id': UUID('99511b35-bef9-4ef7-adaa-cd204c8c44d8'), 'organization_id': UUID('6bad70f7-e0e1-459e-b029-09be2dceba02'), 'sales_order_id': None, 'invoice_number': 'FAT-20260822-9939', 'customer_name': 'Empresa Cliente S.A.', 'customer_document': '33.444.555/0001-66', 'total_amount': Decimal('3000.00'), 'tax_amount': Decimal('150.00'), 'net_amount': Decimal('3150.00'), 'issue_date': datetime.date(2026, 8, 22), 'due_date': datetime.date(2026, 9, 21), 'status': 'ISSUED', 'notes': None, 'created_by_id': UUID('c69c244e-471b-4b7d-837c-b396e5f8ac93'), 'created_at': datetime.datetime(2026, 8, 23, 2, 1, 31, 540075, tzinfo=datetime.timezone.utc), 'updated_at': datetime.datetime(2026, 8, 23, 2, 1, 31, 540077, tzinfo=datetime.timezone.utc)}
[2026-08-22 23:01:31] [INFO   ] [sqlalchemy.engine.Engine:1846] [MainThread] - INSERT INTO invoice_installment (id, invoice_id, installment_number, total_installments, amount, due_date, status) VALUES (%(id__0)s::UUID, %(invoice_id__0)s::UUID, %(installment_number__0)s::INTEGER, %(total_installments__0)s::INTEGER, %(amount__0)s ... 304 characters truncated ... R, %(total_installments__2)s::INTEGER, %(amount__2)s, %(due_date__2)s::DATE, %(status__2)s::VARCHAR)
[2026-08-22 23:01:31] [INFO   ] [sqlalchemy.engine.Engine:1846] [MainThread] - [generated in 0.00006s (insertmanyvalues) 1/1 (unordered)] {'id__0': UUID('be2fd6d2-0c03-4779-be59-335690f66527'), 'due_date__0': datetime.date(2026, 9, 21), 'status__0': 'PENDING', 'installment_number__0': 1, 'total_installments__0': 3, 'amount__0': Decimal('1050.00'), 'invoice_id__0': UUID('99511b35-bef9-4ef7-adaa-cd204c8c44d8'), 'id__1': UUID('05e6168e-d1ca-4a59-9127-5045f91d4169'), 'due_date__1': datetime.date(2026, 10, 21), 'status__1': 'PENDING', 'installment_number__1': 2, 'total_installments__1': 3, 'amount__1': Decimal('1050.00'), 'invoice_id__1': UUID('99511b35-bef9-4ef7-adaa-cd204c8c44d8'), 'id__2': UUID('a1660acb-cba6-4d25-abef-f87b0dc2a40c'), 'due_date__2': datetime.date(2026, 11, 20), 'status__2': 'PENDING', 'installment_number__2': 3, 'total_installments__2': 3, 'amount__2': Decimal('1050.00'), 'invoice_id__2': UUID('99511b35-bef9-4ef7-adaa-cd204c8c44d8')}
[2026-08-22 23:01:31] [INFO   ] [sqlalchemy.engine.Engine:2718] [MainThread] - COMMIT
[2026-08-22 23:01:31] [INFO   ] [sqlalchemy.engine.Engine:2712] [MainThread] - BEGIN (implicit)
[2026-08-22 23:01:31] [INFO   ] [sqlalchemy.engine.Engine:1848] [MainThread] - SELECT invoice.id, invoice.organization_id, invoice.sales_order_id, invoice.invoice_number, invoice.customer_name, invoice.customer_document, invoice.total_amount, invoice.tax_amount, invoice.net_amount, invoice.issue_date, invoice.due_date, invoice.status, invoice.notes, invoice.created_by_id, invoice.created_at, invoice.updated_at 
FROM invoice 
WHERE invoice.id = %(pk_1)s::UUID
[2026-08-22 23:01:31] [INFO   ] [sqlalchemy.engine.Engine:1848] [MainThread] - [generated in 0.00012s] {'pk_1': UUID('99511b35-bef9-4ef7-adaa-cd204c8c44d8')}
[2026-08-22 23:01:31] [INFO   ] [sqlalchemy.engine.Engine:1848] [MainThread] - SELECT invoice_installment.id AS invoice_installment_id, invoice_installment.invoice_id AS invoice_installment_invoice_id, invoice_installment.installment_number AS invoice_installment_installment_number, invoice_installment.total_installments AS invoice_installment_total_installments, invoice_installment.amount AS invoice_installment_amount, invoice_installment.due_date AS invoice_installment_due_date, invoice_installment.status AS invoice_installment_status 
FROM invoice_installment 
WHERE %(param_1)s::UUID = invoice_installment.invoice_id
[2026-08-22 23:01:31] [INFO   ] [sqlalchemy.engine.Engine:1848] [MainThread] - [generated in 0.00012s] {'param_1': UUID('99511b35-bef9-4ef7-adaa-cd204c8c44d8')}
[2026-08-22 23:01:31] [INFO   ] [controlb:79] [MainThread] - 🧾 [INVOICE CREATED] Fatura #FAT-20260822-9939 emitida para 'Empresa Cliente S.A.': 3150.00 R$ em 3 parcela(s)
[2026-08-22 23:01:31] [INFO   ] [sqlalchemy.engine.Engine:1848] [MainThread] - SELECT receivable.id, receivable.organization_id, receivable.customer_name, receivable.customer_document, receivable.fiscal_document_id, receivable.cost_center_id, receivable.financial_category_id, receivable.description, receivable.original_amount, receivable.outstanding_amount, receivable.issue_date, receivable.due_date, receivable.payment_method_expected, receivable.status, receivable.notes, receivable.created_at, receivable.updated_at 
FROM receivable 
WHERE receivable.organization_id = %(organization_id_1)s::UUID ORDER BY receivable.due_date ASC, receivable.created_at DESC
[2026-08-22 23:01:31] [INFO   ] [sqlalchemy.engine.Engine:1848] [MainThread] - [generated in 0.00011s] {'organization_id_1': UUID('6bad70f7-e0e1-459e-b029-09be2dceba02')}
[2026-08-22 23:01:31] [INFO   ] [sqlalchemy.engine.Engine:1848] [MainThread] - SELECT receipt.receivable_id AS receipt_receivable_id, receipt.id AS receipt_id, receipt.organization_id AS receipt_organization_id, receipt.bank_account_id AS receipt_bank_account_id, receipt.amount AS receipt_amount, receipt.receipt_date AS receipt_receipt_date, receipt.payment_method AS receipt_payment_method, receipt.reference AS receipt_reference, receipt.notes AS receipt_notes, receipt.received_by_id AS receipt_received_by_id, receipt.created_at AS receipt_created_at 
FROM receipt 
WHERE receipt.receivable_id IN (%(primary_keys_1)s::UUID, %(primary_keys_2)s::UUID, %(primary_keys_3)s::UUID)
[2026-08-22 23:01:31] [INFO   ] [sqlalchemy.engine.Engine:1848] [MainThread] - [generated in 0.00015s] {'primary_keys_1': UUID('1cfb5686-5a37-43a2-ac5b-f58047de6803'), 'primary_keys_2': UUID('7940442a-4ea9-4aa0-ac48-65f072daa6e4'), 'primary_keys_3': UUID('9c1c9616-2c79-4ed0-b9bd-d107fb6de662')}
[2026-08-22 23:01:31] [INFO   ] [sqlalchemy.engine.Engine:2715] [MainThread] - ROLLBACK
[2026-08-22 23:01:31] [INFO   ] [sqlalchemy.engine.Engine:2712] [MainThread] - BEGIN (implicit)
[2026-08-22 23:01:31] [INFO   ] [sqlalchemy.engine.Engine:1848] [MainThread] - INSERT INTO organization (id, name, is_active, created_at, updated_at) VALUES (%(id)s::UUID, %(name)s::VARCHAR, %(is_active)s, %(created_at)s::TIMESTAMP WITH TIME ZONE, %(updated_at)s::TIMESTAMP WITH TIME ZONE)
[2026-08-22 23:01:31] [INFO   ] [sqlalchemy.engine.Engine:1848] [MainThread] - [cached since 0.3965s ago] {'id': UUID('e1fab06d-7d1d-4a10-b204-7342f1170e0a'), 'name': 'Matriz Teste 741362', 'is_active': True, 'created_at': datetime.datetime(2026, 8, 23, 2, 1, 31, 562711, tzinfo=datetime.timezone.utc), 'updated_at': datetime.datetime(2026, 8, 23, 2, 1, 31, 562713, tzinfo=datetime.timezone.utc)}
[2026-08-22 23:01:31] [INFO   ] [sqlalchemy.engine.Engine:2718] [MainThread] - COMMIT
[2026-08-22 23:01:31] [INFO   ] [sqlalchemy.engine.Engine:2712] [MainThread] - BEGIN (implicit)
[2026-08-22 23:01:31] [INFO   ] [sqlalchemy.engine.Engine:1848] [MainThread] - SELECT organization.id, organization.name, organization.is_active, organization.created_at, organization.updated_at 
FROM organization 
WHERE organization.id = %(pk_1)s::UUID
[2026-08-22 23:01:31] [INFO   ] [sqlalchemy.engine.Engine:1848] [MainThread] - [cached since 0.3902s ago] {'pk_1': UUID('e1fab06d-7d1d-4a10-b204-7342f1170e0a')}
[2026-08-22 23:01:31] [INFO   ] [sqlalchemy.engine.Engine:1848] [MainThread] - INSERT INTO contact (id, organization_id, full_name, email, phone, mobile, document, position, notes, is_active, created_at, updated_at) VALUES (%(id)s::UUID, %(organization_id)s::UUID, %(full_name)s::VARCHAR, %(email)s::VARCHAR, %(phone)s::VARCHAR, %(mobile)s::VARCHAR, %(document)s::VARCHAR, %(position)s::VARCHAR, %(notes)s::VARCHAR, %(is_active)s, %(created_at)s::TIMESTAMP WITH TIME ZONE, %(updated_at)s::TIMESTAMP WITH TIME ZONE)
[2026-08-22 23:01:31] [INFO   ] [sqlalchemy.engine.Engine:1848] [MainThread] - [cached since 0.3778s ago] {'id': UUID('06cad5d8-1ddc-4e0c-ade4-3ccae46542c0'), 'organization_id': UUID('e1fab06d-7d1d-4a10-b204-7342f1170e0a'), 'full_name': 'Carlos Eduardo Silveira', 'email': 'carlos.silveira@hospitalalvorada.com.br', 'phone': '1133334444', 'mobile': '11999998888', 'document': '123.456.789-00', 'position': 'Diretor de Suprimentos', 'notes': None, 'is_active': True, 'created_at': datetime.datetime(2026, 8, 23, 2, 1, 31, 568057, tzinfo=datetime.timezone.utc), 'updated_at': datetime.datetime(2026, 8, 23, 2, 1, 31, 568058, tzinfo=datetime.timezone.utc)}
[2026-08-22 23:01:31] [INFO   ] [sqlalchemy.engine.Engine:2718] [MainThread] - COMMIT
[2026-08-22 23:01:31] [INFO   ] [sqlalchemy.engine.Engine:2712] [MainThread] - BEGIN (implicit)
[2026-08-22 23:01:31] [INFO   ] [sqlalchemy.engine.Engine:1848] [MainThread] - SELECT contact.id, contact.organization_id, contact.full_name, contact.email, contact.phone, contact.mobile, contact.document, contact.position, contact.notes, contact.is_active, contact.created_at, contact.updated_at 
FROM contact 
WHERE contact.id = %(pk_1)s::UUID
[2026-08-22 23:01:31] [INFO   ] [sqlalchemy.engine.Engine:1848] [MainThread] - [cached since 0.3741s ago] {'pk_1': UUID('06cad5d8-1ddc-4e0c-ade4-3ccae46542c0')}
[2026-08-22 23:01:31] [INFO   ] [sqlalchemy.engine.Engine:1848] [MainThread] - SELECT customer.id, customer.organization_id, customer.contact_id, customer.person_type, customer.document, customer.name, customer.trade_name, customer.state_registration, customer.email, customer.phone, customer.address_street, customer.address_number, customer.address_neighborhood, customer.address_city, customer.address_state, customer.address_zip_code, customer.credit_limit, customer.is_active, customer.notes, customer.created_at, customer.updated_at 
FROM customer 
WHERE customer.document = %(document_1)s::VARCHAR AND customer.organization_id = %(organization_id_1)s::UUID
[2026-08-22 23:01:31] [INFO   ] [sqlalchemy.engine.Engine:1848] [MainThread] - [cached since 0.3731s ago] {'document_1': '11.222.333/0001-99', 'organization_id_1': UUID('e1fab06d-7d1d-4a10-b204-7342f1170e0a')}
[2026-08-22 23:01:31] [INFO   ] [sqlalchemy.engine.Engine:1848] [MainThread] - INSERT INTO customer (id, organization_id, contact_id, person_type, document, name, trade_name, state_registration, email, phone, address_street, address_number, address_neighborhood, address_city, address_state, address_zip_code, credit_limit, is_active, notes, created_at, updated_at) VALUES (%(id)s::UUID, %(organization_id)s::UUID, %(contact_id)s::UUID, %(person_type)s::VARCHAR, %(document)s::VARCHAR, %(name)s::VARCHAR, %(trade_name)s::VARCHAR, %(state_registration)s::VARCHAR, %(email)s::VARCHAR, %(phone)s::VARCHAR, %(address_street)s::VARCHAR, %(address_number)s::VARCHAR, %(address_neighborhood)s::VARCHAR, %(address_city)s::VARCHAR, %(address_state)s::VARCHAR, %(address_zip_code)s::VARCHAR, %(credit_limit)s, %(is_active)s, %(notes)s::VARCHAR, %(created_at)s::TIMESTAMP WITH TIME ZONE, %(updated_at)s::TIMESTAMP WITH TIME ZONE)
[2026-08-22 23:01:31] [INFO   ] [sqlalchemy.engine.Engine:1848] [MainThread] - [cached since 0.3667s ago] {'id': UUID('d9bd974b-29b0-428c-b50e-0b2b9ca4c177'), 'organization_id': UUID('e1fab06d-7d1d-4a10-b204-7342f1170e0a'), 'contact_id': UUID('06cad5d8-1ddc-4e0c-ade4-3ccae46542c0'), 'person_type': 'PJ', 'document': '11.222.333/0001-99', 'name': 'Hospital Alvorada Diagnósticos S.A.', 'trade_name': 'Hospital Alvorada', 'state_registration': '123456789', 'email': 'contato@hospitalalvorada.com.br', 'phone': None, 'address_street': None, 'address_number': None, 'address_neighborhood': None, 'address_city': None, 'address_state': None, 'address_zip_code': None, 'credit_limit': Decimal('50000.00'), 'is_active': True, 'notes': None, 'created_at': datetime.datetime(2026, 8, 23, 2, 1, 31, 573524, tzinfo=datetime.timezone.utc), 'updated_at': datetime.datetime(2026, 8, 23, 2, 1, 31, 573525, tzinfo=datetime.timezone.utc)}
[2026-08-22 23:01:31] [INFO   ] [sqlalchemy.engine.Engine:2718] [MainThread] - COMMIT
[2026-08-22 23:01:31] [INFO   ] [sqlalchemy.engine.Engine:2712] [MainThread] - BEGIN (implicit)
[2026-08-22 23:01:31] [INFO   ] [sqlalchemy.engine.Engine:1848] [MainThread] - SELECT customer.id, customer.organization_id, customer.contact_id, customer.person_type, customer.document, customer.name, customer.trade_name, customer.state_registration, customer.email, customer.phone, customer.address_street, customer.address_number, customer.address_neighborhood, customer.address_city, customer.address_state, customer.address_zip_code, customer.credit_limit, customer.is_active, customer.notes, customer.created_at, customer.updated_at 
FROM customer 
WHERE customer.id = %(pk_1)s::UUID
[2026-08-22 23:01:31] [INFO   ] [sqlalchemy.engine.Engine:1848] [MainThread] - [cached since 0.3645s ago] {'pk_1': UUID('d9bd974b-29b0-428c-b50e-0b2b9ca4c177')}
[2026-08-22 23:01:31] [INFO   ] [sqlalchemy.engine.Engine:1848] [MainThread] - SELECT customer.id, customer.organization_id, customer.contact_id, customer.person_type, customer.document, customer.name, customer.trade_name, customer.state_registration, customer.email, customer.phone, customer.address_street, customer.address_number, customer.address_neighborhood, customer.address_city, customer.address_state, customer.address_zip_code, customer.credit_limit, customer.is_active, customer.notes, customer.created_at, customer.updated_at 
FROM customer 
WHERE customer.organization_id = %(organization_id_1)s::UUID AND (customer.name ILIKE %(name_1)s::VARCHAR OR customer.document ILIKE %(document_1)s::VARCHAR OR customer.trade_name ILIKE %(trade_name_1)s::VARCHAR OR customer.email ILIKE %(email_1)s::VARCHAR OR customer.phone ILIKE %(phone_1)s::VARCHAR) ORDER BY customer.name
[2026-08-22 23:01:31] [INFO   ] [sqlalchemy.engine.Engine:1848] [MainThread] - [generated in 0.00013s] {'organization_id_1': UUID('e1fab06d-7d1d-4a10-b204-7342f1170e0a'), 'name_1': '%Alvorada%', 'document_1': '%Alvorada%', 'trade_name_1': '%Alvorada%', 'email_1': '%Alvorada%', 'phone_1': '%Alvorada%'}
[2026-08-22 23:01:31] [INFO   ] [sqlalchemy.engine.Engine:2715] [MainThread] - ROLLBACK
[2026-08-22 23:01:31] [INFO   ] [sqlalchemy.engine.Engine:2712] [MainThread] - BEGIN (implicit)
[2026-08-22 23:01:31] [INFO   ] [sqlalchemy.engine.Engine:1848] [MainThread] - INSERT INTO organization (id, name, is_active, created_at, updated_at) VALUES (%(id)s::UUID, %(name)s::VARCHAR, %(is_active)s, %(created_at)s::TIMESTAMP WITH TIME ZONE, %(updated_at)s::TIMESTAMP WITH TIME ZONE)
[2026-08-22 23:01:31] [INFO   ] [sqlalchemy.engine.Engine:1848] [MainThread] - [cached since 0.4169s ago] {'id': UUID('6394f357-89d2-4da2-a342-d9a42ffd6b51'), 'name': 'Matriz Teste 75c7a3', 'is_active': True, 'created_at': datetime.datetime(2026, 8, 23, 2, 1, 31, 583091, tzinfo=datetime.timezone.utc), 'updated_at': datetime.datetime(2026, 8, 23, 2, 1, 31, 583093, tzinfo=datetime.timezone.utc)}
[2026-08-22 23:01:31] [INFO   ] [sqlalchemy.engine.Engine:2718] [MainThread] - COMMIT
[2026-08-22 23:01:31] [INFO   ] [sqlalchemy.engine.Engine:2712] [MainThread] - BEGIN (implicit)
[2026-08-22 23:01:31] [INFO   ] [sqlalchemy.engine.Engine:1848] [MainThread] - SELECT organization.id, organization.name, organization.is_active, organization.created_at, organization.updated_at 
FROM organization 
WHERE organization.id = %(pk_1)s::UUID
[2026-08-22 23:01:31] [INFO   ] [sqlalchemy.engine.Engine:1848] [MainThread] - [cached since 0.4099s ago] {'pk_1': UUID('6394f357-89d2-4da2-a342-d9a42ffd6b51')}
[2026-08-22 23:01:31] [INFO   ] [sqlalchemy.engine.Engine:1848] [MainThread] - INSERT INTO "user" (id, organization_id, role_id, email, full_name, hashed_password, is_active, created_at, updated_at) VALUES (%(id)s::UUID, %(organization_id)s::UUID, %(role_id)s::UUID, %(email)s::VARCHAR, %(full_name)s::VARCHAR, %(hashed_password)s::VARCHAR, %(is_active)s, %(created_at)s::TIMESTAMP WITH TIME ZONE, %(updated_at)s::TIMESTAMP WITH TIME ZONE)
[2026-08-22 23:01:31] [INFO   ] [sqlalchemy.engine.Engine:1848] [MainThread] - [cached since 0.4069s ago] {'id': UUID('b035955f-4730-4b16-b071-274e3f3e9f8a'), 'organization_id': UUID('6394f357-89d2-4da2-a342-d9a42ffd6b51'), 'role_id': None, 'email': 'vendedor_4cd641@empresa.com', 'full_name': 'Vendedor Teste', 'hashed_password': 'hash123', 'is_active': True, 'created_at': datetime.datetime(2026, 8, 23, 2, 1, 31, 587598, tzinfo=datetime.timezone.utc), 'updated_at': datetime.datetime(2026, 8, 23, 2, 1, 31, 587599, tzinfo=datetime.timezone.utc)}
[2026-08-22 23:01:31] [INFO   ] [sqlalchemy.engine.Engine:2718] [MainThread] - COMMIT
[2026-08-22 23:01:31] [INFO   ] [sqlalchemy.engine.Engine:2712] [MainThread] - BEGIN (implicit)
[2026-08-22 23:01:31] [INFO   ] [sqlalchemy.engine.Engine:1848] [MainThread] - SELECT "user".id, "user".organization_id, "user".role_id, "user".email, "user".full_name, "user".hashed_password, "user".is_active, "user".created_at, "user".updated_at 
FROM "user" 
WHERE "user".id = %(pk_1)s::UUID
[2026-08-22 23:01:31] [INFO   ] [sqlalchemy.engine.Engine:1848] [MainThread] - [cached since 0.4028s ago] {'pk_1': UUID('b035955f-4730-4b16-b071-274e3f3e9f8a')}
[2026-08-22 23:01:31] [INFO   ] [sqlalchemy.engine.Engine:1848] [MainThread] - INSERT INTO product_category (id, organization_id, name, code, description, is_active, created_at, updated_at) VALUES (%(id)s::UUID, %(organization_id)s::UUID, %(name)s::VARCHAR, %(code)s::VARCHAR, %(description)s::VARCHAR, %(is_active)s, %(created_at)s::TIMESTAMP WITH TIME ZONE, %(updated_at)s::TIMESTAMP WITH TIME ZONE)
[2026-08-22 23:01:31] [INFO   ] [sqlalchemy.engine.Engine:1848] [MainThread] - [cached since 0.2735s ago] {'id': UUID('011877ce-7bee-43ba-885f-03ec9c2b381d'), 'organization_id': UUID('6394f357-89d2-4da2-a342-d9a42ffd6b51'), 'name': 'Cat_4bfc', 'code': 'C4FB', 'description': None, 'is_active': True, 'created_at': datetime.datetime(2026, 8, 23, 2, 1, 31, 592097, tzinfo=datetime.timezone.utc), 'updated_at': datetime.datetime(2026, 8, 23, 2, 1, 31, 592099, tzinfo=datetime.timezone.utc)}
[2026-08-22 23:01:31] [INFO   ] [sqlalchemy.engine.Engine:2718] [MainThread] - COMMIT
[2026-08-22 23:01:31] [INFO   ] [sqlalchemy.engine.Engine:2712] [MainThread] - BEGIN (implicit)
[2026-08-22 23:01:31] [INFO   ] [sqlalchemy.engine.Engine:1848] [MainThread] - SELECT product_category.id, product_category.organization_id, product_category.name, product_category.code, product_category.description, product_category.is_active, product_category.created_at, product_category.updated_at 
FROM product_category 
WHERE product_category.id = %(pk_1)s::UUID
[2026-08-22 23:01:31] [INFO   ] [sqlalchemy.engine.Engine:1848] [MainThread] - [cached since 0.2687s ago] {'pk_1': UUID('011877ce-7bee-43ba-885f-03ec9c2b381d')}
[2026-08-22 23:01:31] [INFO   ] [sqlalchemy.engine.Engine:1848] [MainThread] - INSERT INTO product (id, organization_id, category_id, sku, name, description, unit_of_measure, reference_price, cost_price, sale_price, external_code, brand, barcode, ncm, is_perishable, requires_batch, shelf_life_days, current_stock, min_stock, max_stock, storage_location, is_active, created_at, updated_at) VALUES (%(id)s::UUID, %(organization_id)s::UUID, %(category_id)s::UUID, %(sku)s::VARCHAR, %(name)s::VARCHAR, %(description)s::VARCHAR, %(unit_of_measure)s::VARCHAR, %(reference_price)s, %(cost_price)s, %(sale_price)s, %(external_code)s::VARCHAR, %(brand)s::VARCHAR, %(barcode)s::VARCHAR, %(ncm)s::VARCHAR, %(is_perishable)s, %(requires_batch)s, %(shelf_life_days)s::INTEGER, %(current_stock)s, %(min_stock)s, %(max_stock)s, %(storage_location)s::VARCHAR, %(is_active)s, %(created_at)s::TIMESTAMP WITH TIME ZONE, %(updated_at)s::TIMESTAMP WITH TIME ZONE)
[2026-08-22 23:01:31] [INFO   ] [sqlalchemy.engine.Engine:1848] [MainThread] - [cached since 0.2677s ago] {'id': UUID('7bcf1674-2d58-4994-8382-1c0d9ae1482c'), 'organization_id': UUID('6394f357-89d2-4da2-a342-d9a42ffd6b51'), 'category_id': UUID('011877ce-7bee-43ba-885f-03ec9c2b381d'), 'sku': 'SKU-81807B', 'name': 'Dipirona 500mg', 'description': None, 'unit_of_measure': 'UN', 'reference_price': Decimal('12.50'), 'cost_price': Decimal('0.0000'), 'sale_price': Decimal('0.0000'), 'external_code': None, 'brand': None, 'barcode': None, 'ncm': None, 'is_perishable': False, 'requires_batch': False, 'shelf_life_days': None, 'current_stock': Decimal('100'), 'min_stock': Decimal('10'), 'max_stock': Decimal('200'), 'storage_location': None, 'is_active': True, 'created_at': datetime.datetime(2026, 8, 23, 2, 1, 31, 596738, tzinfo=datetime.timezone.utc), 'updated_at': datetime.datetime(2026, 8, 23, 2, 1, 31, 596740, tzinfo=datetime.timezone.utc)}
[2026-08-22 23:01:31] [INFO   ] [sqlalchemy.engine.Engine:2718] [MainThread] - COMMIT
[2026-08-22 23:01:31] [INFO   ] [sqlalchemy.engine.Engine:2712] [MainThread] - BEGIN (implicit)
[2026-08-22 23:01:31] [INFO   ] [sqlalchemy.engine.Engine:1848] [MainThread] - SELECT product.id, product.organization_id, product.category_id, product.sku, product.name, product.description, product.unit_of_measure, product.reference_price, product.cost_price, product.sale_price, product.external_code, product.brand, product.barcode, product.ncm, product.is_perishable, product.requires_batch, product.shelf_life_days, product.current_stock, product.min_stock, product.max_stock, product.storage_location, product.is_active, product.created_at, product.updated_at 
FROM product 
WHERE product.id = %(pk_1)s::UUID
[2026-08-22 23:01:31] [INFO   ] [sqlalchemy.engine.Engine:1848] [MainThread] - [cached since 0.2609s ago] {'pk_1': UUID('7bcf1674-2d58-4994-8382-1c0d9ae1482c')}
[2026-08-22 23:01:31] [INFO   ] [sqlalchemy.engine.Engine:1848] [MainThread] - SELECT product.id, product.organization_id, product.category_id, product.sku, product.name, product.description, product.unit_of_measure, product.reference_price, product.cost_price, product.sale_price, product.external_code, product.brand, product.barcode, product.ncm, product.is_perishable, product.requires_batch, product.shelf_life_days, product.current_stock, product.min_stock, product.max_stock, product.storage_location, product.is_active, product.created_at, product.updated_at 
FROM product 
WHERE product.id = %(id_1)s::UUID AND product.organization_id = %(organization_id_1)s::UUID
[2026-08-22 23:01:31] [INFO   ] [sqlalchemy.engine.Engine:1848] [MainThread] - [cached since 0.2601s ago] {'id_1': UUID('7bcf1674-2d58-4994-8382-1c0d9ae1482c'), 'organization_id_1': UUID('6394f357-89d2-4da2-a342-d9a42ffd6b51')}
[2026-08-22 23:01:31] [INFO   ] [sqlalchemy.engine.Engine:1848] [MainThread] - SELECT product_category.id AS product_category_id, product_category.organization_id AS product_category_organization_id, product_category.name AS product_category_name, product_category.code AS product_category_code, product_category.description AS product_category_description, product_category.is_active AS product_category_is_active, product_category.created_at AS product_category_created_at, product_category.updated_at AS product_category_updated_at 
FROM product_category 
WHERE product_category.id IN (%(primary_keys_1)s::UUID)
[2026-08-22 23:01:31] [INFO   ] [sqlalchemy.engine.Engine:1848] [MainThread] - [cached since 0.2592s ago] {'primary_keys_1': UUID('011877ce-7bee-43ba-885f-03ec9c2b381d')}
[2026-08-22 23:01:31] [INFO   ] [sqlalchemy.engine.Engine:1848] [MainThread] - SELECT business_document.id, business_document.organization_id, business_document.document_type, business_document.native_id, business_document.document_number, business_document.current_status, business_document.issued_at, business_document.created_by_id, business_document.created_at, business_document.updated_at 
FROM business_document 
WHERE business_document.organization_id = %(organization_id_1)s::UUID AND business_document.document_type = %(document_type_1)s::VARCHAR AND business_document.native_id = %(native_id_1)s::UUID
[2026-08-22 23:01:31] [INFO   ] [sqlalchemy.engine.Engine:1848] [MainThread] - [cached since 0.2586s ago] {'organization_id_1': UUID('6394f357-89d2-4da2-a342-d9a42ffd6b51'), 'document_type_1': 'SALES_QUOTE', 'native_id_1': UUID('922f3e62-7885-4d79-a0ae-076de15576e2')}
[2026-08-22 23:01:31] [INFO   ] [sqlalchemy.engine.Engine:1848] [MainThread] - INSERT INTO business_document (id, organization_id, document_type, native_id, document_number, current_status, issued_at, created_by_id, created_at, updated_at) VALUES (%(id)s::UUID, %(organization_id)s::UUID, %(document_type)s::VARCHAR, %(native_id)s::UUID, %(document_number)s::VARCHAR, %(current_status)s::VARCHAR, %(issued_at)s::TIMESTAMP WITH TIME ZONE, %(created_by_id)s::UUID, %(created_at)s::TIMESTAMP WITH TIME ZONE, %(updated_at)s::TIMESTAMP WITH TIME ZONE)
[2026-08-22 23:01:31] [INFO   ] [sqlalchemy.engine.Engine:1848] [MainThread] - [cached since 0.2529s ago] {'id': UUID('d8fc3d25-110c-4eac-b1d8-219e1907d70f'), 'organization_id': UUID('6394f357-89d2-4da2-a342-d9a42ffd6b51'), 'document_type': 'SALES_QUOTE', 'native_id': UUID('922f3e62-7885-4d79-a0ae-076de15576e2'), 'document_number': 'ORC-20260822-F939', 'current_status': 'DRAFT', 'issued_at': None, 'created_by_id': UUID('b035955f-4730-4b16-b071-274e3f3e9f8a'), 'created_at': datetime.datetime(2026, 8, 23, 2, 1, 31, 605165, tzinfo=datetime.timezone.utc), 'updated_at': datetime.datetime(2026, 8, 23, 2, 1, 31, 605166, tzinfo=datetime.timezone.utc)}
[2026-08-22 23:01:31] [INFO   ] [sqlalchemy.engine.Engine:1848] [MainThread] - INSERT INTO sales_quote (id, organization_id, customer_id, opportunity_id, document_id, quote_number, customer_name, customer_document, customer_email, customer_phone, total_amount, discount_amount, net_amount, payment_terms, valid_until, status, notes, created_by_id, created_at, updated_at) VALUES (%(id)s::UUID, %(organization_id)s::UUID, %(customer_id)s::UUID, %(opportunity_id)s::UUID, %(document_id)s::UUID, %(quote_number)s::VARCHAR, %(customer_name)s::VARCHAR, %(customer_document)s::VARCHAR, %(customer_email)s::VARCHAR, %(customer_phone)s::VARCHAR, %(total_amount)s, %(discount_amount)s, %(net_amount)s, %(payment_terms)s::VARCHAR, %(valid_until)s::DATE, %(status)s::VARCHAR, %(notes)s::VARCHAR, %(created_by_id)s::UUID, %(created_at)s::TIMESTAMP WITH TIME ZONE, %(updated_at)s::TIMESTAMP WITH TIME ZONE)
[2026-08-22 23:01:31] [INFO   ] [sqlalchemy.engine.Engine:1848] [MainThread] - [cached since 0.2502s ago] {'id': UUID('922f3e62-7885-4d79-a0ae-076de15576e2'), 'organization_id': UUID('6394f357-89d2-4da2-a342-d9a42ffd6b51'), 'customer_id': None, 'opportunity_id': None, 'document_id': UUID('d8fc3d25-110c-4eac-b1d8-219e1907d70f'), 'quote_number': 'ORC-20260822-F939', 'customer_name': 'Drogaria Central', 'customer_document': '44.555.666/0001-77', 'customer_email': None, 'customer_phone': None, 'total_amount': Decimal('150.00'), 'discount_amount': Decimal('5.00'), 'net_amount': Decimal('145.00'), 'payment_terms': 'À Vista', 'valid_until': datetime.date(2026, 8, 29), 'status': 'DRAFT', 'notes': None, 'created_by_id': UUID('b035955f-4730-4b16-b071-274e3f3e9f8a'), 'created_at': datetime.datetime(2026, 8, 23, 2, 1, 31, 606440, tzinfo=datetime.timezone.utc), 'updated_at': datetime.datetime(2026, 8, 23, 2, 1, 31, 606441, tzinfo=datetime.timezone.utc)}
[2026-08-22 23:01:31] [INFO   ] [sqlalchemy.engine.Engine:1848] [MainThread] - INSERT INTO sales_quote_item (id, quote_id, product_id, quantity, unit_price, discount_amount, total_price, notes) VALUES (%(id)s::UUID, %(quote_id)s::UUID, %(product_id)s::UUID, %(quantity)s, %(unit_price)s, %(discount_amount)s, %(total_price)s, %(notes)s::VARCHAR)
[2026-08-22 23:01:31] [INFO   ] [sqlalchemy.engine.Engine:1848] [MainThread] - [cached since 0.2449s ago] {'id': UUID('73d4352e-6872-4b74-a0ca-565a7c751f01'), 'quote_id': UUID('922f3e62-7885-4d79-a0ae-076de15576e2'), 'product_id': UUID('7bcf1674-2d58-4994-8382-1c0d9ae1482c'), 'quantity': Decimal('10'), 'unit_price': Decimal('15.00'), 'discount_amount': Decimal('5.00'), 'total_price': Decimal('145.00'), 'notes': None}
[2026-08-22 23:01:31] [INFO   ] [sqlalchemy.engine.Engine:1848] [MainThread] - SELECT sales_quote.id, sales_quote.organization_id, sales_quote.customer_id, sales_quote.opportunity_id, sales_quote.document_id, sales_quote.quote_number, sales_quote.customer_name, sales_quote.customer_document, sales_quote.customer_email, sales_quote.customer_phone, sales_quote.total_amount, sales_quote.discount_amount, sales_quote.net_amount, sales_quote.payment_terms, sales_quote.valid_until, sales_quote.status, sales_quote.notes, sales_quote.created_by_id, sales_quote.created_at, sales_quote.updated_at 
FROM sales_quote 
WHERE sales_quote.id = %(pk_1)s::UUID
[2026-08-22 23:01:31] [INFO   ] [sqlalchemy.engine.Engine:1848] [MainThread] - [cached since 0.2414s ago] {'pk_1': UUID('922f3e62-7885-4d79-a0ae-076de15576e2')}
[2026-08-22 23:01:31] [INFO   ] [sqlalchemy.engine.Engine:1848] [MainThread] - SELECT sales_quote_item.id AS sales_quote_item_id, sales_quote_item.quote_id AS sales_quote_item_quote_id, sales_quote_item.product_id AS sales_quote_item_product_id, sales_quote_item.quantity AS sales_quote_item_quantity, sales_quote_item.unit_price AS sales_quote_item_unit_price, sales_quote_item.discount_amount AS sales_quote_item_discount_amount, sales_quote_item.total_price AS sales_quote_item_total_price, sales_quote_item.notes AS sales_quote_item_notes 
FROM sales_quote_item 
WHERE %(param_1)s::UUID = sales_quote_item.quote_id
[2026-08-22 23:01:31] [INFO   ] [sqlalchemy.engine.Engine:1848] [MainThread] - [cached since 0.2406s ago] {'param_1': UUID('922f3e62-7885-4d79-a0ae-076de15576e2')}
[2026-08-22 23:01:31] [INFO   ] [sqlalchemy.engine.Engine:1848] [MainThread] - SELECT document_event.id, document_event.organization_id, document_event.document_id, document_event.event_type, document_event.previous_status, document_event.new_status, document_event.event_metadata, document_event.idempotency_key, document_event.created_by_id, document_event.created_at 
FROM document_event 
WHERE document_event.organization_id = %(organization_id_1)s::UUID AND document_event.idempotency_key = %(idempotency_key_1)s::VARCHAR
[2026-08-22 23:01:31] [INFO   ] [sqlalchemy.engine.Engine:1848] [MainThread] - [cached since 0.2398s ago] {'organization_id_1': UUID('6394f357-89d2-4da2-a342-d9a42ffd6b51'), 'idempotency_key_1': 'sales-quote:922f3e62-7885-4d79-a0ae-076de15576e2:created'}
[2026-08-22 23:01:31] [INFO   ] [sqlalchemy.engine.Engine:1848] [MainThread] - UPDATE business_document SET issued_at=%(issued_at)s::TIMESTAMP WITH TIME ZONE, updated_at=%(updated_at)s::TIMESTAMP WITH TIME ZONE WHERE business_document.id = %(business_document_id)s::UUID
[2026-08-22 23:01:31] [INFO   ] [sqlalchemy.engine.Engine:1848] [MainThread] - [cached since 0.236s ago] {'issued_at': datetime.datetime(2026, 8, 23, 2, 1, 31, 606440, tzinfo=datetime.timezone.utc), 'updated_at': datetime.datetime(2026, 8, 23, 2, 1, 31, 611391, tzinfo=datetime.timezone.utc), 'business_document_id': UUID('d8fc3d25-110c-4eac-b1d8-219e1907d70f')}
[2026-08-22 23:01:31] [INFO   ] [sqlalchemy.engine.Engine:1848] [MainThread] - INSERT INTO document_event (id, organization_id, document_id, event_type, previous_status, new_status, event_metadata, idempotency_key, created_by_id, created_at) VALUES (%(id)s::UUID, %(organization_id)s::UUID, %(document_id)s::UUID, %(event_type)s::VARCHAR, %(previous_status)s::VARCHAR, %(new_status)s::VARCHAR, %(event_metadata)s::JSON, %(idempotency_key)s::VARCHAR, %(created_by_id)s::UUID, %(created_at)s::TIMESTAMP WITH TIME ZONE)
[2026-08-22 23:01:31] [INFO   ] [sqlalchemy.engine.Engine:1848] [MainThread] - [cached since 0.2331s ago] {'id': UUID('e5dd2479-48a4-4665-85b7-35ad83b97718'), 'organization_id': UUID('6394f357-89d2-4da2-a342-d9a42ffd6b51'), 'document_id': UUID('d8fc3d25-110c-4eac-b1d8-219e1907d70f'), 'event_type': 'CREATED', 'previous_status': None, 'new_status': 'DRAFT', 'event_metadata': Json({}), 'idempotency_key': 'sales-quote:922f3e62-7885-4d79-a0ae-076de15576e2:created', 'created_by_id': UUID('b035955f-4730-4b16-b071-274e3f3e9f8a'), 'created_at': datetime.datetime(2026, 8, 23, 2, 1, 31, 612285, tzinfo=datetime.timezone.utc)}
[2026-08-22 23:01:31] [INFO   ] [sqlalchemy.engine.Engine:2718] [MainThread] - COMMIT
[2026-08-22 23:01:31] [INFO   ] [sqlalchemy.engine.Engine:2712] [MainThread] - BEGIN (implicit)
[2026-08-22 23:01:31] [INFO   ] [sqlalchemy.engine.Engine:1848] [MainThread] - SELECT sales_quote.id, sales_quote.organization_id, sales_quote.customer_id, sales_quote.opportunity_id, sales_quote.document_id, sales_quote.quote_number, sales_quote.customer_name, sales_quote.customer_document, sales_quote.customer_email, sales_quote.customer_phone, sales_quote.total_amount, sales_quote.discount_amount, sales_quote.net_amount, sales_quote.payment_terms, sales_quote.valid_until, sales_quote.status, sales_quote.notes, sales_quote.created_by_id, sales_quote.created_at, sales_quote.updated_at 
FROM sales_quote 
WHERE sales_quote.id = %(id_1)s::UUID AND sales_quote.organization_id = %(organization_id_1)s::UUID FOR UPDATE
[2026-08-22 23:01:31] [INFO   ] [sqlalchemy.engine.Engine:1848] [MainThread] - [generated in 0.00011s] {'id_1': UUID('922f3e62-7885-4d79-a0ae-076de15576e2'), 'organization_id_1': UUID('6394f357-89d2-4da2-a342-d9a42ffd6b51')}
[2026-08-22 23:01:31] [INFO   ] [sqlalchemy.engine.Engine:1848] [MainThread] - SELECT sales_quote_item.quote_id AS sales_quote_item_quote_id, sales_quote_item.id AS sales_quote_item_id, sales_quote_item.product_id AS sales_quote_item_product_id, sales_quote_item.quantity AS sales_quote_item_quantity, sales_quote_item.unit_price AS sales_quote_item_unit_price, sales_quote_item.discount_amount AS sales_quote_item_discount_amount, sales_quote_item.total_price AS sales_quote_item_total_price, sales_quote_item.notes AS sales_quote_item_notes 
FROM sales_quote_item 
WHERE sales_quote_item.quote_id IN (%(primary_keys_1)s::UUID)
[2026-08-22 23:01:31] [INFO   ] [sqlalchemy.engine.Engine:1848] [MainThread] - [generated in 0.00014s] {'primary_keys_1': UUID('922f3e62-7885-4d79-a0ae-076de15576e2')}
[2026-08-22 23:01:31] [INFO   ] [sqlalchemy.engine.Engine:1848] [MainThread] - SELECT sales_order.id, sales_order.organization_id, sales_order.customer_id, sales_order.sales_quote_id, sales_order.opportunity_id, sales_order.document_id, sales_order.order_number, sales_order.customer_name, sales_order.customer_document, sales_order.total_amount, sales_order.discount_amount, sales_order.net_amount, sales_order.payment_terms, sales_order.delivery_status, sales_order.billing_status, sales_order.status, sales_order.notes, sales_order.created_by_id, sales_order.created_at, sales_order.updated_at 
FROM sales_order 
WHERE sales_order.sales_quote_id = %(sales_quote_id_1)s::UUID AND sales_order.organization_id = %(organization_id_1)s::UUID
[2026-08-22 23:01:31] [INFO   ] [sqlalchemy.engine.Engine:1848] [MainThread] - [generated in 0.00012s] {'sales_quote_id_1': UUID('922f3e62-7885-4d79-a0ae-076de15576e2'), 'organization_id_1': UUID('6394f357-89d2-4da2-a342-d9a42ffd6b51')}
[2026-08-22 23:01:31] [INFO   ] [sqlalchemy.engine.Engine:2715] [MainThread] - ROLLBACK
[2026-08-22 23:01:31] [INFO   ] [sqlalchemy.engine.Engine:2712] [MainThread] - BEGIN (implicit)
[2026-08-22 23:01:31] [INFO   ] [sqlalchemy.engine.Engine:1848] [MainThread] - SELECT sales_quote.id AS sales_quote_id, sales_quote.organization_id AS sales_quote_organization_id, sales_quote.customer_id AS sales_quote_customer_id, sales_quote.opportunity_id AS sales_quote_opportunity_id, sales_quote.document_id AS sales_quote_document_id, sales_quote.quote_number AS sales_quote_quote_number, sales_quote.customer_name AS sales_quote_customer_name, sales_quote.customer_document AS sales_quote_customer_document, sales_quote.customer_email AS sales_quote_customer_email, sales_quote.customer_phone AS sales_quote_customer_phone, sales_quote.total_amount AS sales_quote_total_amount, sales_quote.discount_amount AS sales_quote_discount_amount, sales_quote.net_amount AS sales_quote_net_amount, sales_quote.payment_terms AS sales_quote_payment_terms, sales_quote.valid_until AS sales_quote_valid_until, sales_quote.status AS sales_quote_status, sales_quote.notes AS sales_quote_notes, sales_quote.created_by_id AS sales_quote_created_by_id, sales_quote.created_at AS sales_quote_created_at, sales_quote.updated_at AS sales_quote_updated_at 
FROM sales_quote 
WHERE sales_quote.id = %(pk_1)s::UUID
[2026-08-22 23:01:31] [INFO   ] [sqlalchemy.engine.Engine:1848] [MainThread] - [generated in 0.00011s] {'pk_1': UUID('922f3e62-7885-4d79-a0ae-076de15576e2')}
[2026-08-22 23:01:31] [INFO   ] [sqlalchemy.engine.Engine:1848] [MainThread] - SELECT sales_quote_item.id AS sales_quote_item_id, sales_quote_item.quote_id AS sales_quote_item_quote_id, sales_quote_item.product_id AS sales_quote_item_product_id, sales_quote_item.quantity AS sales_quote_item_quantity, sales_quote_item.unit_price AS sales_quote_item_unit_price, sales_quote_item.discount_amount AS sales_quote_item_discount_amount, sales_quote_item.total_price AS sales_quote_item_total_price, sales_quote_item.notes AS sales_quote_item_notes 
FROM sales_quote_item 
WHERE %(param_1)s::UUID = sales_quote_item.quote_id
[2026-08-22 23:01:31] [INFO   ] [sqlalchemy.engine.Engine:1848] [MainThread] - [cached since 0.2549s ago] {'param_1': UUID('922f3e62-7885-4d79-a0ae-076de15576e2')}
[2026-08-22 23:01:31] [INFO   ] [sqlalchemy.engine.Engine:1848] [MainThread] - SELECT organization.id AS organization_id, organization.name AS organization_name, organization.is_active AS organization_is_active, organization.created_at AS organization_created_at, organization.updated_at AS organization_updated_at 
FROM organization 
WHERE organization.id = %(pk_1)s::UUID
[2026-08-22 23:01:31] [INFO   ] [sqlalchemy.engine.Engine:1848] [MainThread] - [generated in 0.00011s] {'pk_1': UUID('6394f357-89d2-4da2-a342-d9a42ffd6b51')}
[2026-08-22 23:01:31] [INFO   ] [sqlalchemy.engine.Engine:1848] [MainThread] - SELECT "user".id AS user_id, "user".organization_id AS user_organization_id, "user".role_id AS user_role_id, "user".email AS user_email, "user".full_name AS user_full_name, "user".hashed_password AS user_hashed_password, "user".is_active AS user_is_active, "user".created_at AS user_created_at, "user".updated_at AS user_updated_at 
FROM "user" 
WHERE "user".id = %(pk_1)s::UUID
[2026-08-22 23:01:31] [INFO   ] [sqlalchemy.engine.Engine:1848] [MainThread] - [generated in 0.00012s] {'pk_1': UUID('b035955f-4730-4b16-b071-274e3f3e9f8a')}
[2026-08-22 23:01:31] [INFO   ] [sqlalchemy.engine.Engine:1848] [MainThread] - SELECT sales_quote.id, sales_quote.organization_id, sales_quote.customer_id, sales_quote.opportunity_id, sales_quote.document_id, sales_quote.quote_number, sales_quote.customer_name, sales_quote.customer_document, sales_quote.customer_email, sales_quote.customer_phone, sales_quote.total_amount, sales_quote.discount_amount, sales_quote.net_amount, sales_quote.payment_terms, sales_quote.valid_until, sales_quote.status, sales_quote.notes, sales_quote.created_by_id, sales_quote.created_at, sales_quote.updated_at 
FROM sales_quote 
WHERE sales_quote.id = %(id_1)s::UUID AND sales_quote.organization_id = %(organization_id_1)s::UUID FOR UPDATE
[2026-08-22 23:01:31] [INFO   ] [sqlalchemy.engine.Engine:1848] [MainThread] - [cached since 0.01081s ago] {'id_1': UUID('922f3e62-7885-4d79-a0ae-076de15576e2'), 'organization_id_1': UUID('6394f357-89d2-4da2-a342-d9a42ffd6b51')}
[2026-08-22 23:01:31] [INFO   ] [sqlalchemy.engine.Engine:1848] [MainThread] - SELECT sales_quote_item.quote_id AS sales_quote_item_quote_id, sales_quote_item.id AS sales_quote_item_id, sales_quote_item.product_id AS sales_quote_item_product_id, sales_quote_item.quantity AS sales_quote_item_quantity, sales_quote_item.unit_price AS sales_quote_item_unit_price, sales_quote_item.discount_amount AS sales_quote_item_discount_amount, sales_quote_item.total_price AS sales_quote_item_total_price, sales_quote_item.notes AS sales_quote_item_notes 
FROM sales_quote_item 
WHERE sales_quote_item.quote_id IN (%(primary_keys_1)s::UUID)
[2026-08-22 23:01:31] [INFO   ] [sqlalchemy.engine.Engine:1848] [MainThread] - [cached since 0.01015s ago] {'primary_keys_1': UUID('922f3e62-7885-4d79-a0ae-076de15576e2')}
[2026-08-22 23:01:31] [INFO   ] [sqlalchemy.engine.Engine:1848] [MainThread] - SELECT business_document.id, business_document.organization_id, business_document.document_type, business_document.native_id, business_document.document_number, business_document.current_status, business_document.issued_at, business_document.created_by_id, business_document.created_at, business_document.updated_at 
FROM business_document 
WHERE business_document.organization_id = %(organization_id_1)s::UUID AND business_document.document_type = %(document_type_1)s::VARCHAR AND business_document.native_id = %(native_id_1)s::UUID
[2026-08-22 23:01:31] [INFO   ] [sqlalchemy.engine.Engine:1848] [MainThread] - [cached since 0.2839s ago] {'organization_id_1': UUID('6394f357-89d2-4da2-a342-d9a42ffd6b51'), 'document_type_1': 'SALES_QUOTE', 'native_id_1': UUID('922f3e62-7885-4d79-a0ae-076de15576e2')}
[2026-08-22 23:01:31] [INFO   ] [sqlalchemy.engine.Engine:1848] [MainThread] - SELECT document_relation.parent_document_id AS document_relation_parent_document_id, document_relation.id AS document_relation_id, document_relation.organization_id AS document_relation_organization_id, document_relation.child_document_id AS document_relation_child_document_id, document_relation.relation_type AS document_relation_relation_type, document_relation.relation_metadata AS document_relation_relation_metadata, document_relation.created_by_id AS document_relation_created_by_id, document_relation.created_at AS document_relation_created_at 
FROM document_relation 
WHERE document_relation.parent_document_id IN (%(primary_keys_1)s::UUID)
[2026-08-22 23:01:31] [INFO   ] [sqlalchemy.engine.Engine:1848] [MainThread] - [generated in 0.00014s] {'primary_keys_1': UUID('d8fc3d25-110c-4eac-b1d8-219e1907d70f')}
[2026-08-22 23:01:31] [INFO   ] [sqlalchemy.engine.Engine:1848] [MainThread] - SELECT business_document_1.id AS business_document_1_id, document_event.id AS document_event_id, document_event.organization_id AS document_event_organization_id, document_event.document_id AS document_event_document_id, document_event.event_type AS document_event_event_type, document_event.previous_status AS document_event_previous_status, document_event.new_status AS document_event_new_status, document_event.event_metadata AS document_event_event_metadata, document_event.idempotency_key AS document_event_idempotency_key, document_event.created_by_id AS document_event_created_by_id, document_event.created_at AS document_event_created_at 
FROM business_document AS business_document_1 JOIN document_event ON business_document_1.organization_id = document_event.organization_id AND business_document_1.id = document_event.document_id 
WHERE business_document_1.id IN (%(primary_keys_1)s::UUID) ORDER BY document_event.created_at
[2026-08-22 23:01:31] [INFO   ] [sqlalchemy.engine.Engine:1848] [MainThread] - [generated in 0.00014s] {'primary_keys_1': UUID('d8fc3d25-110c-4eac-b1d8-219e1907d70f')}
[2026-08-22 23:01:31] [INFO   ] [sqlalchemy.engine.Engine:1848] [MainThread] - SELECT document_relation.child_document_id AS document_relation_child_document_id, document_relation.id AS document_relation_id, document_relation.organization_id AS document_relation_organization_id, document_relation.parent_document_id AS document_relation_parent_document_id, document_relation.relation_type AS document_relation_relation_type, document_relation.relation_metadata AS document_relation_relation_metadata, document_relation.created_by_id AS document_relation_created_by_id, document_relation.created_at AS document_relation_created_at 
FROM document_relation 
WHERE document_relation.child_document_id IN (%(primary_keys_1)s::UUID)
[2026-08-22 23:01:31] [INFO   ] [sqlalchemy.engine.Engine:1848] [MainThread] - [generated in 0.00014s] {'primary_keys_1': UUID('d8fc3d25-110c-4eac-b1d8-219e1907d70f')}
[2026-08-22 23:01:31] [INFO   ] [sqlalchemy.engine.Engine:1848] [MainThread] - SELECT document_event.id, document_event.organization_id, document_event.document_id, document_event.event_type, document_event.previous_status, document_event.new_status, document_event.event_metadata, document_event.idempotency_key, document_event.created_by_id, document_event.created_at 
FROM document_event 
WHERE document_event.organization_id = %(organization_id_1)s::UUID AND document_event.idempotency_key = %(idempotency_key_1)s::VARCHAR
[2026-08-22 23:01:31] [INFO   ] [sqlalchemy.engine.Engine:1848] [MainThread] - [cached since 0.2706s ago] {'organization_id_1': UUID('6394f357-89d2-4da2-a342-d9a42ffd6b51'), 'idempotency_key_1': 'sales-quote:922f3e62-7885-4d79-a0ae-076de15576e2:status:draft:approved'}
[2026-08-22 23:01:31] [INFO   ] [sqlalchemy.engine.Engine:1848] [MainThread] - INSERT INTO document_event (id, organization_id, document_id, event_type, previous_status, new_status, event_metadata, idempotency_key, created_by_id, created_at) VALUES (%(id)s::UUID, %(organization_id)s::UUID, %(document_id)s::UUID, %(event_type)s::VARCHAR, %(previous_status)s::VARCHAR, %(new_status)s::VARCHAR, %(event_metadata)s::JSON, %(idempotency_key)s::VARCHAR, %(created_by_id)s::UUID, %(created_at)s::TIMESTAMP WITH TIME ZONE)
[2026-08-22 23:01:31] [INFO   ] [sqlalchemy.engine.Engine:1848] [MainThread] - [cached since 0.2632s ago] {'id': UUID('4a417bfd-ee04-45d2-a498-9826726f7a92'), 'organization_id': UUID('6394f357-89d2-4da2-a342-d9a42ffd6b51'), 'document_id': UUID('d8fc3d25-110c-4eac-b1d8-219e1907d70f'), 'event_type': 'STATUS_CHANGED', 'previous_status': 'DRAFT', 'new_status': 'APPROVED', 'event_metadata': Json({'quote_id': '922f3e62-7885-4d79-a0 ... (52 chars)), 'idempotency_key': 'sales-quote:922f3e62-7885-4d79-a0ae-076de15576e2:status:draft:approved', 'created_by_id': UUID('b035955f-4730-4b16-b071-274e3f3e9f8a'), 'created_at': datetime.datetime(2026, 8, 23, 2, 1, 31, 642320, tzinfo=datetime.timezone.utc)}
[2026-08-22 23:01:31] [INFO   ] [sqlalchemy.engine.Engine:1848] [MainThread] - UPDATE sales_quote SET status=%(status)s::VARCHAR, updated_at=%(updated_at)s::TIMESTAMP WITH TIME ZONE WHERE sales_quote.id = %(sales_quote_id)s::UUID
[2026-08-22 23:01:31] [INFO   ] [sqlalchemy.engine.Engine:1848] [MainThread] - [generated in 0.00012s] {'status': 'APPROVED', 'updated_at': datetime.datetime(2026, 8, 23, 2, 1, 31, 643568, tzinfo=datetime.timezone.utc), 'sales_quote_id': UUID('922f3e62-7885-4d79-a0ae-076de15576e2')}
[2026-08-22 23:01:31] [INFO   ] [sqlalchemy.engine.Engine:1848] [MainThread] - UPDATE business_document SET current_status=%(current_status)s::VARCHAR, updated_at=%(updated_at)s::TIMESTAMP WITH TIME ZONE WHERE business_document.id = %(business_document_id)s::UUID
[2026-08-22 23:01:31] [INFO   ] [sqlalchemy.engine.Engine:1848] [MainThread] - [generated in 0.00012s] {'current_status': 'APPROVED', 'updated_at': datetime.datetime(2026, 8, 23, 2, 1, 31, 644775, tzinfo=datetime.timezone.utc), 'business_document_id': UUID('d8fc3d25-110c-4eac-b1d8-219e1907d70f')}
[2026-08-22 23:01:31] [INFO   ] [sqlalchemy.engine.Engine:2718] [MainThread] - COMMIT
[2026-08-22 23:01:31] [INFO   ] [sqlalchemy.engine.Engine:2712] [MainThread] - BEGIN (implicit)
[2026-08-22 23:01:31] [INFO   ] [sqlalchemy.engine.Engine:1848] [MainThread] - SELECT sales_quote.id, sales_quote.organization_id, sales_quote.customer_id, sales_quote.opportunity_id, sales_quote.document_id, sales_quote.quote_number, sales_quote.customer_name, sales_quote.customer_document, sales_quote.customer_email, sales_quote.customer_phone, sales_quote.total_amount, sales_quote.discount_amount, sales_quote.net_amount, sales_quote.payment_terms, sales_quote.valid_until, sales_quote.status, sales_quote.notes, sales_quote.created_by_id, sales_quote.created_at, sales_quote.updated_at 
FROM sales_quote 
WHERE sales_quote.id = %(id_1)s::UUID AND sales_quote.organization_id = %(organization_id_1)s::UUID FOR UPDATE
[2026-08-22 23:01:31] [INFO   ] [sqlalchemy.engine.Engine:1848] [MainThread] - [cached since 0.0319s ago] {'id_1': UUID('922f3e62-7885-4d79-a0ae-076de15576e2'), 'organization_id_1': UUID('6394f357-89d2-4da2-a342-d9a42ffd6b51')}
[2026-08-22 23:01:31] [INFO   ] [sqlalchemy.engine.Engine:1848] [MainThread] - SELECT sales_quote_item.quote_id AS sales_quote_item_quote_id, sales_quote_item.id AS sales_quote_item_id, sales_quote_item.product_id AS sales_quote_item_product_id, sales_quote_item.quantity AS sales_quote_item_quantity, sales_quote_item.unit_price AS sales_quote_item_unit_price, sales_quote_item.discount_amount AS sales_quote_item_discount_amount, sales_quote_item.total_price AS sales_quote_item_total_price, sales_quote_item.notes AS sales_quote_item_notes 
FROM sales_quote_item 
WHERE sales_quote_item.quote_id IN (%(primary_keys_1)s::UUID)
[2026-08-22 23:01:31] [INFO   ] [sqlalchemy.engine.Engine:1848] [MainThread] - [cached since 0.03153s ago] {'primary_keys_1': UUID('922f3e62-7885-4d79-a0ae-076de15576e2')}
[2026-08-22 23:01:31] [INFO   ] [sqlalchemy.engine.Engine:1848] [MainThread] - SELECT sales_order.id, sales_order.organization_id, sales_order.customer_id, sales_order.sales_quote_id, sales_order.opportunity_id, sales_order.document_id, sales_order.order_number, sales_order.customer_name, sales_order.customer_document, sales_order.total_amount, sales_order.discount_amount, sales_order.net_amount, sales_order.payment_terms, sales_order.delivery_status, sales_order.billing_status, sales_order.status, sales_order.notes, sales_order.created_by_id, sales_order.created_at, sales_order.updated_at 
FROM sales_order 
WHERE sales_order.sales_quote_id = %(sales_quote_id_1)s::UUID AND sales_order.organization_id = %(organization_id_1)s::UUID
[2026-08-22 23:01:31] [INFO   ] [sqlalchemy.engine.Engine:1848] [MainThread] - [cached since 0.0311s ago] {'sales_quote_id_1': UUID('922f3e62-7885-4d79-a0ae-076de15576e2'), 'organization_id_1': UUID('6394f357-89d2-4da2-a342-d9a42ffd6b51')}
[2026-08-22 23:01:31] [INFO   ] [sqlalchemy.engine.Engine:1848] [MainThread] - SELECT product.id, product.organization_id, product.category_id, product.sku, product.name, product.description, product.unit_of_measure, product.reference_price, product.cost_price, product.sale_price, product.external_code, product.brand, product.barcode, product.ncm, product.is_perishable, product.requires_batch, product.shelf_life_days, product.current_stock, product.min_stock, product.max_stock, product.storage_location, product.is_active, product.created_at, product.updated_at 
FROM product 
WHERE product.id = %(id_1)s::UUID AND product.organization_id = %(organization_id_1)s::UUID
[2026-08-22 23:01:31] [INFO   ] [sqlalchemy.engine.Engine:1848] [MainThread] - [cached since 0.3097s ago] {'id_1': UUID('7bcf1674-2d58-4994-8382-1c0d9ae1482c'), 'organization_id_1': UUID('6394f357-89d2-4da2-a342-d9a42ffd6b51')}
[2026-08-22 23:01:31] [INFO   ] [sqlalchemy.engine.Engine:1848] [MainThread] - SELECT product_category.id AS product_category_id, product_category.organization_id AS product_category_organization_id, product_category.name AS product_category_name, product_category.code AS product_category_code, product_category.description AS product_category_description, product_category.is_active AS product_category_is_active, product_category.created_at AS product_category_created_at, product_category.updated_at AS product_category_updated_at 
FROM product_category 
WHERE product_category.id IN (%(primary_keys_1)s::UUID)
[2026-08-22 23:01:31] [INFO   ] [sqlalchemy.engine.Engine:1848] [MainThread] - [cached since 0.3088s ago] {'primary_keys_1': UUID('011877ce-7bee-43ba-885f-03ec9c2b381d')}
[2026-08-22 23:01:31] [INFO   ] [sqlalchemy.engine.Engine:1848] [MainThread] - SELECT business_document.id, business_document.organization_id, business_document.document_type, business_document.native_id, business_document.document_number, business_document.current_status, business_document.issued_at, business_document.created_by_id, business_document.created_at, business_document.updated_at 
FROM business_document 
WHERE business_document.organization_id = %(organization_id_1)s::UUID AND business_document.document_type = %(document_type_1)s::VARCHAR AND business_document.native_id = %(native_id_1)s::UUID
[2026-08-22 23:01:31] [INFO   ] [sqlalchemy.engine.Engine:1848] [MainThread] - [cached since 0.3083s ago] {'organization_id_1': UUID('6394f357-89d2-4da2-a342-d9a42ffd6b51'), 'document_type_1': 'SALES_QUOTE', 'native_id_1': UUID('922f3e62-7885-4d79-a0ae-076de15576e2')}
[2026-08-22 23:01:31] [INFO   ] [sqlalchemy.engine.Engine:1848] [MainThread] - SELECT document_relation.parent_document_id AS document_relation_parent_document_id, document_relation.id AS document_relation_id, document_relation.organization_id AS document_relation_organization_id, document_relation.child_document_id AS document_relation_child_document_id, document_relation.relation_type AS document_relation_relation_type, document_relation.relation_metadata AS document_relation_relation_metadata, document_relation.created_by_id AS document_relation_created_by_id, document_relation.created_at AS document_relation_created_at 
FROM document_relation 
WHERE document_relation.parent_document_id IN (%(primary_keys_1)s::UUID)
[2026-08-22 23:01:31] [INFO   ] [sqlalchemy.engine.Engine:1848] [MainThread] - [cached since 0.02416s ago] {'primary_keys_1': UUID('d8fc3d25-110c-4eac-b1d8-219e1907d70f')}
[2026-08-22 23:01:31] [INFO   ] [sqlalchemy.engine.Engine:1848] [MainThread] - SELECT business_document_1.id AS business_document_1_id, document_event.id AS document_event_id, document_event.organization_id AS document_event_organization_id, document_event.document_id AS document_event_document_id, document_event.event_type AS document_event_event_type, document_event.previous_status AS document_event_previous_status, document_event.new_status AS document_event_new_status, document_event.event_metadata AS document_event_event_metadata, document_event.idempotency_key AS document_event_idempotency_key, document_event.created_by_id AS document_event_created_by_id, document_event.created_at AS document_event_created_at 
FROM business_document AS business_document_1 JOIN document_event ON business_document_1.organization_id = document_event.organization_id AND business_document_1.id = document_event.document_id 
WHERE business_document_1.id IN (%(primary_keys_1)s::UUID) ORDER BY document_event.created_at
[2026-08-22 23:01:31] [INFO   ] [sqlalchemy.engine.Engine:1848] [MainThread] - [cached since 0.01772s ago] {'primary_keys_1': UUID('d8fc3d25-110c-4eac-b1d8-219e1907d70f')}
[2026-08-22 23:01:31] [INFO   ] [sqlalchemy.engine.Engine:1848] [MainThread] - SELECT document_relation.child_document_id AS document_relation_child_document_id, document_relation.id AS document_relation_id, document_relation.organization_id AS document_relation_organization_id, document_relation.parent_document_id AS document_relation_parent_document_id, document_relation.relation_type AS document_relation_relation_type, document_relation.relation_metadata AS document_relation_relation_metadata, document_relation.created_by_id AS document_relation_created_by_id, document_relation.created_at AS document_relation_created_at 
FROM document_relation 
WHERE document_relation.child_document_id IN (%(primary_keys_1)s::UUID)
[2026-08-22 23:01:31] [INFO   ] [sqlalchemy.engine.Engine:1848] [MainThread] - [cached since 0.01713s ago] {'primary_keys_1': UUID('d8fc3d25-110c-4eac-b1d8-219e1907d70f')}
[2026-08-22 23:01:31] [INFO   ] [sqlalchemy.engine.Engine:1848] [MainThread] - SELECT business_document.id, business_document.organization_id, business_document.document_type, business_document.native_id, business_document.document_number, business_document.current_status, business_document.issued_at, business_document.created_by_id, business_document.created_at, business_document.updated_at 
FROM business_document 
WHERE business_document.organization_id = %(organization_id_1)s::UUID AND business_document.document_type = %(document_type_1)s::VARCHAR AND business_document.native_id = %(native_id_1)s::UUID
[2026-08-22 23:01:31] [INFO   ] [sqlalchemy.engine.Engine:1848] [MainThread] - [cached since 0.3125s ago] {'organization_id_1': UUID('6394f357-89d2-4da2-a342-d9a42ffd6b51'), 'document_type_1': 'SALES_ORDER', 'native_id_1': UUID('fe7cf8b2-993a-4e0c-91d0-17811cf09c59')}
[2026-08-22 23:01:31] [INFO   ] [sqlalchemy.engine.Engine:1848] [MainThread] - INSERT INTO business_document (id, organization_id, document_type, native_id, document_number, current_status, issued_at, created_by_id, created_at, updated_at) VALUES (%(id)s::UUID, %(organization_id)s::UUID, %(document_type)s::VARCHAR, %(native_id)s::UUID, %(document_number)s::VARCHAR, %(current_status)s::VARCHAR, %(issued_at)s::TIMESTAMP WITH TIME ZONE, %(created_by_id)s::UUID, %(created_at)s::TIMESTAMP WITH TIME ZONE, %(updated_at)s::TIMESTAMP WITH TIME ZONE)
[2026-08-22 23:01:31] [INFO   ] [sqlalchemy.engine.Engine:1848] [MainThread] - [cached since 0.3069s ago] {'id': UUID('e48a274f-d0b0-42a4-91e9-7ca9bb60b18e'), 'organization_id': UUID('6394f357-89d2-4da2-a342-d9a42ffd6b51'), 'document_type': 'SALES_ORDER', 'native_id': UUID('fe7cf8b2-993a-4e0c-91d0-17811cf09c59'), 'document_number': 'PED-20260822-39F1', 'current_status': 'CONFIRMED', 'issued_at': None, 'created_by_id': UUID('b035955f-4730-4b16-b071-274e3f3e9f8a'), 'created_at': datetime.datetime(2026, 8, 23, 2, 1, 31, 659235, tzinfo=datetime.timezone.utc), 'updated_at': datetime.datetime(2026, 8, 23, 2, 1, 31, 659237, tzinfo=datetime.timezone.utc)}
[2026-08-22 23:01:31] [INFO   ] [sqlalchemy.engine.Engine:1848] [MainThread] - SELECT document_relation.id, document_relation.organization_id, document_relation.parent_document_id, document_relation.child_document_id, document_relation.relation_type, document_relation.relation_metadata, document_relation.created_by_id, document_relation.created_at 
FROM document_relation 
WHERE document_relation.parent_document_id = %(parent_document_id_1)s::UUID AND document_relation.child_document_id = %(child_document_id_1)s::UUID AND document_relation.relation_type = %(relation_type_1)s::VARCHAR
[2026-08-22 23:01:31] [INFO   ] [sqlalchemy.engine.Engine:1848] [MainThread] - [generated in 0.00013s] {'parent_document_id_1': UUID('d8fc3d25-110c-4eac-b1d8-219e1907d70f'), 'child_document_id_1': UUID('e48a274f-d0b0-42a4-91e9-7ca9bb60b18e'), 'relation_type_1': 'CONVERTED_TO'}
[2026-08-22 23:01:31] [INFO   ] [sqlalchemy.engine.Engine:1848] [MainThread] - INSERT INTO document_relation (id, organization_id, parent_document_id, child_document_id, relation_type, relation_metadata, created_by_id, created_at) VALUES (%(id)s::UUID, %(organization_id)s::UUID, %(parent_document_id)s::UUID, %(child_document_id)s::UUID, %(relation_type)s::VARCHAR, %(relation_metadata)s::JSON, %(created_by_id)s::UUID, %(created_at)s::TIMESTAMP WITH TIME ZONE)
[2026-08-22 23:01:31] [INFO   ] [sqlalchemy.engine.Engine:1848] [MainThread] - [generated in 0.00014s] {'id': UUID('8d3db6f1-a02d-4a9b-8023-66c437cd3377'), 'organization_id': UUID('6394f357-89d2-4da2-a342-d9a42ffd6b51'), 'parent_document_id': UUID('d8fc3d25-110c-4eac-b1d8-219e1907d70f'), 'child_document_id': UUID('e48a274f-d0b0-42a4-91e9-7ca9bb60b18e'), 'relation_type': 'CONVERTED_TO', 'relation_metadata': Json({'quote_id': '922f3e62-7885-4d79-a0 ... (104 chars)), 'created_by_id': UUID('b035955f-4730-4b16-b071-274e3f3e9f8a'), 'created_at': datetime.datetime(2026, 8, 23, 2, 1, 31, 661960, tzinfo=datetime.timezone.utc)}
[2026-08-22 23:01:31] [INFO   ] [sqlalchemy.engine.Engine:1848] [MainThread] - SELECT document_event.id, document_event.organization_id, document_event.document_id, document_event.event_type, document_event.previous_status, document_event.new_status, document_event.event_metadata, document_event.idempotency_key, document_event.created_by_id, document_event.created_at 
FROM document_event 
WHERE document_event.organization_id = %(organization_id_1)s::UUID AND document_event.idempotency_key = %(idempotency_key_1)s::VARCHAR
[2026-08-22 23:01:31] [INFO   ] [sqlalchemy.engine.Engine:1848] [MainThread] - [cached since 0.2949s ago] {'organization_id_1': UUID('6394f357-89d2-4da2-a342-d9a42ffd6b51'), 'idempotency_key_1': 'sales-order:fe7cf8b2-993a-4e0c-91d0-17811cf09c59:created'}
[2026-08-22 23:01:31] [INFO   ] [sqlalchemy.engine.Engine:1848] [MainThread] - INSERT INTO document_event (id, organization_id, document_id, event_type, previous_status, new_status, event_metadata, idempotency_key, created_by_id, created_at) VALUES (%(id)s::UUID, %(organization_id)s::UUID, %(document_id)s::UUID, %(event_type)s::VARCHAR, %(previous_status)s::VARCHAR, %(new_status)s::VARCHAR, %(event_metadata)s::JSON, %(idempotency_key)s::VARCHAR, %(created_by_id)s::UUID, %(created_at)s::TIMESTAMP WITH TIME ZONE)
[2026-08-22 23:01:31] [INFO   ] [sqlalchemy.engine.Engine:1848] [MainThread] - [cached since 0.2872s ago] {'id': UUID('16d8d72e-cead-4b85-b155-3acb743e1d25'), 'organization_id': UUID('6394f357-89d2-4da2-a342-d9a42ffd6b51'), 'document_id': UUID('e48a274f-d0b0-42a4-91e9-7ca9bb60b18e'), 'event_type': 'CREATED', 'previous_status': None, 'new_status': 'CONFIRMED', 'event_metadata': Json({'origin': 'SALES_QUOTE', 'quote_id ... (77 chars)), 'idempotency_key': 'sales-order:fe7cf8b2-993a-4e0c-91d0-17811cf09c59:created', 'created_by_id': UUID('b035955f-4730-4b16-b071-274e3f3e9f8a'), 'created_at': datetime.datetime(2026, 8, 23, 2, 1, 31, 666348, tzinfo=datetime.timezone.utc)}
[2026-08-22 23:01:31] [INFO   ] [sqlalchemy.engine.Engine:1848] [MainThread] - SELECT document_event.id, document_event.organization_id, document_event.document_id, document_event.event_type, document_event.previous_status, document_event.new_status, document_event.event_metadata, document_event.idempotency_key, document_event.created_by_id, document_event.created_at 
FROM document_event 
WHERE document_event.organization_id = %(organization_id_1)s::UUID AND document_event.idempotency_key = %(idempotency_key_1)s::VARCHAR
[2026-08-22 23:01:31] [INFO   ] [sqlalchemy.engine.Engine:1848] [MainThread] - [cached since 0.2968s ago] {'organization_id_1': UUID('6394f357-89d2-4da2-a342-d9a42ffd6b51'), 'idempotency_key_1': 'sales-quote:922f3e62-7885-4d79-a0ae-076de15576e2:converted-to:fe7cf8b2-993a-4e0c-91d0-17811cf09c59'}
[2026-08-22 23:01:31] [INFO   ] [sqlalchemy.engine.Engine:1848] [MainThread] - INSERT INTO document_event (id, organization_id, document_id, event_type, previous_status, new_status, event_metadata, idempotency_key, created_by_id, created_at) VALUES (%(id)s::UUID, %(organization_id)s::UUID, %(document_id)s::UUID, %(event_type)s::VARCHAR, %(previous_status)s::VARCHAR, %(new_status)s::VARCHAR, %(event_metadata)s::JSON, %(idempotency_key)s::VARCHAR, %(created_by_id)s::UUID, %(created_at)s::TIMESTAMP WITH TIME ZONE)
[2026-08-22 23:01:31] [INFO   ] [sqlalchemy.engine.Engine:1848] [MainThread] - [cached since 0.2895s ago] {'id': UUID('56d25bb7-c675-4ecb-bb2d-0285823048b4'), 'organization_id': UUID('6394f357-89d2-4da2-a342-d9a42ffd6b51'), 'document_id': UUID('d8fc3d25-110c-4eac-b1d8-219e1907d70f'), 'event_type': 'CONVERTED_TO_ORDER', 'previous_status': 'APPROVED', 'new_status': 'CONVERTED', 'event_metadata': Json({'order_id': 'fe7cf8b2-993a-4e0c-91 ... (52 chars)), 'idempotency_key': 'sales-quote:922f3e62-7885-4d79-a0ae-076de15576e2:converted-to:fe7cf8b2-993a-4e0c-91d0-17811cf09c59', 'created_by_id': UUID('b035955f-4730-4b16-b071-274e3f3e9f8a'), 'created_at': datetime.datetime(2026, 8, 23, 2, 1, 31, 668390, tzinfo=datetime.timezone.utc)}
[2026-08-22 23:01:31] [INFO   ] [sqlalchemy.engine.Engine:1848] [MainThread] - UPDATE business_document SET current_status=%(current_status)s::VARCHAR, updated_at=%(updated_at)s::TIMESTAMP WITH TIME ZONE WHERE business_document.id = %(business_document_id)s::UUID
[2026-08-22 23:01:31] [INFO   ] [sqlalchemy.engine.Engine:1848] [MainThread] - [cached since 0.02547s ago] {'current_status': 'CONVERTED', 'updated_at': datetime.datetime(2026, 8, 23, 2, 1, 31, 670113, tzinfo=datetime.timezone.utc), 'business_document_id': UUID('d8fc3d25-110c-4eac-b1d8-219e1907d70f')}
[2026-08-22 23:01:31] [INFO   ] [sqlalchemy.engine.Engine:1848] [MainThread] - INSERT INTO sales_order (id, organization_id, customer_id, sales_quote_id, opportunity_id, document_id, order_number, customer_name, customer_document, total_amount, discount_amount, net_amount, payment_terms, delivery_status, billing_status, status, notes, created_by_id, created_at, updated_at) VALUES (%(id)s::UUID, %(organization_id)s::UUID, %(customer_id)s::UUID, %(sales_quote_id)s::UUID, %(opportunity_id)s::UUID, %(document_id)s::UUID, %(order_number)s::VARCHAR, %(customer_name)s::VARCHAR, %(customer_document)s::VARCHAR, %(total_amount)s, %(discount_amount)s, %(net_amount)s, %(payment_terms)s::VARCHAR, %(delivery_status)s::VARCHAR, %(billing_status)s::VARCHAR, %(status)s::VARCHAR, %(notes)s::VARCHAR, %(created_by_id)s::UUID, %(created_at)s::TIMESTAMP WITH TIME ZONE, %(updated_at)s::TIMESTAMP WITH TIME ZONE)
[2026-08-22 23:01:31] [INFO   ] [sqlalchemy.engine.Engine:1848] [MainThread] - [cached since 0.2838s ago] {'id': UUID('fe7cf8b2-993a-4e0c-91d0-17811cf09c59'), 'organization_id': UUID('6394f357-89d2-4da2-a342-d9a42ffd6b51'), 'customer_id': None, 'sales_quote_id': UUID('922f3e62-7885-4d79-a0ae-076de15576e2'), 'opportunity_id': None, 'document_id': UUID('e48a274f-d0b0-42a4-91e9-7ca9bb60b18e'), 'order_number': 'PED-20260822-39F1', 'customer_name': 'Drogaria Central', 'customer_document': '44.555.666/0001-77', 'total_amount': Decimal('150.00'), 'discount_amount': Decimal('5.00'), 'net_amount': Decimal('145.00'), 'payment_terms': 'À Vista', 'delivery_status': 'PENDING', 'billing_status': 'PENDING', 'status': 'CONFIRMED', 'notes': 'Convertido do Orçamento #ORC-20260822-F939.', 'created_by_id': UUID('b035955f-4730-4b16-b071-274e3f3e9f8a'), 'created_at': datetime.datetime(2026, 8, 23, 2, 1, 31, 670956, tzinfo=datetime.timezone.utc), 'updated_at': datetime.datetime(2026, 8, 23, 2, 1, 31, 670958, tzinfo=datetime.timezone.utc)}
[2026-08-22 23:01:31] [INFO   ] [sqlalchemy.engine.Engine:1848] [MainThread] - UPDATE sales_quote SET status=%(status)s::VARCHAR, updated_at=%(updated_at)s::TIMESTAMP WITH TIME ZONE WHERE sales_quote.id = %(sales_quote_id)s::UUID
[2026-08-22 23:01:31] [INFO   ] [sqlalchemy.engine.Engine:1848] [MainThread] - [cached since 0.02862s ago] {'status': 'CONVERTED', 'updated_at': datetime.datetime(2026, 8, 23, 2, 1, 31, 672065, tzinfo=datetime.timezone.utc), 'sales_quote_id': UUID('922f3e62-7885-4d79-a0ae-076de15576e2')}
[2026-08-22 23:01:31] [INFO   ] [sqlalchemy.engine.Engine:1848] [MainThread] - INSERT INTO sales_order_item (id, sales_order_id, product_id, quantity, unit_price, discount_amount, total_price, notes) VALUES (%(id)s::UUID, %(sales_order_id)s::UUID, %(product_id)s::UUID, %(quantity)s, %(unit_price)s, %(discount_amount)s, %(total_price)s, %(notes)s::VARCHAR)
[2026-08-22 23:01:31] [INFO   ] [sqlalchemy.engine.Engine:1848] [MainThread] - [cached since 0.2761s ago] {'id': UUID('199434d5-7934-4580-84c2-02797e92e450'), 'sales_order_id': UUID('fe7cf8b2-993a-4e0c-91d0-17811cf09c59'), 'product_id': UUID('7bcf1674-2d58-4994-8382-1c0d9ae1482c'), 'quantity': Decimal('10.0000'), 'unit_price': Decimal('15.0000'), 'discount_amount': Decimal('5.0000'), 'total_price': Decimal('145.00'), 'notes': None}
[2026-08-22 23:01:31] [INFO   ] [sqlalchemy.engine.Engine:2718] [MainThread] - COMMIT
[2026-08-22 23:01:31] [INFO   ] [sqlalchemy.engine.Engine:2712] [MainThread] - BEGIN (implicit)
[2026-08-22 23:01:31] [INFO   ] [sqlalchemy.engine.Engine:1848] [MainThread] - SELECT sales_quote.id, sales_quote.organization_id, sales_quote.customer_id, sales_quote.opportunity_id, sales_quote.document_id, sales_quote.quote_number, sales_quote.customer_name, sales_quote.customer_document, sales_quote.customer_email, sales_quote.customer_phone, sales_quote.total_amount, sales_quote.discount_amount, sales_quote.net_amount, sales_quote.payment_terms, sales_quote.valid_until, sales_quote.status, sales_quote.notes, sales_quote.created_by_id, sales_quote.created_at, sales_quote.updated_at 
FROM sales_quote 
WHERE sales_quote.id = %(id_1)s::UUID AND sales_quote.organization_id = %(organization_id_1)s::UUID FOR UPDATE
[2026-08-22 23:01:31] [INFO   ] [sqlalchemy.engine.Engine:1848] [MainThread] - [cached since 0.06034s ago] {'id_1': UUID('922f3e62-7885-4d79-a0ae-076de15576e2'), 'organization_id_1': UUID('6394f357-89d2-4da2-a342-d9a42ffd6b51')}
[2026-08-22 23:01:31] [INFO   ] [sqlalchemy.engine.Engine:1848] [MainThread] - SELECT sales_quote_item.quote_id AS sales_quote_item_quote_id, sales_quote_item.id AS sales_quote_item_id, sales_quote_item.product_id AS sales_quote_item_product_id, sales_quote_item.quantity AS sales_quote_item_quantity, sales_quote_item.unit_price AS sales_quote_item_unit_price, sales_quote_item.discount_amount AS sales_quote_item_discount_amount, sales_quote_item.total_price AS sales_quote_item_total_price, sales_quote_item.notes AS sales_quote_item_notes 
FROM sales_quote_item 
WHERE sales_quote_item.quote_id IN (%(primary_keys_1)s::UUID)
[2026-08-22 23:01:31] [INFO   ] [sqlalchemy.engine.Engine:1848] [MainThread] - [cached since 0.06023s ago] {'primary_keys_1': UUID('922f3e62-7885-4d79-a0ae-076de15576e2')}
[2026-08-22 23:01:31] [INFO   ] [sqlalchemy.engine.Engine:1848] [MainThread] - SELECT sales_order.id, sales_order.organization_id, sales_order.customer_id, sales_order.sales_quote_id, sales_order.opportunity_id, sales_order.document_id, sales_order.order_number, sales_order.customer_name, sales_order.customer_document, sales_order.total_amount, sales_order.discount_amount, sales_order.net_amount, sales_order.payment_terms, sales_order.delivery_status, sales_order.billing_status, sales_order.status, sales_order.notes, sales_order.created_by_id, sales_order.created_at, sales_order.updated_at 
FROM sales_order 
WHERE sales_order.sales_quote_id = %(sales_quote_id_1)s::UUID AND sales_order.organization_id = %(organization_id_1)s::UUID
[2026-08-22 23:01:31] [INFO   ] [sqlalchemy.engine.Engine:1848] [MainThread] - [cached since 0.05984s ago] {'sales_quote_id_1': UUID('922f3e62-7885-4d79-a0ae-076de15576e2'), 'organization_id_1': UUID('6394f357-89d2-4da2-a342-d9a42ffd6b51')}
[2026-08-22 23:01:31] [INFO   ] [sqlalchemy.engine.Engine:1848] [MainThread] - SELECT sales_order_item.sales_order_id AS sales_order_item_sales_order_id, sales_order_item.id AS sales_order_item_id, sales_order_item.product_id AS sales_order_item_product_id, sales_order_item.quantity AS sales_order_item_quantity, sales_order_item.unit_price AS sales_order_item_unit_price, sales_order_item.discount_amount AS sales_order_item_discount_amount, sales_order_item.total_price AS sales_order_item_total_price, sales_order_item.notes AS sales_order_item_notes 
FROM sales_order_item 
WHERE sales_order_item.sales_order_id IN (%(primary_keys_1)s::UUID)
[2026-08-22 23:01:31] [INFO   ] [sqlalchemy.engine.Engine:1848] [MainThread] - [generated in 0.00014s] {'primary_keys_1': UUID('fe7cf8b2-993a-4e0c-91d0-17811cf09c59')}
[2026-08-22 23:01:31] [INFO   ] [sqlalchemy.engine.Engine:1848] [MainThread] - SELECT product.id, product.organization_id, product.category_id, product.sku, product.name, product.description, product.unit_of_measure, product.reference_price, product.cost_price, product.sale_price, product.external_code, product.brand, product.barcode, product.ncm, product.is_perishable, product.requires_batch, product.shelf_life_days, product.current_stock, product.min_stock, product.max_stock, product.storage_location, product.is_active, product.created_at, product.updated_at 
FROM product 
WHERE product.id = %(id_1)s::UUID AND product.organization_id = %(organization_id_1)s::UUID
[2026-08-22 23:01:31] [INFO   ] [sqlalchemy.engine.Engine:1848] [MainThread] - [cached since 0.34s ago] {'id_1': UUID('7bcf1674-2d58-4994-8382-1c0d9ae1482c'), 'organization_id_1': UUID('6394f357-89d2-4da2-a342-d9a42ffd6b51')}
[2026-08-22 23:01:31] [INFO   ] [sqlalchemy.engine.Engine:1848] [MainThread] - SELECT product_category.id AS product_category_id, product_category.organization_id AS product_category_organization_id, product_category.name AS product_category_name, product_category.code AS product_category_code, product_category.description AS product_category_description, product_category.is_active AS product_category_is_active, product_category.created_at AS product_category_created_at, product_category.updated_at AS product_category_updated_at 
FROM product_category 
WHERE product_category.id IN (%(primary_keys_1)s::UUID)
[2026-08-22 23:01:31] [INFO   ] [sqlalchemy.engine.Engine:1848] [MainThread] - [cached since 0.339s ago] {'primary_keys_1': UUID('011877ce-7bee-43ba-885f-03ec9c2b381d')}
[2026-08-22 23:01:31] [INFO   ] [sqlalchemy.engine.Engine:1848] [MainThread] - SELECT business_document.id, business_document.organization_id, business_document.document_type, business_document.native_id, business_document.document_number, business_document.current_status, business_document.issued_at, business_document.created_by_id, business_document.created_at, business_document.updated_at 
FROM business_document 
WHERE business_document.organization_id = %(organization_id_1)s::UUID AND business_document.document_type = %(document_type_1)s::VARCHAR AND business_document.native_id = %(native_id_1)s::UUID
[2026-08-22 23:01:31] [INFO   ] [sqlalchemy.engine.Engine:1848] [MainThread] - [cached since 0.3383s ago] {'organization_id_1': UUID('6394f357-89d2-4da2-a342-d9a42ffd6b51'), 'document_type_1': 'SALES_QUOTE', 'native_id_1': UUID('922f3e62-7885-4d79-a0ae-076de15576e2')}
[2026-08-22 23:01:31] [INFO   ] [sqlalchemy.engine.Engine:1848] [MainThread] - SELECT document_relation.parent_document_id AS document_relation_parent_document_id, document_relation.id AS document_relation_id, document_relation.organization_id AS document_relation_organization_id, document_relation.child_document_id AS document_relation_child_document_id, document_relation.relation_type AS document_relation_relation_type, document_relation.relation_metadata AS document_relation_relation_metadata, document_relation.created_by_id AS document_relation_created_by_id, document_relation.created_at AS document_relation_created_at 
FROM document_relation 
WHERE document_relation.parent_document_id IN (%(primary_keys_1)s::UUID)
[2026-08-22 23:01:31] [INFO   ] [sqlalchemy.engine.Engine:1848] [MainThread] - [cached since 0.05414s ago] {'primary_keys_1': UUID('d8fc3d25-110c-4eac-b1d8-219e1907d70f')}
[2026-08-22 23:01:31] [INFO   ] [sqlalchemy.engine.Engine:1848] [MainThread] - SELECT business_document_1.id AS business_document_1_id, document_event.id AS document_event_id, document_event.organization_id AS document_event_organization_id, document_event.document_id AS document_event_document_id, document_event.event_type AS document_event_event_type, document_event.previous_status AS document_event_previous_status, document_event.new_status AS document_event_new_status, document_event.event_metadata AS document_event_event_metadata, document_event.idempotency_key AS document_event_idempotency_key, document_event.created_by_id AS document_event_created_by_id, document_event.created_at AS document_event_created_at 
FROM business_document AS business_document_1 JOIN document_event ON business_document_1.organization_id = document_event.organization_id AND business_document_1.id = document_event.document_id 
WHERE business_document_1.id IN (%(primary_keys_1)s::UUID) ORDER BY document_event.created_at
[2026-08-22 23:01:31] [INFO   ] [sqlalchemy.engine.Engine:1848] [MainThread] - [cached since 0.04768s ago] {'primary_keys_1': UUID('d8fc3d25-110c-4eac-b1d8-219e1907d70f')}
[2026-08-22 23:01:31] [INFO   ] [sqlalchemy.engine.Engine:1848] [MainThread] - SELECT document_relation.child_document_id AS document_relation_child_document_id, document_relation.id AS document_relation_id, document_relation.organization_id AS document_relation_organization_id, document_relation.parent_document_id AS document_relation_parent_document_id, document_relation.relation_type AS document_relation_relation_type, document_relation.relation_metadata AS document_relation_relation_metadata, document_relation.created_by_id AS document_relation_created_by_id, document_relation.created_at AS document_relation_created_at 
FROM document_relation 
WHERE document_relation.child_document_id IN (%(primary_keys_1)s::UUID)
[2026-08-22 23:01:31] [INFO   ] [sqlalchemy.engine.Engine:1848] [MainThread] - [cached since 0.04707s ago] {'primary_keys_1': UUID('d8fc3d25-110c-4eac-b1d8-219e1907d70f')}
[2026-08-22 23:01:31] [INFO   ] [sqlalchemy.engine.Engine:1848] [MainThread] - SELECT business_document.id, business_document.organization_id, business_document.document_type, business_document.native_id, business_document.document_number, business_document.current_status, business_document.issued_at, business_document.created_by_id, business_document.created_at, business_document.updated_at 
FROM business_document 
WHERE business_document.organization_id = %(organization_id_1)s::UUID AND business_document.document_type = %(document_type_1)s::VARCHAR AND business_document.native_id = %(native_id_1)s::UUID
[2026-08-22 23:01:31] [INFO   ] [sqlalchemy.engine.Engine:1848] [MainThread] - [cached since 0.3425s ago] {'organization_id_1': UUID('6394f357-89d2-4da2-a342-d9a42ffd6b51'), 'document_type_1': 'SALES_ORDER', 'native_id_1': UUID('fe7cf8b2-993a-4e0c-91d0-17811cf09c59')}
[2026-08-22 23:01:31] [INFO   ] [sqlalchemy.engine.Engine:1848] [MainThread] - SELECT document_relation.parent_document_id AS document_relation_parent_document_id, document_relation.id AS document_relation_id, document_relation.organization_id AS document_relation_organization_id, document_relation.child_document_id AS document_relation_child_document_id, document_relation.relation_type AS document_relation_relation_type, document_relation.relation_metadata AS document_relation_relation_metadata, document_relation.created_by_id AS document_relation_created_by_id, document_relation.created_at AS document_relation_created_at 
FROM document_relation 
WHERE document_relation.parent_document_id IN (%(primary_keys_1)s::UUID)
[2026-08-22 23:01:31] [INFO   ] [sqlalchemy.engine.Engine:1848] [MainThread] - [cached since 0.0583s ago] {'primary_keys_1': UUID('e48a274f-d0b0-42a4-91e9-7ca9bb60b18e')}
[2026-08-22 23:01:31] [INFO   ] [sqlalchemy.engine.Engine:1848] [MainThread] - SELECT business_document_1.id AS business_document_1_id, document_event.id AS document_event_id, document_event.organization_id AS document_event_organization_id, document_event.document_id AS document_event_document_id, document_event.event_type AS document_event_event_type, document_event.previous_status AS document_event_previous_status, document_event.new_status AS document_event_new_status, document_event.event_metadata AS document_event_event_metadata, document_event.idempotency_key AS document_event_idempotency_key, document_event.created_by_id AS document_event_created_by_id, document_event.created_at AS document_event_created_at 
FROM business_document AS business_document_1 JOIN document_event ON business_document_1.organization_id = document_event.organization_id AND business_document_1.id = document_event.document_id 
WHERE business_document_1.id IN (%(primary_keys_1)s::UUID) ORDER BY document_event.created_at
[2026-08-22 23:01:31] [INFO   ] [sqlalchemy.engine.Engine:1848] [MainThread] - [cached since 0.05178s ago] {'primary_keys_1': UUID('e48a274f-d0b0-42a4-91e9-7ca9bb60b18e')}
[2026-08-22 23:01:31] [INFO   ] [sqlalchemy.engine.Engine:1848] [MainThread] - SELECT document_relation.child_document_id AS document_relation_child_document_id, document_relation.id AS document_relation_id, document_relation.organization_id AS document_relation_organization_id, document_relation.parent_document_id AS document_relation_parent_document_id, document_relation.relation_type AS document_relation_relation_type, document_relation.relation_metadata AS document_relation_relation_metadata, document_relation.created_by_id AS document_relation_created_by_id, document_relation.created_at AS document_relation_created_at 
FROM document_relation 
WHERE document_relation.child_document_id IN (%(primary_keys_1)s::UUID)
[2026-08-22 23:01:31] [INFO   ] [sqlalchemy.engine.Engine:1848] [MainThread] - [cached since 0.05117s ago] {'primary_keys_1': UUID('e48a274f-d0b0-42a4-91e9-7ca9bb60b18e')}
[2026-08-22 23:01:31] [INFO   ] [sqlalchemy.engine.Engine:1848] [MainThread] - SELECT document_relation.id, document_relation.organization_id, document_relation.parent_document_id, document_relation.child_document_id, document_relation.relation_type, document_relation.relation_metadata, document_relation.created_by_id, document_relation.created_at 
FROM document_relation 
WHERE document_relation.parent_document_id = %(parent_document_id_1)s::UUID AND document_relation.child_document_id = %(child_document_id_1)s::UUID AND document_relation.relation_type = %(relation_type_1)s::VARCHAR
[2026-08-22 23:01:31] [INFO   ] [sqlalchemy.engine.Engine:1848] [MainThread] - [cached since 0.0316s ago] {'parent_document_id_1': UUID('d8fc3d25-110c-4eac-b1d8-219e1907d70f'), 'child_document_id_1': UUID('e48a274f-d0b0-42a4-91e9-7ca9bb60b18e'), 'relation_type_1': 'CONVERTED_TO'}
[2026-08-22 23:01:31] [INFO   ] [sqlalchemy.engine.Engine:1848] [MainThread] - SELECT document_event.id, document_event.organization_id, document_event.document_id, document_event.event_type, document_event.previous_status, document_event.new_status, document_event.event_metadata, document_event.idempotency_key, document_event.created_by_id, document_event.created_at 
FROM document_event 
WHERE document_event.organization_id = %(organization_id_1)s::UUID AND document_event.idempotency_key = %(idempotency_key_1)s::VARCHAR
[2026-08-22 23:01:31] [INFO   ] [sqlalchemy.engine.Engine:1848] [MainThread] - [cached since 0.3225s ago] {'organization_id_1': UUID('6394f357-89d2-4da2-a342-d9a42ffd6b51'), 'idempotency_key_1': 'sales-order:fe7cf8b2-993a-4e0c-91d0-17811cf09c59:created'}
[2026-08-22 23:01:31] [INFO   ] [sqlalchemy.engine.Engine:1848] [MainThread] - SELECT document_event.id, document_event.organization_id, document_event.document_id, document_event.event_type, document_event.previous_status, document_event.new_status, document_event.event_metadata, document_event.idempotency_key, document_event.created_by_id, document_event.created_at 
FROM document_event 
WHERE document_event.organization_id = %(organization_id_1)s::UUID AND document_event.idempotency_key = %(idempotency_key_1)s::VARCHAR
[2026-08-22 23:01:31] [INFO   ] [sqlalchemy.engine.Engine:1848] [MainThread] - [cached since 0.3238s ago] {'organization_id_1': UUID('6394f357-89d2-4da2-a342-d9a42ffd6b51'), 'idempotency_key_1': 'sales-quote:922f3e62-7885-4d79-a0ae-076de15576e2:converted-to:fe7cf8b2-993a-4e0c-91d0-17811cf09c59'}
[2026-08-22 23:01:31] [INFO   ] [sqlalchemy.engine.Engine:1848] [MainThread] - UPDATE business_document SET issued_at=%(issued_at)s::TIMESTAMP WITH TIME ZONE, updated_at=%(updated_at)s::TIMESTAMP WITH TIME ZONE WHERE business_document.id = %(business_document_id)s::UUID
[2026-08-22 23:01:31] [INFO   ] [sqlalchemy.engine.Engine:1848] [MainThread] - [cached since 0.3203s ago] {'issued_at': datetime.datetime(2026, 8, 23, 2, 1, 31, 670956, tzinfo=datetime.timezone.utc), 'updated_at': datetime.datetime(2026, 8, 23, 2, 1, 31, 695706, tzinfo=datetime.timezone.utc), 'business_document_id': UUID('e48a274f-d0b0-42a4-91e9-7ca9bb60b18e')}
[2026-08-22 23:01:31] [INFO   ] [sqlalchemy.engine.Engine:1848] [MainThread] - SELECT sales_order.id, sales_order.organization_id, sales_order.customer_id, sales_order.sales_quote_id, sales_order.opportunity_id, sales_order.document_id, sales_order.order_number, sales_order.customer_name, sales_order.customer_document, sales_order.total_amount, sales_order.discount_amount, sales_order.net_amount, sales_order.payment_terms, sales_order.delivery_status, sales_order.billing_status, sales_order.status, sales_order.notes, sales_order.created_by_id, sales_order.created_at, sales_order.updated_at 
FROM sales_order 
WHERE sales_order.organization_id = %(organization_id_1)s::UUID ORDER BY sales_order.created_at DESC
[2026-08-22 23:01:31] [INFO   ] [sqlalchemy.engine.Engine:1848] [MainThread] - [generated in 0.00011s] {'organization_id_1': UUID('6394f357-89d2-4da2-a342-d9a42ffd6b51')}
[2026-08-22 23:01:31] [INFO   ] [sqlalchemy.engine.Engine:1848] [MainThread] - SELECT sales_order_item.sales_order_id AS sales_order_item_sales_order_id, sales_order_item.id AS sales_order_item_id, sales_order_item.product_id AS sales_order_item_product_id, sales_order_item.quantity AS sales_order_item_quantity, sales_order_item.unit_price AS sales_order_item_unit_price, sales_order_item.discount_amount AS sales_order_item_discount_amount, sales_order_item.total_price AS sales_order_item_total_price, sales_order_item.notes AS sales_order_item_notes 
FROM sales_order_item 
WHERE sales_order_item.sales_order_id IN (%(primary_keys_1)s::UUID)
[2026-08-22 23:01:31] [INFO   ] [sqlalchemy.engine.Engine:1848] [MainThread] - [cached since 0.01776s ago] {'primary_keys_1': UUID('fe7cf8b2-993a-4e0c-91d0-17811cf09c59')}
[2026-08-22 23:01:31] [INFO   ] [sqlalchemy.engine.Engine:1848] [MainThread] - SELECT business_document.id, business_document.organization_id, business_document.document_type, business_document.native_id, business_document.document_number, business_document.current_status, business_document.issued_at, business_document.created_by_id, business_document.created_at, business_document.updated_at 
FROM business_document 
WHERE business_document.organization_id = %(organization_id_1)s::UUID AND business_document.document_type = %(document_type_1)s::VARCHAR AND business_document.native_id = %(native_id_1)s::UUID
[2026-08-22 23:01:31] [INFO   ] [sqlalchemy.engine.Engine:1848] [MainThread] - [cached since 0.3538s ago] {'organization_id_1': UUID('6394f357-89d2-4da2-a342-d9a42ffd6b51'), 'document_type_1': 'SALES_QUOTE', 'native_id_1': UUID('922f3e62-7885-4d79-a0ae-076de15576e2')}
[2026-08-22 23:01:31] [INFO   ] [sqlalchemy.engine.Engine:1848] [MainThread] - SELECT document_relation.parent_document_id AS document_relation_parent_document_id, document_relation.id AS document_relation_id, document_relation.organization_id AS document_relation_organization_id, document_relation.child_document_id AS document_relation_child_document_id, document_relation.relation_type AS document_relation_relation_type, document_relation.relation_metadata AS document_relation_relation_metadata, document_relation.created_by_id AS document_relation_created_by_id, document_relation.created_at AS document_relation_created_at 
FROM document_relation 
WHERE document_relation.parent_document_id IN (%(primary_keys_1)s::UUID)
[2026-08-22 23:01:31] [INFO   ] [sqlalchemy.engine.Engine:1848] [MainThread] - [cached since 0.06998s ago] {'primary_keys_1': UUID('d8fc3d25-110c-4eac-b1d8-219e1907d70f')}
[2026-08-22 23:01:31] [INFO   ] [sqlalchemy.engine.Engine:1848] [MainThread] - SELECT business_document_1.id AS business_document_1_id, document_event.id AS document_event_id, document_event.organization_id AS document_event_organization_id, document_event.document_id AS document_event_document_id, document_event.event_type AS document_event_event_type, document_event.previous_status AS document_event_previous_status, document_event.new_status AS document_event_new_status, document_event.event_metadata AS document_event_event_metadata, document_event.idempotency_key AS document_event_idempotency_key, document_event.created_by_id AS document_event_created_by_id, document_event.created_at AS document_event_created_at 
FROM business_document AS business_document_1 JOIN document_event ON business_document_1.organization_id = document_event.organization_id AND business_document_1.id = document_event.document_id 
WHERE business_document_1.id IN (%(primary_keys_1)s::UUID) ORDER BY document_event.created_at
[2026-08-22 23:01:31] [INFO   ] [sqlalchemy.engine.Engine:1848] [MainThread] - [cached since 0.06351s ago] {'primary_keys_1': UUID('d8fc3d25-110c-4eac-b1d8-219e1907d70f')}
[2026-08-22 23:01:31] [INFO   ] [sqlalchemy.engine.Engine:1848] [MainThread] - SELECT document_relation.child_document_id AS document_relation_child_document_id, document_relation.id AS document_relation_id, document_relation.organization_id AS document_relation_organization_id, document_relation.parent_document_id AS document_relation_parent_document_id, document_relation.relation_type AS document_relation_relation_type, document_relation.relation_metadata AS document_relation_relation_metadata, document_relation.created_by_id AS document_relation_created_by_id, document_relation.created_at AS document_relation_created_at 
FROM document_relation 
WHERE document_relation.child_document_id IN (%(primary_keys_1)s::UUID)
[2026-08-22 23:01:31] [INFO   ] [sqlalchemy.engine.Engine:1848] [MainThread] - [cached since 0.0629s ago] {'primary_keys_1': UUID('d8fc3d25-110c-4eac-b1d8-219e1907d70f')}
[2026-08-22 23:01:31] [INFO   ] [sqlalchemy.engine.Engine:1848] [MainThread] - SELECT document_relation.id, document_relation.organization_id, document_relation.parent_document_id, document_relation.child_document_id, document_relation.relation_type, document_relation.relation_metadata, document_relation.created_by_id, document_relation.created_at 
FROM document_relation 
WHERE document_relation.organization_id = %(organization_id_1)s::UUID AND (document_relation.parent_document_id IN (%(parent_document_id_1_1)s::UUID) OR document_relation.child_document_id IN (%(child_document_id_1_1)s::UUID))
[2026-08-22 23:01:31] [INFO   ] [sqlalchemy.engine.Engine:1848] [MainThread] - [generated in 0.00014s] {'organization_id_1': UUID('6394f357-89d2-4da2-a342-d9a42ffd6b51'), 'parent_document_id_1_1': UUID('d8fc3d25-110c-4eac-b1d8-219e1907d70f'), 'child_document_id_1_1': UUID('d8fc3d25-110c-4eac-b1d8-219e1907d70f')}
[2026-08-22 23:01:31] [INFO   ] [sqlalchemy.engine.Engine:1848] [MainThread] - SELECT document_relation.id, document_relation.organization_id, document_relation.parent_document_id, document_relation.child_document_id, document_relation.relation_type, document_relation.relation_metadata, document_relation.created_by_id, document_relation.created_at 
FROM document_relation 
WHERE document_relation.organization_id = %(organization_id_1)s::UUID AND (document_relation.parent_document_id IN (%(parent_document_id_1_1)s::UUID) OR document_relation.child_document_id IN (%(child_document_id_1_1)s::UUID))
[2026-08-22 23:01:31] [INFO   ] [sqlalchemy.engine.Engine:1848] [MainThread] - [cached since 0.00124s ago] {'organization_id_1': UUID('6394f357-89d2-4da2-a342-d9a42ffd6b51'), 'parent_document_id_1_1': UUID('e48a274f-d0b0-42a4-91e9-7ca9bb60b18e'), 'child_document_id_1_1': UUID('e48a274f-d0b0-42a4-91e9-7ca9bb60b18e')}
[2026-08-22 23:01:31] [INFO   ] [sqlalchemy.engine.Engine:1848] [MainThread] - SELECT business_document.id, business_document.organization_id, business_document.document_type, business_document.native_id, business_document.document_number, business_document.current_status, business_document.issued_at, business_document.created_by_id, business_document.created_at, business_document.updated_at 
FROM business_document 
WHERE business_document.organization_id = %(organization_id_1)s::UUID AND business_document.id IN (%(id_1_1)s::UUID, %(id_1_2)s::UUID)
[2026-08-22 23:01:31] [INFO   ] [sqlalchemy.engine.Engine:1848] [MainThread] - [generated in 0.00018s] {'organization_id_1': UUID('6394f357-89d2-4da2-a342-d9a42ffd6b51'), 'id_1_1': UUID('d8fc3d25-110c-4eac-b1d8-219e1907d70f'), 'id_1_2': UUID('e48a274f-d0b0-42a4-91e9-7ca9bb60b18e')}
[2026-08-22 23:01:31] [INFO   ] [sqlalchemy.engine.Engine:1848] [MainThread] - SELECT document_relation.parent_document_id AS document_relation_parent_document_id, document_relation.id AS document_relation_id, document_relation.organization_id AS document_relation_organization_id, document_relation.child_document_id AS document_relation_child_document_id, document_relation.relation_type AS document_relation_relation_type, document_relation.relation_metadata AS document_relation_relation_metadata, document_relation.created_by_id AS document_relation_created_by_id, document_relation.created_at AS document_relation_created_at 
FROM document_relation 
WHERE document_relation.parent_document_id IN (%(primary_keys_1)s::UUID, %(primary_keys_2)s::UUID)
[2026-08-22 23:01:31] [INFO   ] [sqlalchemy.engine.Engine:1848] [MainThread] - [cached since 0.07681s ago] {'primary_keys_1': UUID('e48a274f-d0b0-42a4-91e9-7ca9bb60b18e'), 'primary_keys_2': UUID('d8fc3d25-110c-4eac-b1d8-219e1907d70f')}
[2026-08-22 23:01:31] [INFO   ] [sqlalchemy.engine.Engine:1848] [MainThread] - SELECT business_document_1.id AS business_document_1_id, document_event.id AS document_event_id, document_event.organization_id AS document_event_organization_id, document_event.document_id AS document_event_document_id, document_event.event_type AS document_event_event_type, document_event.previous_status AS document_event_previous_status, document_event.new_status AS document_event_new_status, document_event.event_metadata AS document_event_event_metadata, document_event.idempotency_key AS document_event_idempotency_key, document_event.created_by_id AS document_event_created_by_id, document_event.created_at AS document_event_created_at 
FROM business_document AS business_document_1 JOIN document_event ON business_document_1.organization_id = document_event.organization_id AND business_document_1.id = document_event.document_id 
WHERE business_document_1.id IN (%(primary_keys_1)s::UUID, %(primary_keys_2)s::UUID) ORDER BY document_event.created_at
[2026-08-22 23:01:31] [INFO   ] [sqlalchemy.engine.Engine:1848] [MainThread] - [cached since 0.07035s ago] {'primary_keys_1': UUID('e48a274f-d0b0-42a4-91e9-7ca9bb60b18e'), 'primary_keys_2': UUID('d8fc3d25-110c-4eac-b1d8-219e1907d70f')}
[2026-08-22 23:01:31] [INFO   ] [sqlalchemy.engine.Engine:1848] [MainThread] - SELECT document_relation.child_document_id AS document_relation_child_document_id, document_relation.id AS document_relation_id, document_relation.organization_id AS document_relation_organization_id, document_relation.parent_document_id AS document_relation_parent_document_id, document_relation.relation_type AS document_relation_relation_type, document_relation.relation_metadata AS document_relation_relation_metadata, document_relation.created_by_id AS document_relation_created_by_id, document_relation.created_at AS document_relation_created_at 
FROM document_relation 
WHERE document_relation.child_document_id IN (%(primary_keys_1)s::UUID, %(primary_keys_2)s::UUID)
[2026-08-22 23:01:31] [INFO   ] [sqlalchemy.engine.Engine:1848] [MainThread] - [cached since 0.06991s ago] {'primary_keys_1': UUID('e48a274f-d0b0-42a4-91e9-7ca9bb60b18e'), 'primary_keys_2': UUID('d8fc3d25-110c-4eac-b1d8-219e1907d70f')}
[2026-08-22 23:01:31] [INFO   ] [sqlalchemy.engine.Engine:1848] [MainThread] - SELECT document_event.id, document_event.organization_id, document_event.document_id, document_event.event_type, document_event.previous_status, document_event.new_status, document_event.event_metadata, document_event.idempotency_key, document_event.created_by_id, document_event.created_at 
FROM document_event 
WHERE document_event.organization_id = %(organization_id_1)s::UUID AND document_event.document_id IN (%(document_id_1_1)s::UUID, %(document_id_1_2)s::UUID) ORDER BY document_event.created_at
[2026-08-22 23:01:31] [INFO   ] [sqlalchemy.engine.Engine:1848] [MainThread] - [generated in 0.00014s] {'organization_id_1': UUID('6394f357-89d2-4da2-a342-d9a42ffd6b51'), 'document_id_1_1': UUID('d8fc3d25-110c-4eac-b1d8-219e1907d70f'), 'document_id_1_2': UUID('e48a274f-d0b0-42a4-91e9-7ca9bb60b18e')}
[2026-08-22 23:01:31] [INFO   ] [sqlalchemy.engine.Engine:1848] [MainThread] - SELECT sales_quote.id, sales_quote.organization_id, sales_quote.customer_id, sales_quote.opportunity_id, sales_quote.document_id, sales_quote.quote_number, sales_quote.customer_name, sales_quote.customer_document, sales_quote.customer_email, sales_quote.customer_phone, sales_quote.total_amount, sales_quote.discount_amount, sales_quote.net_amount, sales_quote.payment_terms, sales_quote.valid_until, sales_quote.status, sales_quote.notes, sales_quote.created_by_id, sales_quote.created_at, sales_quote.updated_at 
FROM sales_quote 
WHERE sales_quote.id = %(id_1)s::UUID AND sales_quote.organization_id = %(organization_id_1)s::UUID FOR UPDATE
[2026-08-22 23:01:31] [INFO   ] [sqlalchemy.engine.Engine:1848] [MainThread] - [cached since 0.09598s ago] {'id_1': UUID('922f3e62-7885-4d79-a0ae-076de15576e2'), 'organization_id_1': UUID('6394f357-89d2-4da2-a342-d9a42ffd6b51')}
[2026-08-22 23:01:31] [INFO   ] [sqlalchemy.engine.Engine:1848] [MainThread] - SELECT sales_quote_item.quote_id AS sales_quote_item_quote_id, sales_quote_item.id AS sales_quote_item_id, sales_quote_item.product_id AS sales_quote_item_product_id, sales_quote_item.quantity AS sales_quote_item_quantity, sales_quote_item.unit_price AS sales_quote_item_unit_price, sales_quote_item.discount_amount AS sales_quote_item_discount_amount, sales_quote_item.total_price AS sales_quote_item_total_price, sales_quote_item.notes AS sales_quote_item_notes 
FROM sales_quote_item 
WHERE sales_quote_item.quote_id IN (%(primary_keys_1)s::UUID)
[2026-08-22 23:01:31] [INFO   ] [sqlalchemy.engine.Engine:1848] [MainThread] - [cached since 0.09538s ago] {'primary_keys_1': UUID('922f3e62-7885-4d79-a0ae-076de15576e2')}
[2026-08-22 23:01:31] [INFO   ] [sqlalchemy.engine.Engine:2715] [MainThread] - ROLLBACK
[2026-08-22 23:01:31] [INFO   ] [sqlalchemy.engine.Engine:2712] [MainThread] - BEGIN (implicit)
[2026-08-22 23:01:31] [INFO   ] [sqlalchemy.engine.Engine:1848] [MainThread] - INSERT INTO organization (id, name, is_active, created_at, updated_at) VALUES (%(id)s::UUID, %(name)s::VARCHAR, %(is_active)s, %(created_at)s::TIMESTAMP WITH TIME ZONE, %(updated_at)s::TIMESTAMP WITH TIME ZONE)
[2026-08-22 23:01:31] [INFO   ] [sqlalchemy.engine.Engine:1848] [MainThread] - [cached since 0.5511s ago] {'id': UUID('cc1f7282-22ad-4805-b971-564edaeef17c'), 'name': 'Matriz Teste 33f7cd', 'is_active': True, 'created_at': datetime.datetime(2026, 8, 23, 2, 1, 31, 717308, tzinfo=datetime.timezone.utc), 'updated_at': datetime.datetime(2026, 8, 23, 2, 1, 31, 717309, tzinfo=datetime.timezone.utc)}
[2026-08-22 23:01:31] [INFO   ] [sqlalchemy.engine.Engine:2718] [MainThread] - COMMIT
[2026-08-22 23:01:31] [INFO   ] [sqlalchemy.engine.Engine:2712] [MainThread] - BEGIN (implicit)
[2026-08-22 23:01:31] [INFO   ] [sqlalchemy.engine.Engine:1848] [MainThread] - SELECT organization.id, organization.name, organization.is_active, organization.created_at, organization.updated_at 
FROM organization 
WHERE organization.id = %(pk_1)s::UUID
[2026-08-22 23:01:31] [INFO   ] [sqlalchemy.engine.Engine:1848] [MainThread] - [cached since 0.545s ago] {'pk_1': UUID('cc1f7282-22ad-4805-b971-564edaeef17c')}
[2026-08-22 23:01:31] [INFO   ] [sqlalchemy.engine.Engine:1848] [MainThread] - INSERT INTO "user" (id, organization_id, role_id, email, full_name, hashed_password, is_active, created_at, updated_at) VALUES (%(id)s::UUID, %(organization_id)s::UUID, %(role_id)s::UUID, %(email)s::VARCHAR, %(full_name)s::VARCHAR, %(hashed_password)s::VARCHAR, %(is_active)s, %(created_at)s::TIMESTAMP WITH TIME ZONE, %(updated_at)s::TIMESTAMP WITH TIME ZONE)
[2026-08-22 23:01:31] [INFO   ] [sqlalchemy.engine.Engine:1848] [MainThread] - [cached since 0.542s ago] {'id': UUID('81dded94-2073-4705-b892-2546e34c0ac0'), 'organization_id': UUID('cc1f7282-22ad-4805-b971-564edaeef17c'), 'role_id': None, 'email': 'vendedor_27311d@empresa.com', 'full_name': 'Vendedor Teste', 'hashed_password': 'hash123', 'is_active': True, 'created_at': datetime.datetime(2026, 8, 23, 2, 1, 31, 722642, tzinfo=datetime.timezone.utc), 'updated_at': datetime.datetime(2026, 8, 23, 2, 1, 31, 722643, tzinfo=datetime.timezone.utc)}
[2026-08-22 23:01:31] [INFO   ] [sqlalchemy.engine.Engine:2718] [MainThread] - COMMIT
[2026-08-22 23:01:31] [INFO   ] [sqlalchemy.engine.Engine:2712] [MainThread] - BEGIN (implicit)
[2026-08-22 23:01:31] [INFO   ] [sqlalchemy.engine.Engine:1848] [MainThread] - SELECT "user".id, "user".organization_id, "user".role_id, "user".email, "user".full_name, "user".hashed_password, "user".is_active, "user".created_at, "user".updated_at 
FROM "user" 
WHERE "user".id = %(pk_1)s::UUID
[2026-08-22 23:01:31] [INFO   ] [sqlalchemy.engine.Engine:1848] [MainThread] - [cached since 0.5379s ago] {'pk_1': UUID('81dded94-2073-4705-b892-2546e34c0ac0')}
[2026-08-22 23:01:31] [INFO   ] [sqlalchemy.engine.Engine:1848] [MainThread] - INSERT INTO product_category (id, organization_id, name, code, description, is_active, created_at, updated_at) VALUES (%(id)s::UUID, %(organization_id)s::UUID, %(name)s::VARCHAR, %(code)s::VARCHAR, %(description)s::VARCHAR, %(is_active)s, %(created_at)s::TIMESTAMP WITH TIME ZONE, %(updated_at)s::TIMESTAMP WITH TIME ZONE)
[2026-08-22 23:01:31] [INFO   ] [sqlalchemy.engine.Engine:1848] [MainThread] - [cached since 0.4087s ago] {'id': UUID('688a6136-235a-4813-99f3-b0cbdb9dd273'), 'organization_id': UUID('cc1f7282-22ad-4805-b971-564edaeef17c'), 'name': 'Cat_02af', 'code': 'C237', 'description': None, 'is_active': True, 'created_at': datetime.datetime(2026, 8, 23, 2, 1, 31, 727331, tzinfo=datetime.timezone.utc), 'updated_at': datetime.datetime(2026, 8, 23, 2, 1, 31, 727333, tzinfo=datetime.timezone.utc)}
[2026-08-22 23:01:31] [INFO   ] [sqlalchemy.engine.Engine:2718] [MainThread] - COMMIT
[2026-08-22 23:01:31] [INFO   ] [sqlalchemy.engine.Engine:2712] [MainThread] - BEGIN (implicit)
[2026-08-22 23:01:31] [INFO   ] [sqlalchemy.engine.Engine:1848] [MainThread] - SELECT product_category.id, product_category.organization_id, product_category.name, product_category.code, product_category.description, product_category.is_active, product_category.created_at, product_category.updated_at 
FROM product_category 
WHERE product_category.id = %(pk_1)s::UUID
[2026-08-22 23:01:31] [INFO   ] [sqlalchemy.engine.Engine:1848] [MainThread] - [cached since 0.404s ago] {'pk_1': UUID('688a6136-235a-4813-99f3-b0cbdb9dd273')}
[2026-08-22 23:01:31] [INFO   ] [sqlalchemy.engine.Engine:1848] [MainThread] - INSERT INTO product (id, organization_id, category_id, sku, name, description, unit_of_measure, reference_price, cost_price, sale_price, external_code, brand, barcode, ncm, is_perishable, requires_batch, shelf_life_days, current_stock, min_stock, max_stock, storage_location, is_active, created_at, updated_at) VALUES (%(id)s::UUID, %(organization_id)s::UUID, %(category_id)s::UUID, %(sku)s::VARCHAR, %(name)s::VARCHAR, %(description)s::VARCHAR, %(unit_of_measure)s::VARCHAR, %(reference_price)s, %(cost_price)s, %(sale_price)s, %(external_code)s::VARCHAR, %(brand)s::VARCHAR, %(barcode)s::VARCHAR, %(ncm)s::VARCHAR, %(is_perishable)s, %(requires_batch)s, %(shelf_life_days)s::INTEGER, %(current_stock)s, %(min_stock)s, %(max_stock)s, %(storage_location)s::VARCHAR, %(is_active)s, %(created_at)s::TIMESTAMP WITH TIME ZONE, %(updated_at)s::TIMESTAMP WITH TIME ZONE)
[2026-08-22 23:01:31] [INFO   ] [sqlalchemy.engine.Engine:1848] [MainThread] - [cached since 0.403s ago] {'id': UUID('a09a2e6c-b45c-4e98-a17f-4cc1a982495b'), 'organization_id': UUID('cc1f7282-22ad-4805-b971-564edaeef17c'), 'category_id': UUID('688a6136-235a-4813-99f3-b0cbdb9dd273'), 'sku': 'SKU-28B037', 'name': 'Dipirona 500mg', 'description': None, 'unit_of_measure': 'UN', 'reference_price': Decimal('12.50'), 'cost_price': Decimal('0.0000'), 'sale_price': Decimal('0.0000'), 'external_code': None, 'brand': None, 'barcode': None, 'ncm': None, 'is_perishable': False, 'requires_batch': False, 'shelf_life_days': None, 'current_stock': Decimal('100'), 'min_stock': Decimal('10'), 'max_stock': Decimal('200'), 'storage_location': None, 'is_active': True, 'created_at': datetime.datetime(2026, 8, 23, 2, 1, 31, 732020, tzinfo=datetime.timezone.utc), 'updated_at': datetime.datetime(2026, 8, 23, 2, 1, 31, 732021, tzinfo=datetime.timezone.utc)}
[2026-08-22 23:01:31] [INFO   ] [sqlalchemy.engine.Engine:2718] [MainThread] - COMMIT
[2026-08-22 23:01:31] [INFO   ] [sqlalchemy.engine.Engine:2712] [MainThread] - BEGIN (implicit)
[2026-08-22 23:01:31] [INFO   ] [sqlalchemy.engine.Engine:1848] [MainThread] - SELECT product.id, product.organization_id, product.category_id, product.sku, product.name, product.description, product.unit_of_measure, product.reference_price, product.cost_price, product.sale_price, product.external_code, product.brand, product.barcode, product.ncm, product.is_perishable, product.requires_batch, product.shelf_life_days, product.current_stock, product.min_stock, product.max_stock, product.storage_location, product.is_active, product.created_at, product.updated_at 
FROM product 
WHERE product.id = %(pk_1)s::UUID
[2026-08-22 23:01:31] [INFO   ] [sqlalchemy.engine.Engine:1848] [MainThread] - [cached since 0.3982s ago] {'pk_1': UUID('a09a2e6c-b45c-4e98-a17f-4cc1a982495b')}
[2026-08-22 23:01:31] [INFO   ] [sqlalchemy.engine.Engine:1848] [MainThread] - SELECT product.id, product.organization_id, product.category_id, product.sku, product.name, product.description, product.unit_of_measure, product.reference_price, product.cost_price, product.sale_price, product.external_code, product.brand, product.barcode, product.ncm, product.is_perishable, product.requires_batch, product.shelf_life_days, product.current_stock, product.min_stock, product.max_stock, product.storage_location, product.is_active, product.created_at, product.updated_at 
FROM product 
WHERE product.id = %(id_1)s::UUID AND product.organization_id = %(organization_id_1)s::UUID
[2026-08-22 23:01:31] [INFO   ] [sqlalchemy.engine.Engine:1848] [MainThread] - [cached since 0.3973s ago] {'id_1': UUID('a09a2e6c-b45c-4e98-a17f-4cc1a982495b'), 'organization_id_1': UUID('cc1f7282-22ad-4805-b971-564edaeef17c')}
[2026-08-22 23:01:31] [INFO   ] [sqlalchemy.engine.Engine:1848] [MainThread] - SELECT product_category.id AS product_category_id, product_category.organization_id AS product_category_organization_id, product_category.name AS product_category_name, product_category.code AS product_category_code, product_category.description AS product_category_description, product_category.is_active AS product_category_is_active, product_category.created_at AS product_category_created_at, product_category.updated_at AS product_category_updated_at 
FROM product_category 
WHERE product_category.id IN (%(primary_keys_1)s::UUID)
[2026-08-22 23:01:31] [INFO   ] [sqlalchemy.engine.Engine:1848] [MainThread] - [cached since 0.3964s ago] {'primary_keys_1': UUID('688a6136-235a-4813-99f3-b0cbdb9dd273')}
[2026-08-22 23:01:31] [INFO   ] [sqlalchemy.engine.Engine:1848] [MainThread] - SELECT business_document.id, business_document.organization_id, business_document.document_type, business_document.native_id, business_document.document_number, business_document.current_status, business_document.issued_at, business_document.created_by_id, business_document.created_at, business_document.updated_at 
FROM business_document 
WHERE business_document.organization_id = %(organization_id_1)s::UUID AND business_document.document_type = %(document_type_1)s::VARCHAR AND business_document.native_id = %(native_id_1)s::UUID
[2026-08-22 23:01:31] [INFO   ] [sqlalchemy.engine.Engine:1848] [MainThread] - [cached since 0.3958s ago] {'organization_id_1': UUID('cc1f7282-22ad-4805-b971-564edaeef17c'), 'document_type_1': 'SALES_QUOTE', 'native_id_1': UUID('5a14e9ff-78fe-4bb2-9b69-5daa6cbdb2b3')}
[2026-08-22 23:01:31] [INFO   ] [sqlalchemy.engine.Engine:1848] [MainThread] - INSERT INTO business_document (id, organization_id, document_type, native_id, document_number, current_status, issued_at, created_by_id, created_at, updated_at) VALUES (%(id)s::UUID, %(organization_id)s::UUID, %(document_type)s::VARCHAR, %(native_id)s::UUID, %(document_number)s::VARCHAR, %(current_status)s::VARCHAR, %(issued_at)s::TIMESTAMP WITH TIME ZONE, %(created_by_id)s::UUID, %(created_at)s::TIMESTAMP WITH TIME ZONE, %(updated_at)s::TIMESTAMP WITH TIME ZONE)
[2026-08-22 23:01:31] [INFO   ] [sqlalchemy.engine.Engine:1848] [MainThread] - [cached since 0.3901s ago] {'id': UUID('3079a7e7-560a-4602-bb0c-740ac08fb4ea'), 'organization_id': UUID('cc1f7282-22ad-4805-b971-564edaeef17c'), 'document_type': 'SALES_QUOTE', 'native_id': UUID('5a14e9ff-78fe-4bb2-9b69-5daa6cbdb2b3'), 'document_number': 'ORC-20260822-0804', 'current_status': 'DRAFT', 'issued_at': None, 'created_by_id': UUID('81dded94-2073-4705-b892-2546e34c0ac0'), 'created_at': datetime.datetime(2026, 8, 23, 2, 1, 31, 742356, tzinfo=datetime.timezone.utc), 'updated_at': datetime.datetime(2026, 8, 23, 2, 1, 31, 742357, tzinfo=datetime.timezone.utc)}
[2026-08-22 23:01:31] [INFO   ] [sqlalchemy.engine.Engine:1848] [MainThread] - INSERT INTO sales_quote (id, organization_id, customer_id, opportunity_id, document_id, quote_number, customer_name, customer_document, customer_email, customer_phone, total_amount, discount_amount, net_amount, payment_terms, valid_until, status, notes, created_by_id, created_at, updated_at) VALUES (%(id)s::UUID, %(organization_id)s::UUID, %(customer_id)s::UUID, %(opportunity_id)s::UUID, %(document_id)s::UUID, %(quote_number)s::VARCHAR, %(customer_name)s::VARCHAR, %(customer_document)s::VARCHAR, %(customer_email)s::VARCHAR, %(customer_phone)s::VARCHAR, %(total_amount)s, %(discount_amount)s, %(net_amount)s, %(payment_terms)s::VARCHAR, %(valid_until)s::DATE, %(status)s::VARCHAR, %(notes)s::VARCHAR, %(created_by_id)s::UUID, %(created_at)s::TIMESTAMP WITH TIME ZONE, %(updated_at)s::TIMESTAMP WITH TIME ZONE)
[2026-08-22 23:01:31] [INFO   ] [sqlalchemy.engine.Engine:1848] [MainThread] - [cached since 0.3873s ago] {'id': UUID('5a14e9ff-78fe-4bb2-9b69-5daa6cbdb2b3'), 'organization_id': UUID('cc1f7282-22ad-4805-b971-564edaeef17c'), 'customer_id': None, 'opportunity_id': None, 'document_id': UUID('3079a7e7-560a-4602-bb0c-740ac08fb4ea'), 'quote_number': 'ORC-20260822-0804', 'customer_name': 'Cliente Transação Atômica', 'customer_document': None, 'customer_email': None, 'customer_phone': None, 'total_amount': Decimal('40.00'), 'discount_amount': Decimal('0.00'), 'net_amount': Decimal('40.00'), 'payment_terms': 'À Vista', 'valid_until': datetime.date(2026, 9, 6), 'status': 'DRAFT', 'notes': None, 'created_by_id': UUID('81dded94-2073-4705-b892-2546e34c0ac0'), 'created_at': datetime.datetime(2026, 8, 23, 2, 1, 31, 743530, tzinfo=datetime.timezone.utc), 'updated_at': datetime.datetime(2026, 8, 23, 2, 1, 31, 743532, tzinfo=datetime.timezone.utc)}
[2026-08-22 23:01:31] [INFO   ] [sqlalchemy.engine.Engine:1848] [MainThread] - INSERT INTO sales_quote_item (id, quote_id, product_id, quantity, unit_price, discount_amount, total_price, notes) VALUES (%(id)s::UUID, %(quote_id)s::UUID, %(product_id)s::UUID, %(quantity)s, %(unit_price)s, %(discount_amount)s, %(total_price)s, %(notes)s::VARCHAR)
[2026-08-22 23:01:31] [INFO   ] [sqlalchemy.engine.Engine:1848] [MainThread] - [cached since 0.3821s ago] {'id': UUID('cc789726-600c-4312-9a27-1c0c62c056d0'), 'quote_id': UUID('5a14e9ff-78fe-4bb2-9b69-5daa6cbdb2b3'), 'product_id': UUID('a09a2e6c-b45c-4e98-a17f-4cc1a982495b'), 'quantity': Decimal('2'), 'unit_price': Decimal('20.00'), 'discount_amount': Decimal('0.00'), 'total_price': Decimal('40.00'), 'notes': None}
[2026-08-22 23:01:31] [INFO   ] [sqlalchemy.engine.Engine:1848] [MainThread] - SELECT sales_quote.id, sales_quote.organization_id, sales_quote.customer_id, sales_quote.opportunity_id, sales_quote.document_id, sales_quote.quote_number, sales_quote.customer_name, sales_quote.customer_document, sales_quote.customer_email, sales_quote.customer_phone, sales_quote.total_amount, sales_quote.discount_amount, sales_quote.net_amount, sales_quote.payment_terms, sales_quote.valid_until, sales_quote.status, sales_quote.notes, sales_quote.created_by_id, sales_quote.created_at, sales_quote.updated_at 
FROM sales_quote 
WHERE sales_quote.id = %(pk_1)s::UUID
[2026-08-22 23:01:31] [INFO   ] [sqlalchemy.engine.Engine:1848] [MainThread] - [cached since 0.3787s ago] {'pk_1': UUID('5a14e9ff-78fe-4bb2-9b69-5daa6cbdb2b3')}
[2026-08-22 23:01:31] [INFO   ] [sqlalchemy.engine.Engine:1848] [MainThread] - SELECT sales_quote_item.id AS sales_quote_item_id, sales_quote_item.quote_id AS sales_quote_item_quote_id, sales_quote_item.product_id AS sales_quote_item_product_id, sales_quote_item.quantity AS sales_quote_item_quantity, sales_quote_item.unit_price AS sales_quote_item_unit_price, sales_quote_item.discount_amount AS sales_quote_item_discount_amount, sales_quote_item.total_price AS sales_quote_item_total_price, sales_quote_item.notes AS sales_quote_item_notes 
FROM sales_quote_item 
WHERE %(param_1)s::UUID = sales_quote_item.quote_id
[2026-08-22 23:01:31] [INFO   ] [sqlalchemy.engine.Engine:1848] [MainThread] - [cached since 0.3779s ago] {'param_1': UUID('5a14e9ff-78fe-4bb2-9b69-5daa6cbdb2b3')}
[2026-08-22 23:01:31] [INFO   ] [sqlalchemy.engine.Engine:1848] [MainThread] - SELECT document_event.id, document_event.organization_id, document_event.document_id, document_event.event_type, document_event.previous_status, document_event.new_status, document_event.event_metadata, document_event.idempotency_key, document_event.created_by_id, document_event.created_at 
FROM document_event 
WHERE document_event.organization_id = %(organization_id_1)s::UUID AND document_event.idempotency_key = %(idempotency_key_1)s::VARCHAR
[2026-08-22 23:01:31] [INFO   ] [sqlalchemy.engine.Engine:1848] [MainThread] - [cached since 0.377s ago] {'organization_id_1': UUID('cc1f7282-22ad-4805-b971-564edaeef17c'), 'idempotency_key_1': 'sales-quote:5a14e9ff-78fe-4bb2-9b69-5daa6cbdb2b3:created'}
[2026-08-22 23:01:31] [INFO   ] [sqlalchemy.engine.Engine:1848] [MainThread] - UPDATE business_document SET issued_at=%(issued_at)s::TIMESTAMP WITH TIME ZONE, updated_at=%(updated_at)s::TIMESTAMP WITH TIME ZONE WHERE business_document.id = %(business_document_id)s::UUID
[2026-08-22 23:01:31] [INFO   ] [sqlalchemy.engine.Engine:1848] [MainThread] - [cached since 0.3731s ago] {'issued_at': datetime.datetime(2026, 8, 23, 2, 1, 31, 743530, tzinfo=datetime.timezone.utc), 'updated_at': datetime.datetime(2026, 8, 23, 2, 1, 31, 748531, tzinfo=datetime.timezone.utc), 'business_document_id': UUID('3079a7e7-560a-4602-bb0c-740ac08fb4ea')}
[2026-08-22 23:01:31] [INFO   ] [sqlalchemy.engine.Engine:1848] [MainThread] - INSERT INTO document_event (id, organization_id, document_id, event_type, previous_status, new_status, event_metadata, idempotency_key, created_by_id, created_at) VALUES (%(id)s::UUID, %(organization_id)s::UUID, %(document_id)s::UUID, %(event_type)s::VARCHAR, %(previous_status)s::VARCHAR, %(new_status)s::VARCHAR, %(event_metadata)s::JSON, %(idempotency_key)s::VARCHAR, %(created_by_id)s::UUID, %(created_at)s::TIMESTAMP WITH TIME ZONE)
[2026-08-22 23:01:31] [INFO   ] [sqlalchemy.engine.Engine:1848] [MainThread] - [cached since 0.3702s ago] {'id': UUID('2396ffd7-01ff-4da9-9b97-af54774533a3'), 'organization_id': UUID('cc1f7282-22ad-4805-b971-564edaeef17c'), 'document_id': UUID('3079a7e7-560a-4602-bb0c-740ac08fb4ea'), 'event_type': 'CREATED', 'previous_status': None, 'new_status': 'DRAFT', 'event_metadata': Json({}), 'idempotency_key': 'sales-quote:5a14e9ff-78fe-4bb2-9b69-5daa6cbdb2b3:created', 'created_by_id': UUID('81dded94-2073-4705-b892-2546e34c0ac0'), 'created_at': datetime.datetime(2026, 8, 23, 2, 1, 31, 749356, tzinfo=datetime.timezone.utc)}
[2026-08-22 23:01:31] [INFO   ] [sqlalchemy.engine.Engine:2718] [MainThread] - COMMIT
[2026-08-22 23:01:31] [INFO   ] [sqlalchemy.engine.Engine:2712] [MainThread] - BEGIN (implicit)
[2026-08-22 23:01:31] [INFO   ] [sqlalchemy.engine.Engine:1848] [MainThread] - SELECT sales_quote.id, sales_quote.organization_id, sales_quote.customer_id, sales_quote.opportunity_id, sales_quote.document_id, sales_quote.quote_number, sales_quote.customer_name, sales_quote.customer_document, sales_quote.customer_email, sales_quote.customer_phone, sales_quote.total_amount, sales_quote.discount_amount, sales_quote.net_amount, sales_quote.payment_terms, sales_quote.valid_until, sales_quote.status, sales_quote.notes, sales_quote.created_by_id, sales_quote.created_at, sales_quote.updated_at 
FROM sales_quote 
WHERE sales_quote.id = %(id_1)s::UUID AND sales_quote.organization_id = %(organization_id_1)s::UUID FOR UPDATE
[2026-08-22 23:01:31] [INFO   ] [sqlalchemy.engine.Engine:1848] [MainThread] - [cached since 0.1363s ago] {'id_1': UUID('5a14e9ff-78fe-4bb2-9b69-5daa6cbdb2b3'), 'organization_id_1': UUID('cc1f7282-22ad-4805-b971-564edaeef17c')}
[2026-08-22 23:01:31] [INFO   ] [sqlalchemy.engine.Engine:1848] [MainThread] - SELECT sales_quote_item.quote_id AS sales_quote_item_quote_id, sales_quote_item.id AS sales_quote_item_id, sales_quote_item.product_id AS sales_quote_item_product_id, sales_quote_item.quantity AS sales_quote_item_quantity, sales_quote_item.unit_price AS sales_quote_item_unit_price, sales_quote_item.discount_amount AS sales_quote_item_discount_amount, sales_quote_item.total_price AS sales_quote_item_total_price, sales_quote_item.notes AS sales_quote_item_notes 
FROM sales_quote_item 
WHERE sales_quote_item.quote_id IN (%(primary_keys_1)s::UUID)
[2026-08-22 23:01:31] [INFO   ] [sqlalchemy.engine.Engine:1848] [MainThread] - [cached since 0.1359s ago] {'primary_keys_1': UUID('5a14e9ff-78fe-4bb2-9b69-5daa6cbdb2b3')}
[2026-08-22 23:01:31] [INFO   ] [sqlalchemy.engine.Engine:1848] [MainThread] - SELECT business_document.id, business_document.organization_id, business_document.document_type, business_document.native_id, business_document.document_number, business_document.current_status, business_document.issued_at, business_document.created_by_id, business_document.created_at, business_document.updated_at 
FROM business_document 
WHERE business_document.organization_id = %(organization_id_1)s::UUID AND business_document.document_type = %(document_type_1)s::VARCHAR AND business_document.native_id = %(native_id_1)s::UUID
[2026-08-22 23:01:31] [INFO   ] [sqlalchemy.engine.Engine:1848] [MainThread] - [cached since 0.4099s ago] {'organization_id_1': UUID('cc1f7282-22ad-4805-b971-564edaeef17c'), 'document_type_1': 'SALES_QUOTE', 'native_id_1': UUID('5a14e9ff-78fe-4bb2-9b69-5daa6cbdb2b3')}
[2026-08-22 23:01:31] [INFO   ] [sqlalchemy.engine.Engine:1848] [MainThread] - SELECT document_relation.parent_document_id AS document_relation_parent_document_id, document_relation.id AS document_relation_id, document_relation.organization_id AS document_relation_organization_id, document_relation.child_document_id AS document_relation_child_document_id, document_relation.relation_type AS document_relation_relation_type, document_relation.relation_metadata AS document_relation_relation_metadata, document_relation.created_by_id AS document_relation_created_by_id, document_relation.created_at AS document_relation_created_at 
FROM document_relation 
WHERE document_relation.parent_document_id IN (%(primary_keys_1)s::UUID)
[2026-08-22 23:01:31] [INFO   ] [sqlalchemy.engine.Engine:1848] [MainThread] - [cached since 0.1258s ago] {'primary_keys_1': UUID('3079a7e7-560a-4602-bb0c-740ac08fb4ea')}
[2026-08-22 23:01:31] [INFO   ] [sqlalchemy.engine.Engine:1848] [MainThread] - SELECT business_document_1.id AS business_document_1_id, document_event.id AS document_event_id, document_event.organization_id AS document_event_organization_id, document_event.document_id AS document_event_document_id, document_event.event_type AS document_event_event_type, document_event.previous_status AS document_event_previous_status, document_event.new_status AS document_event_new_status, document_event.event_metadata AS document_event_event_metadata, document_event.idempotency_key AS document_event_idempotency_key, document_event.created_by_id AS document_event_created_by_id, document_event.created_at AS document_event_created_at 
FROM business_document AS business_document_1 JOIN document_event ON business_document_1.organization_id = document_event.organization_id AND business_document_1.id = document_event.document_id 
WHERE business_document_1.id IN (%(primary_keys_1)s::UUID) ORDER BY document_event.created_at
[2026-08-22 23:01:31] [INFO   ] [sqlalchemy.engine.Engine:1848] [MainThread] - [cached since 0.1193s ago] {'primary_keys_1': UUID('3079a7e7-560a-4602-bb0c-740ac08fb4ea')}
[2026-08-22 23:01:31] [INFO   ] [sqlalchemy.engine.Engine:1848] [MainThread] - SELECT document_relation.child_document_id AS document_relation_child_document_id, document_relation.id AS document_relation_id, document_relation.organization_id AS document_relation_organization_id, document_relation.parent_document_id AS document_relation_parent_document_id, document_relation.relation_type AS document_relation_relation_type, document_relation.relation_metadata AS document_relation_relation_metadata, document_relation.created_by_id AS document_relation_created_by_id, document_relation.created_at AS document_relation_created_at 
FROM document_relation 
WHERE document_relation.child_document_id IN (%(primary_keys_1)s::UUID)
[2026-08-22 23:01:31] [INFO   ] [sqlalchemy.engine.Engine:1848] [MainThread] - [cached since 0.1187s ago] {'primary_keys_1': UUID('3079a7e7-560a-4602-bb0c-740ac08fb4ea')}
[2026-08-22 23:01:31] [INFO   ] [sqlalchemy.engine.Engine:1848] [MainThread] - SELECT document_event.id, document_event.organization_id, document_event.document_id, document_event.event_type, document_event.previous_status, document_event.new_status, document_event.event_metadata, document_event.idempotency_key, document_event.created_by_id, document_event.created_at 
FROM document_event 
WHERE document_event.organization_id = %(organization_id_1)s::UUID AND document_event.idempotency_key = %(idempotency_key_1)s::VARCHAR
[2026-08-22 23:01:31] [INFO   ] [sqlalchemy.engine.Engine:1848] [MainThread] - [cached since 0.389s ago] {'organization_id_1': UUID('cc1f7282-22ad-4805-b971-564edaeef17c'), 'idempotency_key_1': 'sales-quote:5a14e9ff-78fe-4bb2-9b69-5daa6cbdb2b3:status:draft:approved'}
[2026-08-22 23:01:31] [INFO   ] [sqlalchemy.engine.Engine:1848] [MainThread] - INSERT INTO document_event (id, organization_id, document_id, event_type, previous_status, new_status, event_metadata, idempotency_key, created_by_id, created_at) VALUES (%(id)s::UUID, %(organization_id)s::UUID, %(document_id)s::UUID, %(event_type)s::VARCHAR, %(previous_status)s::VARCHAR, %(new_status)s::VARCHAR, %(event_metadata)s::JSON, %(idempotency_key)s::VARCHAR, %(created_by_id)s::UUID, %(created_at)s::TIMESTAMP WITH TIME ZONE)
[2026-08-22 23:01:31] [INFO   ] [sqlalchemy.engine.Engine:1848] [MainThread] - [cached since 0.3818s ago] {'id': UUID('c32bb204-3caa-45ca-934b-b1fd160392a7'), 'organization_id': UUID('cc1f7282-22ad-4805-b971-564edaeef17c'), 'document_id': UUID('3079a7e7-560a-4602-bb0c-740ac08fb4ea'), 'event_type': 'STATUS_CHANGED', 'previous_status': 'DRAFT', 'new_status': 'APPROVED', 'event_metadata': Json({'quote_id': '5a14e9ff-78fe-4bb2-9b ... (52 chars)), 'idempotency_key': 'sales-quote:5a14e9ff-78fe-4bb2-9b69-5daa6cbdb2b3:status:draft:approved', 'created_by_id': UUID('81dded94-2073-4705-b892-2546e34c0ac0'), 'created_at': datetime.datetime(2026, 8, 23, 2, 1, 31, 760878, tzinfo=datetime.timezone.utc)}
[2026-08-22 23:01:31] [INFO   ] [sqlalchemy.engine.Engine:1848] [MainThread] - UPDATE sales_quote SET status=%(status)s::VARCHAR, updated_at=%(updated_at)s::TIMESTAMP WITH TIME ZONE WHERE sales_quote.id = %(sales_quote_id)s::UUID
[2026-08-22 23:01:31] [INFO   ] [sqlalchemy.engine.Engine:1848] [MainThread] - [cached since 0.1184s ago] {'status': 'APPROVED', 'updated_at': datetime.datetime(2026, 8, 23, 2, 1, 31, 761867, tzinfo=datetime.timezone.utc), 'sales_quote_id': UUID('5a14e9ff-78fe-4bb2-9b69-5daa6cbdb2b3')}
[2026-08-22 23:01:31] [INFO   ] [sqlalchemy.engine.Engine:1848] [MainThread] - UPDATE business_document SET current_status=%(current_status)s::VARCHAR, updated_at=%(updated_at)s::TIMESTAMP WITH TIME ZONE WHERE business_document.id = %(business_document_id)s::UUID
[2026-08-22 23:01:31] [INFO   ] [sqlalchemy.engine.Engine:1848] [MainThread] - [cached since 0.1182s ago] {'current_status': 'APPROVED', 'updated_at': datetime.datetime(2026, 8, 23, 2, 1, 31, 762860, tzinfo=datetime.timezone.utc), 'business_document_id': UUID('3079a7e7-560a-4602-bb0c-740ac08fb4ea')}
[2026-08-22 23:01:31] [INFO   ] [sqlalchemy.engine.Engine:2718] [MainThread] - COMMIT
[2026-08-22 23:01:31] [INFO   ] [sqlalchemy.engine.Engine:2712] [MainThread] - BEGIN (implicit)
[2026-08-22 23:01:31] [INFO   ] [sqlalchemy.engine.Engine:1848] [MainThread] - SELECT sales_quote.id, sales_quote.organization_id, sales_quote.customer_id, sales_quote.opportunity_id, sales_quote.document_id, sales_quote.quote_number, sales_quote.customer_name, sales_quote.customer_document, sales_quote.customer_email, sales_quote.customer_phone, sales_quote.total_amount, sales_quote.discount_amount, sales_quote.net_amount, sales_quote.payment_terms, sales_quote.valid_until, sales_quote.status, sales_quote.notes, sales_quote.created_by_id, sales_quote.created_at, sales_quote.updated_at 
FROM sales_quote 
WHERE sales_quote.id = %(id_1)s::UUID AND sales_quote.organization_id = %(organization_id_1)s::UUID FOR UPDATE
[2026-08-22 23:01:31] [INFO   ] [sqlalchemy.engine.Engine:1848] [MainThread] - [cached since 0.1496s ago] {'id_1': UUID('5a14e9ff-78fe-4bb2-9b69-5daa6cbdb2b3'), 'organization_id_1': UUID('cc1f7282-22ad-4805-b971-564edaeef17c')}
[2026-08-22 23:01:31] [INFO   ] [sqlalchemy.engine.Engine:1848] [MainThread] - SELECT sales_quote_item.quote_id AS sales_quote_item_quote_id, sales_quote_item.id AS sales_quote_item_id, sales_quote_item.product_id AS sales_quote_item_product_id, sales_quote_item.quantity AS sales_quote_item_quantity, sales_quote_item.unit_price AS sales_quote_item_unit_price, sales_quote_item.discount_amount AS sales_quote_item_discount_amount, sales_quote_item.total_price AS sales_quote_item_total_price, sales_quote_item.notes AS sales_quote_item_notes 
FROM sales_quote_item 
WHERE sales_quote_item.quote_id IN (%(primary_keys_1)s::UUID)
[2026-08-22 23:01:31] [INFO   ] [sqlalchemy.engine.Engine:1848] [MainThread] - [cached since 0.1492s ago] {'primary_keys_1': UUID('5a14e9ff-78fe-4bb2-9b69-5daa6cbdb2b3')}
[2026-08-22 23:01:31] [INFO   ] [sqlalchemy.engine.Engine:1848] [MainThread] - SELECT sales_order.id, sales_order.organization_id, sales_order.customer_id, sales_order.sales_quote_id, sales_order.opportunity_id, sales_order.document_id, sales_order.order_number, sales_order.customer_name, sales_order.customer_document, sales_order.total_amount, sales_order.discount_amount, sales_order.net_amount, sales_order.payment_terms, sales_order.delivery_status, sales_order.billing_status, sales_order.status, sales_order.notes, sales_order.created_by_id, sales_order.created_at, sales_order.updated_at 
FROM sales_order 
WHERE sales_order.sales_quote_id = %(sales_quote_id_1)s::UUID AND sales_order.organization_id = %(organization_id_1)s::UUID
[2026-08-22 23:01:31] [INFO   ] [sqlalchemy.engine.Engine:1848] [MainThread] - [cached since 0.1488s ago] {'sales_quote_id_1': UUID('5a14e9ff-78fe-4bb2-9b69-5daa6cbdb2b3'), 'organization_id_1': UUID('cc1f7282-22ad-4805-b971-564edaeef17c')}
[2026-08-22 23:01:31] [INFO   ] [sqlalchemy.engine.Engine:1848] [MainThread] - SELECT product.id, product.organization_id, product.category_id, product.sku, product.name, product.description, product.unit_of_measure, product.reference_price, product.cost_price, product.sale_price, product.external_code, product.brand, product.barcode, product.ncm, product.is_perishable, product.requires_batch, product.shelf_life_days, product.current_stock, product.min_stock, product.max_stock, product.storage_location, product.is_active, product.created_at, product.updated_at 
FROM product 
WHERE product.id = %(id_1)s::UUID AND product.organization_id = %(organization_id_1)s::UUID
[2026-08-22 23:01:31] [INFO   ] [sqlalchemy.engine.Engine:1848] [MainThread] - [cached since 0.4274s ago] {'id_1': UUID('a09a2e6c-b45c-4e98-a17f-4cc1a982495b'), 'organization_id_1': UUID('cc1f7282-22ad-4805-b971-564edaeef17c')}
[2026-08-22 23:01:31] [INFO   ] [sqlalchemy.engine.Engine:1848] [MainThread] - SELECT product_category.id AS product_category_id, product_category.organization_id AS product_category_organization_id, product_category.name AS product_category_name, product_category.code AS product_category_code, product_category.description AS product_category_description, product_category.is_active AS product_category_is_active, product_category.created_at AS product_category_created_at, product_category.updated_at AS product_category_updated_at 
FROM product_category 
WHERE product_category.id IN (%(primary_keys_1)s::UUID)
[2026-08-22 23:01:31] [INFO   ] [sqlalchemy.engine.Engine:1848] [MainThread] - [cached since 0.4265s ago] {'primary_keys_1': UUID('688a6136-235a-4813-99f3-b0cbdb9dd273')}
[2026-08-22 23:01:31] [INFO   ] [sqlalchemy.engine.Engine:1848] [MainThread] - SELECT business_document.id, business_document.organization_id, business_document.document_type, business_document.native_id, business_document.document_number, business_document.current_status, business_document.issued_at, business_document.created_by_id, business_document.created_at, business_document.updated_at 
FROM business_document 
WHERE business_document.organization_id = %(organization_id_1)s::UUID AND business_document.document_type = %(document_type_1)s::VARCHAR AND business_document.native_id = %(native_id_1)s::UUID
[2026-08-22 23:01:31] [INFO   ] [sqlalchemy.engine.Engine:1848] [MainThread] - [cached since 0.4259s ago] {'organization_id_1': UUID('cc1f7282-22ad-4805-b971-564edaeef17c'), 'document_type_1': 'SALES_QUOTE', 'native_id_1': UUID('5a14e9ff-78fe-4bb2-9b69-5daa6cbdb2b3')}
[2026-08-22 23:01:31] [INFO   ] [sqlalchemy.engine.Engine:1848] [MainThread] - SELECT document_relation.parent_document_id AS document_relation_parent_document_id, document_relation.id AS document_relation_id, document_relation.organization_id AS document_relation_organization_id, document_relation.child_document_id AS document_relation_child_document_id, document_relation.relation_type AS document_relation_relation_type, document_relation.relation_metadata AS document_relation_relation_metadata, document_relation.created_by_id AS document_relation_created_by_id, document_relation.created_at AS document_relation_created_at 
FROM document_relation 
WHERE document_relation.parent_document_id IN (%(primary_keys_1)s::UUID)
[2026-08-22 23:01:31] [INFO   ] [sqlalchemy.engine.Engine:1848] [MainThread] - [cached since 0.1417s ago] {'primary_keys_1': UUID('3079a7e7-560a-4602-bb0c-740ac08fb4ea')}
[2026-08-22 23:01:31] [INFO   ] [sqlalchemy.engine.Engine:1848] [MainThread] - SELECT business_document_1.id AS business_document_1_id, document_event.id AS document_event_id, document_event.organization_id AS document_event_organization_id, document_event.document_id AS document_event_document_id, document_event.event_type AS document_event_event_type, document_event.previous_status AS document_event_previous_status, document_event.new_status AS document_event_new_status, document_event.event_metadata AS document_event_event_metadata, document_event.idempotency_key AS document_event_idempotency_key, document_event.created_by_id AS document_event_created_by_id, document_event.created_at AS document_event_created_at 
FROM business_document AS business_document_1 JOIN document_event ON business_document_1.organization_id = document_event.organization_id AND business_document_1.id = document_event.document_id 
WHERE business_document_1.id IN (%(primary_keys_1)s::UUID) ORDER BY document_event.created_at
[2026-08-22 23:01:31] [INFO   ] [sqlalchemy.engine.Engine:1848] [MainThread] - [cached since 0.1352s ago] {'primary_keys_1': UUID('3079a7e7-560a-4602-bb0c-740ac08fb4ea')}
[2026-08-22 23:01:31] [INFO   ] [sqlalchemy.engine.Engine:1848] [MainThread] - SELECT document_relation.child_document_id AS document_relation_child_document_id, document_relation.id AS document_relation_id, document_relation.organization_id AS document_relation_organization_id, document_relation.parent_document_id AS document_relation_parent_document_id, document_relation.relation_type AS document_relation_relation_type, document_relation.relation_metadata AS document_relation_relation_metadata, document_relation.created_by_id AS document_relation_created_by_id, document_relation.created_at AS document_relation_created_at 
FROM document_relation 
WHERE document_relation.child_document_id IN (%(primary_keys_1)s::UUID)
[2026-08-22 23:01:31] [INFO   ] [sqlalchemy.engine.Engine:1848] [MainThread] - [cached since 0.1345s ago] {'primary_keys_1': UUID('3079a7e7-560a-4602-bb0c-740ac08fb4ea')}
[2026-08-22 23:01:31] [INFO   ] [sqlalchemy.engine.Engine:1848] [MainThread] - SELECT business_document.id, business_document.organization_id, business_document.document_type, business_document.native_id, business_document.document_number, business_document.current_status, business_document.issued_at, business_document.created_by_id, business_document.created_at, business_document.updated_at 
FROM business_document 
WHERE business_document.organization_id = %(organization_id_1)s::UUID AND business_document.document_type = %(document_type_1)s::VARCHAR AND business_document.native_id = %(native_id_1)s::UUID
[2026-08-22 23:01:31] [INFO   ] [sqlalchemy.engine.Engine:1848] [MainThread] - [cached since 0.4299s ago] {'organization_id_1': UUID('cc1f7282-22ad-4805-b971-564edaeef17c'), 'document_type_1': 'SALES_ORDER', 'native_id_1': UUID('d9c8bdab-b20f-4964-8e32-82172ddefd49')}
[2026-08-22 23:01:31] [INFO   ] [sqlalchemy.engine.Engine:1848] [MainThread] - INSERT INTO business_document (id, organization_id, document_type, native_id, document_number, current_status, issued_at, created_by_id, created_at, updated_at) VALUES (%(id)s::UUID, %(organization_id)s::UUID, %(document_type)s::VARCHAR, %(native_id)s::UUID, %(document_number)s::VARCHAR, %(current_status)s::VARCHAR, %(issued_at)s::TIMESTAMP WITH TIME ZONE, %(created_by_id)s::UUID, %(created_at)s::TIMESTAMP WITH TIME ZONE, %(updated_at)s::TIMESTAMP WITH TIME ZONE)
[2026-08-22 23:01:31] [INFO   ] [sqlalchemy.engine.Engine:1848] [MainThread] - [cached since 0.4244s ago] {'id': UUID('24eb19d6-ded6-4358-b3c0-495e46baa3c1'), 'organization_id': UUID('cc1f7282-22ad-4805-b971-564edaeef17c'), 'document_type': 'SALES_ORDER', 'native_id': UUID('d9c8bdab-b20f-4964-8e32-82172ddefd49'), 'document_number': 'PED-20260822-954C', 'current_status': 'CONFIRMED', 'issued_at': None, 'created_by_id': UUID('81dded94-2073-4705-b892-2546e34c0ac0'), 'created_at': datetime.datetime(2026, 8, 23, 2, 1, 31, 776642, tzinfo=datetime.timezone.utc), 'updated_at': datetime.datetime(2026, 8, 23, 2, 1, 31, 776643, tzinfo=datetime.timezone.utc)}
[2026-08-22 23:01:31] [INFO   ] [sqlalchemy.engine.Engine:1848] [MainThread] - SELECT document_relation.id, document_relation.organization_id, document_relation.parent_document_id, document_relation.child_document_id, document_relation.relation_type, document_relation.relation_metadata, document_relation.created_by_id, document_relation.created_at 
FROM document_relation 
WHERE document_relation.parent_document_id = %(parent_document_id_1)s::UUID AND document_relation.child_document_id = %(child_document_id_1)s::UUID AND document_relation.relation_type = %(relation_type_1)s::VARCHAR
[2026-08-22 23:01:31] [INFO   ] [sqlalchemy.engine.Engine:1848] [MainThread] - [cached since 0.1173s ago] {'parent_document_id_1': UUID('3079a7e7-560a-4602-bb0c-740ac08fb4ea'), 'child_document_id_1': UUID('24eb19d6-ded6-4358-b3c0-495e46baa3c1'), 'relation_type_1': 'CONVERTED_TO'}
[2026-08-22 23:01:31] [INFO   ] [sqlalchemy.engine.Engine:1848] [MainThread] - INSERT INTO document_relation (id, organization_id, parent_document_id, child_document_id, relation_type, relation_metadata, created_by_id, created_at) VALUES (%(id)s::UUID, %(organization_id)s::UUID, %(parent_document_id)s::UUID, %(child_document_id)s::UUID, %(relation_type)s::VARCHAR, %(relation_metadata)s::JSON, %(created_by_id)s::UUID, %(created_at)s::TIMESTAMP WITH TIME ZONE)
[2026-08-22 23:01:31] [INFO   ] [sqlalchemy.engine.Engine:1848] [MainThread] - [cached since 0.1169s ago] {'id': UUID('3854452f-9419-4ec4-accb-51bc19cd2bdf'), 'organization_id': UUID('cc1f7282-22ad-4805-b971-564edaeef17c'), 'parent_document_id': UUID('3079a7e7-560a-4602-bb0c-740ac08fb4ea'), 'child_document_id': UUID('24eb19d6-ded6-4358-b3c0-495e46baa3c1'), 'relation_type': 'CONVERTED_TO', 'relation_metadata': Json({'quote_id': '5a14e9ff-78fe-4bb2-9b ... (104 chars)), 'created_by_id': UUID('81dded94-2073-4705-b892-2546e34c0ac0'), 'created_at': datetime.datetime(2026, 8, 23, 2, 1, 31, 778761, tzinfo=datetime.timezone.utc)}
[2026-08-22 23:01:31] [INFO   ] [sqlalchemy.engine.Engine:1848] [MainThread] - SELECT document_event.id, document_event.organization_id, document_event.document_id, document_event.event_type, document_event.previous_status, document_event.new_status, document_event.event_metadata, document_event.idempotency_key, document_event.created_by_id, document_event.created_at 
FROM document_event 
WHERE document_event.organization_id = %(organization_id_1)s::UUID AND document_event.idempotency_key = %(idempotency_key_1)s::VARCHAR
[2026-08-22 23:01:31] [INFO   ] [sqlalchemy.engine.Engine:1848] [MainThread] - [cached since 0.4093s ago] {'organization_id_1': UUID('cc1f7282-22ad-4805-b971-564edaeef17c'), 'idempotency_key_1': 'sales-order:d9c8bdab-b20f-4964-8e32-82172ddefd49:created'}
[2026-08-22 23:01:31] [INFO   ] [sqlalchemy.engine.Engine:1848] [MainThread] - INSERT INTO document_event (id, organization_id, document_id, event_type, previous_status, new_status, event_metadata, idempotency_key, created_by_id, created_at) VALUES (%(id)s::UUID, %(organization_id)s::UUID, %(document_id)s::UUID, %(event_type)s::VARCHAR, %(previous_status)s::VARCHAR, %(new_status)s::VARCHAR, %(event_metadata)s::JSON, %(idempotency_key)s::VARCHAR, %(created_by_id)s::UUID, %(created_at)s::TIMESTAMP WITH TIME ZONE)
[2026-08-22 23:01:31] [INFO   ] [sqlalchemy.engine.Engine:1848] [MainThread] - [cached since 0.4016s ago] {'id': UUID('9af6bd3a-8bc5-4173-85d5-06cf64b4e1ec'), 'organization_id': UUID('cc1f7282-22ad-4805-b971-564edaeef17c'), 'document_id': UUID('24eb19d6-ded6-4358-b3c0-495e46baa3c1'), 'event_type': 'CREATED', 'previous_status': None, 'new_status': 'CONFIRMED', 'event_metadata': Json({'origin': 'SALES_QUOTE', 'quote_id ... (77 chars)), 'idempotency_key': 'sales-order:d9c8bdab-b20f-4964-8e32-82172ddefd49:created', 'created_by_id': UUID('81dded94-2073-4705-b892-2546e34c0ac0'), 'created_at': datetime.datetime(2026, 8, 23, 2, 1, 31, 780740, tzinfo=datetime.timezone.utc)}
[2026-08-22 23:01:31] [INFO   ] [sqlalchemy.engine.Engine:1848] [MainThread] - SELECT document_event.id, document_event.organization_id, document_event.document_id, document_event.event_type, document_event.previous_status, document_event.new_status, document_event.event_metadata, document_event.idempotency_key, document_event.created_by_id, document_event.created_at 
FROM document_event 
WHERE document_event.organization_id = %(organization_id_1)s::UUID AND document_event.idempotency_key = %(idempotency_key_1)s::VARCHAR
[2026-08-22 23:01:31] [INFO   ] [sqlalchemy.engine.Engine:1848] [MainThread] - [cached since 0.4111s ago] {'organization_id_1': UUID('cc1f7282-22ad-4805-b971-564edaeef17c'), 'idempotency_key_1': 'sales-quote:5a14e9ff-78fe-4bb2-9b69-5daa6cbdb2b3:converted-to:d9c8bdab-b20f-4964-8e32-82172ddefd49'}
[2026-08-22 23:01:31] [INFO   ] [sqlalchemy.engine.Engine:1848] [MainThread] - INSERT INTO document_event (id, organization_id, document_id, event_type, previous_status, new_status, event_metadata, idempotency_key, created_by_id, created_at) VALUES (%(id)s::UUID, %(organization_id)s::UUID, %(document_id)s::UUID, %(event_type)s::VARCHAR, %(previous_status)s::VARCHAR, %(new_status)s::VARCHAR, %(event_metadata)s::JSON, %(idempotency_key)s::VARCHAR, %(created_by_id)s::UUID, %(created_at)s::TIMESTAMP WITH TIME ZONE)
[2026-08-22 23:01:31] [INFO   ] [sqlalchemy.engine.Engine:1848] [MainThread] - [cached since 0.4035s ago] {'id': UUID('1a1b3c69-e8df-4530-97fa-550423caa367'), 'organization_id': UUID('cc1f7282-22ad-4805-b971-564edaeef17c'), 'document_id': UUID('3079a7e7-560a-4602-bb0c-740ac08fb4ea'), 'event_type': 'CONVERTED_TO_ORDER', 'previous_status': 'APPROVED', 'new_status': 'CONVERTED', 'event_metadata': Json({'order_id': 'd9c8bdab-b20f-4964-8e ... (52 chars)), 'idempotency_key': 'sales-quote:5a14e9ff-78fe-4bb2-9b69-5daa6cbdb2b3:converted-to:d9c8bdab-b20f-4964-8e32-82172ddefd49', 'created_by_id': UUID('81dded94-2073-4705-b892-2546e34c0ac0'), 'created_at': datetime.datetime(2026, 8, 23, 2, 1, 31, 782665, tzinfo=datetime.timezone.utc)}
[2026-08-22 23:01:31] [INFO   ] [sqlalchemy.engine.Engine:1848] [MainThread] - UPDATE business_document SET current_status=%(current_status)s::VARCHAR, updated_at=%(updated_at)s::TIMESTAMP WITH TIME ZONE WHERE business_document.id = %(business_document_id)s::UUID
[2026-08-22 23:01:31] [INFO   ] [sqlalchemy.engine.Engine:1848] [MainThread] - [cached since 0.1393s ago] {'current_status': 'CONVERTED', 'updated_at': datetime.datetime(2026, 8, 23, 2, 1, 31, 783918, tzinfo=datetime.timezone.utc), 'business_document_id': UUID('3079a7e7-560a-4602-bb0c-740ac08fb4ea')}
[2026-08-22 23:01:31] [INFO   ] [sqlalchemy.engine.Engine:1848] [MainThread] - INSERT INTO sales_order (id, organization_id, customer_id, sales_quote_id, opportunity_id, document_id, order_number, customer_name, customer_document, total_amount, discount_amount, net_amount, payment_terms, delivery_status, billing_status, status, notes, created_by_id, created_at, updated_at) VALUES (%(id)s::UUID, %(organization_id)s::UUID, %(customer_id)s::UUID, %(sales_quote_id)s::UUID, %(opportunity_id)s::UUID, %(document_id)s::UUID, %(order_number)s::VARCHAR, %(customer_name)s::VARCHAR, %(customer_document)s::VARCHAR, %(total_amount)s, %(discount_amount)s, %(net_amount)s, %(payment_terms)s::VARCHAR, %(delivery_status)s::VARCHAR, %(billing_status)s::VARCHAR, %(status)s::VARCHAR, %(notes)s::VARCHAR, %(created_by_id)s::UUID, %(created_at)s::TIMESTAMP WITH TIME ZONE, %(updated_at)s::TIMESTAMP WITH TIME ZONE)
[2026-08-22 23:01:31] [INFO   ] [sqlalchemy.engine.Engine:1848] [MainThread] - [cached since 0.3976s ago] {'id': UUID('d9c8bdab-b20f-4964-8e32-82172ddefd49'), 'organization_id': UUID('cc1f7282-22ad-4805-b971-564edaeef17c'), 'customer_id': None, 'sales_quote_id': UUID('5a14e9ff-78fe-4bb2-9b69-5daa6cbdb2b3'), 'opportunity_id': None, 'document_id': UUID('24eb19d6-ded6-4358-b3c0-495e46baa3c1'), 'order_number': 'PED-20260822-954C', 'customer_name': 'Cliente Transação Atômica', 'customer_document': None, 'total_amount': Decimal('40.00'), 'discount_amount': Decimal('0.00'), 'net_amount': Decimal('40.00'), 'payment_terms': 'À Vista', 'delivery_status': 'PENDING', 'billing_status': 'PENDING', 'status': 'CONFIRMED', 'notes': 'Convertido do Orçamento #ORC-20260822-0804.', 'created_by_id': UUID('81dded94-2073-4705-b892-2546e34c0ac0'), 'created_at': datetime.datetime(2026, 8, 23, 2, 1, 31, 784710, tzinfo=datetime.timezone.utc), 'updated_at': datetime.datetime(2026, 8, 23, 2, 1, 31, 784712, tzinfo=datetime.timezone.utc)}
[2026-08-22 23:01:31] [INFO   ] [sqlalchemy.engine.Engine:1848] [MainThread] - UPDATE sales_quote SET status=%(status)s::VARCHAR, updated_at=%(updated_at)s::TIMESTAMP WITH TIME ZONE WHERE sales_quote.id = %(sales_quote_id)s::UUID
[2026-08-22 23:01:31] [INFO   ] [sqlalchemy.engine.Engine:1848] [MainThread] - [cached since 0.1423s ago] {'status': 'CONVERTED', 'updated_at': datetime.datetime(2026, 8, 23, 2, 1, 31, 785735, tzinfo=datetime.timezone.utc), 'sales_quote_id': UUID('5a14e9ff-78fe-4bb2-9b69-5daa6cbdb2b3')}
[2026-08-22 23:01:31] [INFO   ] [sqlalchemy.engine.Engine:1848] [MainThread] - INSERT INTO sales_order_item (id, sales_order_id, product_id, quantity, unit_price, discount_amount, total_price, notes) VALUES (%(id)s::UUID, %(sales_order_id)s::UUID, %(product_id)s::UUID, %(quantity)s, %(unit_price)s, %(discount_amount)s, %(total_price)s, %(notes)s::VARCHAR)
[2026-08-22 23:01:31] [INFO   ] [sqlalchemy.engine.Engine:1848] [MainThread] - [cached since 0.3897s ago] {'id': UUID('7e44db89-c77f-4cde-8fa7-f54ae7b7cdf1'), 'sales_order_id': UUID('d9c8bdab-b20f-4964-8e32-82172ddefd49'), 'product_id': UUID('a09a2e6c-b45c-4e98-a17f-4cc1a982495b'), 'quantity': Decimal('2.0000'), 'unit_price': Decimal('20.0000'), 'discount_amount': Decimal('0.0000'), 'total_price': Decimal('40.00'), 'notes': None}
[2026-08-22 23:01:31] [INFO   ] [sqlalchemy.engine.Engine:1848] [MainThread] - SELECT sales_quote.id, sales_quote.organization_id, sales_quote.customer_id, sales_quote.opportunity_id, sales_quote.document_id, sales_quote.quote_number, sales_quote.customer_name, sales_quote.customer_document, sales_quote.customer_email, sales_quote.customer_phone, sales_quote.total_amount, sales_quote.discount_amount, sales_quote.net_amount, sales_quote.payment_terms, sales_quote.valid_until, sales_quote.status, sales_quote.notes, sales_quote.created_by_id, sales_quote.created_at, sales_quote.updated_at 
FROM sales_quote 
WHERE sales_quote.id = %(id_1)s::UUID AND sales_quote.organization_id = %(organization_id_1)s::UUID
[2026-08-22 23:01:31] [INFO   ] [sqlalchemy.engine.Engine:1848] [MainThread] - [generated in 0.00011s] {'id_1': UUID('5a14e9ff-78fe-4bb2-9b69-5daa6cbdb2b3'), 'organization_id_1': UUID('cc1f7282-22ad-4805-b971-564edaeef17c')}
[2026-08-22 23:01:31] [INFO   ] [sqlalchemy.engine.Engine:1848] [MainThread] - SELECT sales_quote_item.quote_id AS sales_quote_item_quote_id, sales_quote_item.id AS sales_quote_item_id, sales_quote_item.product_id AS sales_quote_item_product_id, sales_quote_item.quantity AS sales_quote_item_quantity, sales_quote_item.unit_price AS sales_quote_item_unit_price, sales_quote_item.discount_amount AS sales_quote_item_discount_amount, sales_quote_item.total_price AS sales_quote_item_total_price, sales_quote_item.notes AS sales_quote_item_notes 
FROM sales_quote_item 
WHERE sales_quote_item.quote_id IN (%(primary_keys_1)s::UUID)
[2026-08-22 23:01:31] [INFO   ] [sqlalchemy.engine.Engine:1848] [MainThread] - [cached since 0.1706s ago] {'primary_keys_1': UUID('5a14e9ff-78fe-4bb2-9b69-5daa6cbdb2b3')}
[2026-08-22 23:01:31] [INFO   ] [sqlalchemy.engine.Engine:2715] [MainThread] - ROLLBACK
[2026-08-22 23:01:31] [INFO   ] [sqlalchemy.engine.Engine:2712] [MainThread] - BEGIN (implicit)
[2026-08-22 23:01:31] [INFO   ] [sqlalchemy.engine.Engine:1848] [MainThread] - SELECT sales_quote.id, sales_quote.organization_id, sales_quote.customer_id, sales_quote.opportunity_id, sales_quote.document_id, sales_quote.quote_number, sales_quote.customer_name, sales_quote.customer_document, sales_quote.customer_email, sales_quote.customer_phone, sales_quote.total_amount, sales_quote.discount_amount, sales_quote.net_amount, sales_quote.payment_terms, sales_quote.valid_until, sales_quote.status, sales_quote.notes, sales_quote.created_by_id, sales_quote.created_at, sales_quote.updated_at 
FROM sales_quote 
WHERE sales_quote.id = %(id_1)s::UUID AND sales_quote.organization_id = %(organization_id_1)s::UUID
[2026-08-22 23:01:31] [INFO   ] [sqlalchemy.engine.Engine:1848] [MainThread] - [cached since 0.003088s ago] {'id_1': UUID('5a14e9ff-78fe-4bb2-9b69-5daa6cbdb2b3'), 'organization_id_1': UUID('cc1f7282-22ad-4805-b971-564edaeef17c')}
[2026-08-22 23:01:31] [INFO   ] [sqlalchemy.engine.Engine:1848] [MainThread] - SELECT sales_quote_item.quote_id AS sales_quote_item_quote_id, sales_quote_item.id AS sales_quote_item_id, sales_quote_item.product_id AS sales_quote_item_product_id, sales_quote_item.quantity AS sales_quote_item_quantity, sales_quote_item.unit_price AS sales_quote_item_unit_price, sales_quote_item.discount_amount AS sales_quote_item_discount_amount, sales_quote_item.total_price AS sales_quote_item_total_price, sales_quote_item.notes AS sales_quote_item_notes 
FROM sales_quote_item 
WHERE sales_quote_item.quote_id IN (%(primary_keys_1)s::UUID)
[2026-08-22 23:01:31] [INFO   ] [sqlalchemy.engine.Engine:1848] [MainThread] - [cached since 0.1739s ago] {'primary_keys_1': UUID('5a14e9ff-78fe-4bb2-9b69-5daa6cbdb2b3')}
[2026-08-22 23:01:31] [INFO   ] [sqlalchemy.engine.Engine:1848] [MainThread] - SELECT sales_order.id, sales_order.organization_id, sales_order.customer_id, sales_order.sales_quote_id, sales_order.opportunity_id, sales_order.document_id, sales_order.order_number, sales_order.customer_name, sales_order.customer_document, sales_order.total_amount, sales_order.discount_amount, sales_order.net_amount, sales_order.payment_terms, sales_order.delivery_status, sales_order.billing_status, sales_order.status, sales_order.notes, sales_order.created_by_id, sales_order.created_at, sales_order.updated_at 
FROM sales_order 
WHERE sales_order.sales_quote_id = %(sales_quote_id_1)s::UUID AND sales_order.organization_id = %(organization_id_1)s::UUID
[2026-08-22 23:01:31] [INFO   ] [sqlalchemy.engine.Engine:1848] [MainThread] - [cached since 0.1735s ago] {'sales_quote_id_1': UUID('5a14e9ff-78fe-4bb2-9b69-5daa6cbdb2b3'), 'organization_id_1': UUID('cc1f7282-22ad-4805-b971-564edaeef17c')}
[2026-08-22 23:01:31] [INFO   ] [sqlalchemy.engine.Engine:1848] [MainThread] - SELECT business_document.id, business_document.organization_id, business_document.document_type, business_document.native_id, business_document.document_number, business_document.current_status, business_document.issued_at, business_document.created_by_id, business_document.created_at, business_document.updated_at 
FROM business_document 
WHERE business_document.organization_id = %(organization_id_1)s::UUID AND business_document.document_type = %(document_type_1)s::VARCHAR AND business_document.native_id = %(native_id_1)s::UUID
[2026-08-22 23:01:31] [INFO   ] [sqlalchemy.engine.Engine:1848] [MainThread] - [cached since 0.4486s ago] {'organization_id_1': UUID('cc1f7282-22ad-4805-b971-564edaeef17c'), 'document_type_1': 'SALES_QUOTE', 'native_id_1': UUID('5a14e9ff-78fe-4bb2-9b69-5daa6cbdb2b3')}
[2026-08-22 23:01:31] [INFO   ] [sqlalchemy.engine.Engine:1848] [MainThread] - SELECT document_relation.parent_document_id AS document_relation_parent_document_id, document_relation.id AS document_relation_id, document_relation.organization_id AS document_relation_organization_id, document_relation.child_document_id AS document_relation_child_document_id, document_relation.relation_type AS document_relation_relation_type, document_relation.relation_metadata AS document_relation_relation_metadata, document_relation.created_by_id AS document_relation_created_by_id, document_relation.created_at AS document_relation_created_at 
FROM document_relation 
WHERE document_relation.parent_document_id IN (%(primary_keys_1)s::UUID)
[2026-08-22 23:01:31] [INFO   ] [sqlalchemy.engine.Engine:1848] [MainThread] - [cached since 0.1645s ago] {'primary_keys_1': UUID('3079a7e7-560a-4602-bb0c-740ac08fb4ea')}
[2026-08-22 23:01:31] [INFO   ] [sqlalchemy.engine.Engine:1848] [MainThread] - SELECT business_document_1.id AS business_document_1_id, document_event.id AS document_event_id, document_event.organization_id AS document_event_organization_id, document_event.document_id AS document_event_document_id, document_event.event_type AS document_event_event_type, document_event.previous_status AS document_event_previous_status, document_event.new_status AS document_event_new_status, document_event.event_metadata AS document_event_event_metadata, document_event.idempotency_key AS document_event_idempotency_key, document_event.created_by_id AS document_event_created_by_id, document_event.created_at AS document_event_created_at 
FROM business_document AS business_document_1 JOIN document_event ON business_document_1.organization_id = document_event.organization_id AND business_document_1.id = document_event.document_id 
WHERE business_document_1.id IN (%(primary_keys_1)s::UUID) ORDER BY document_event.created_at
[2026-08-22 23:01:31] [INFO   ] [sqlalchemy.engine.Engine:1848] [MainThread] - [cached since 0.1579s ago] {'primary_keys_1': UUID('3079a7e7-560a-4602-bb0c-740ac08fb4ea')}
[2026-08-22 23:01:31] [INFO   ] [sqlalchemy.engine.Engine:1848] [MainThread] - SELECT document_relation.child_document_id AS document_relation_child_document_id, document_relation.id AS document_relation_id, document_relation.organization_id AS document_relation_organization_id, document_relation.parent_document_id AS document_relation_parent_document_id, document_relation.relation_type AS document_relation_relation_type, document_relation.relation_metadata AS document_relation_relation_metadata, document_relation.created_by_id AS document_relation_created_by_id, document_relation.created_at AS document_relation_created_at 
FROM document_relation 
WHERE document_relation.child_document_id IN (%(primary_keys_1)s::UUID)
[2026-08-22 23:01:31] [INFO   ] [sqlalchemy.engine.Engine:1848] [MainThread] - [cached since 0.1573s ago] {'primary_keys_1': UUID('3079a7e7-560a-4602-bb0c-740ac08fb4ea')}
[2026-08-22 23:01:31] [INFO   ] [sqlalchemy.engine.Engine:1848] [MainThread] - SELECT document_relation.id, document_relation.organization_id, document_relation.parent_document_id, document_relation.child_document_id, document_relation.relation_type, document_relation.relation_metadata, document_relation.created_by_id, document_relation.created_at 
FROM document_relation 
WHERE document_relation.organization_id = %(organization_id_1)s::UUID AND (document_relation.parent_document_id IN (%(parent_document_id_1_1)s::UUID) OR document_relation.child_document_id IN (%(child_document_id_1_1)s::UUID))
[2026-08-22 23:01:31] [INFO   ] [sqlalchemy.engine.Engine:1848] [MainThread] - [cached since 0.09433s ago] {'organization_id_1': UUID('cc1f7282-22ad-4805-b971-564edaeef17c'), 'parent_document_id_1_1': UUID('3079a7e7-560a-4602-bb0c-740ac08fb4ea'), 'child_document_id_1_1': UUID('3079a7e7-560a-4602-bb0c-740ac08fb4ea')}
[2026-08-22 23:01:31] [INFO   ] [sqlalchemy.engine.Engine:1848] [MainThread] - SELECT business_document.id, business_document.organization_id, business_document.document_type, business_document.native_id, business_document.document_number, business_document.current_status, business_document.issued_at, business_document.created_by_id, business_document.created_at, business_document.updated_at 
FROM business_document 
WHERE business_document.organization_id = %(organization_id_1)s::UUID AND business_document.id IN (%(id_1_1)s::UUID)
[2026-08-22 23:01:31] [INFO   ] [sqlalchemy.engine.Engine:1848] [MainThread] - [cached since 0.09289s ago] {'organization_id_1': UUID('cc1f7282-22ad-4805-b971-564edaeef17c'), 'id_1_1': UUID('3079a7e7-560a-4602-bb0c-740ac08fb4ea')}
[2026-08-22 23:01:31] [INFO   ] [sqlalchemy.engine.Engine:1848] [MainThread] - SELECT document_relation.parent_document_id AS document_relation_parent_document_id, document_relation.id AS document_relation_id, document_relation.organization_id AS document_relation_organization_id, document_relation.child_document_id AS document_relation_child_document_id, document_relation.relation_type AS document_relation_relation_type, document_relation.relation_metadata AS document_relation_relation_metadata, document_relation.created_by_id AS document_relation_created_by_id, document_relation.created_at AS document_relation_created_at 
FROM document_relation 
WHERE document_relation.parent_document_id IN (%(primary_keys_1)s::UUID)
[2026-08-22 23:01:31] [INFO   ] [sqlalchemy.engine.Engine:1848] [MainThread] - [cached since 0.1694s ago] {'primary_keys_1': UUID('3079a7e7-560a-4602-bb0c-740ac08fb4ea')}
[2026-08-22 23:01:31] [INFO   ] [sqlalchemy.engine.Engine:1848] [MainThread] - SELECT business_document_1.id AS business_document_1_id, document_event.id AS document_event_id, document_event.organization_id AS document_event_organization_id, document_event.document_id AS document_event_document_id, document_event.event_type AS document_event_event_type, document_event.previous_status AS document_event_previous_status, document_event.new_status AS document_event_new_status, document_event.event_metadata AS document_event_event_metadata, document_event.idempotency_key AS document_event_idempotency_key, document_event.created_by_id AS document_event_created_by_id, document_event.created_at AS document_event_created_at 
FROM business_document AS business_document_1 JOIN document_event ON business_document_1.organization_id = document_event.organization_id AND business_document_1.id = document_event.document_id 
WHERE business_document_1.id IN (%(primary_keys_1)s::UUID) ORDER BY document_event.created_at
[2026-08-22 23:01:31] [INFO   ] [sqlalchemy.engine.Engine:1848] [MainThread] - [cached since 0.1629s ago] {'primary_keys_1': UUID('3079a7e7-560a-4602-bb0c-740ac08fb4ea')}
[2026-08-22 23:01:31] [INFO   ] [sqlalchemy.engine.Engine:1848] [MainThread] - SELECT document_relation.child_document_id AS document_relation_child_document_id, document_relation.id AS document_relation_id, document_relation.organization_id AS document_relation_organization_id, document_relation.parent_document_id AS document_relation_parent_document_id, document_relation.relation_type AS document_relation_relation_type, document_relation.relation_metadata AS document_relation_relation_metadata, document_relation.created_by_id AS document_relation_created_by_id, document_relation.created_at AS document_relation_created_at 
FROM document_relation 
WHERE document_relation.child_document_id IN (%(primary_keys_1)s::UUID)
[2026-08-22 23:01:31] [INFO   ] [sqlalchemy.engine.Engine:1848] [MainThread] - [cached since 0.1623s ago] {'primary_keys_1': UUID('3079a7e7-560a-4602-bb0c-740ac08fb4ea')}
[2026-08-22 23:01:31] [INFO   ] [sqlalchemy.engine.Engine:1848] [MainThread] - SELECT document_event.id, document_event.organization_id, document_event.document_id, document_event.event_type, document_event.previous_status, document_event.new_status, document_event.event_metadata, document_event.idempotency_key, document_event.created_by_id, document_event.created_at 
FROM document_event 
WHERE document_event.organization_id = %(organization_id_1)s::UUID AND document_event.document_id IN (%(document_id_1_1)s::UUID) ORDER BY document_event.created_at
[2026-08-22 23:01:31] [INFO   ] [sqlalchemy.engine.Engine:1848] [MainThread] - [cached since 0.09206s ago] {'organization_id_1': UUID('cc1f7282-22ad-4805-b971-564edaeef17c'), 'document_id_1_1': UUID('3079a7e7-560a-4602-bb0c-740ac08fb4ea')}
[2026-08-22 23:01:31] [INFO   ] [sqlalchemy.engine.Engine:2715] [MainThread] - ROLLBACK
[2026-08-22 23:01:31] [INFO   ] [sqlalchemy.engine.Engine:2712] [MainThread] - BEGIN (implicit)
[2026-08-22 23:01:31] [INFO   ] [sqlalchemy.engine.Engine:1848] [MainThread] - INSERT INTO organization (id, name, is_active, created_at, updated_at) VALUES (%(id)s::UUID, %(name)s::VARCHAR, %(is_active)s, %(created_at)s::TIMESTAMP WITH TIME ZONE, %(updated_at)s::TIMESTAMP WITH TIME ZONE)
[2026-08-22 23:01:31] [INFO   ] [sqlalchemy.engine.Engine:1848] [MainThread] - [cached since 0.6402s ago] {'id': UUID('33b36aec-3b8e-4a00-aa2e-cffac6b90072'), 'name': 'Matriz Teste 427bc5', 'is_active': True, 'created_at': datetime.datetime(2026, 8, 23, 2, 1, 31, 806407, tzinfo=datetime.timezone.utc), 'updated_at': datetime.datetime(2026, 8, 23, 2, 1, 31, 806409, tzinfo=datetime.timezone.utc)}
[2026-08-22 23:01:31] [INFO   ] [sqlalchemy.engine.Engine:2718] [MainThread] - COMMIT
[2026-08-22 23:01:31] [INFO   ] [sqlalchemy.engine.Engine:2712] [MainThread] - BEGIN (implicit)
[2026-08-22 23:01:31] [INFO   ] [sqlalchemy.engine.Engine:1848] [MainThread] - SELECT organization.id, organization.name, organization.is_active, organization.created_at, organization.updated_at 
FROM organization 
WHERE organization.id = %(pk_1)s::UUID
[2026-08-22 23:01:31] [INFO   ] [sqlalchemy.engine.Engine:1848] [MainThread] - [cached since 0.6338s ago] {'pk_1': UUID('33b36aec-3b8e-4a00-aa2e-cffac6b90072')}
[2026-08-22 23:01:31] [INFO   ] [sqlalchemy.engine.Engine:1848] [MainThread] - INSERT INTO "user" (id, organization_id, role_id, email, full_name, hashed_password, is_active, created_at, updated_at) VALUES (%(id)s::UUID, %(organization_id)s::UUID, %(role_id)s::UUID, %(email)s::VARCHAR, %(full_name)s::VARCHAR, %(hashed_password)s::VARCHAR, %(is_active)s, %(created_at)s::TIMESTAMP WITH TIME ZONE, %(updated_at)s::TIMESTAMP WITH TIME ZONE)
[2026-08-22 23:01:31] [INFO   ] [sqlalchemy.engine.Engine:1848] [MainThread] - [cached since 0.6308s ago] {'id': UUID('89174020-8ace-4a01-af1b-5d59660ece02'), 'organization_id': UUID('33b36aec-3b8e-4a00-aa2e-cffac6b90072'), 'role_id': None, 'email': 'vendedor_f75623@empresa.com', 'full_name': 'Vendedor Teste', 'hashed_password': 'hash123', 'is_active': True, 'created_at': datetime.datetime(2026, 8, 23, 2, 1, 31, 811522, tzinfo=datetime.timezone.utc), 'updated_at': datetime.datetime(2026, 8, 23, 2, 1, 31, 811523, tzinfo=datetime.timezone.utc)}
[2026-08-22 23:01:31] [INFO   ] [sqlalchemy.engine.Engine:2718] [MainThread] - COMMIT
[2026-08-22 23:01:31] [INFO   ] [sqlalchemy.engine.Engine:2712] [MainThread] - BEGIN (implicit)
[2026-08-22 23:01:31] [INFO   ] [sqlalchemy.engine.Engine:1848] [MainThread] - SELECT "user".id, "user".organization_id, "user".role_id, "user".email, "user".full_name, "user".hashed_password, "user".is_active, "user".created_at, "user".updated_at 
FROM "user" 
WHERE "user".id = %(pk_1)s::UUID
[2026-08-22 23:01:31] [INFO   ] [sqlalchemy.engine.Engine:1848] [MainThread] - [cached since 0.6268s ago] {'pk_1': UUID('89174020-8ace-4a01-af1b-5d59660ece02')}
[2026-08-22 23:01:31] [INFO   ] [sqlalchemy.engine.Engine:1848] [MainThread] - INSERT INTO product_category (id, organization_id, name, code, description, is_active, created_at, updated_at) VALUES (%(id)s::UUID, %(organization_id)s::UUID, %(name)s::VARCHAR, %(code)s::VARCHAR, %(description)s::VARCHAR, %(is_active)s, %(created_at)s::TIMESTAMP WITH TIME ZONE, %(updated_at)s::TIMESTAMP WITH TIME ZONE)
[2026-08-22 23:01:31] [INFO   ] [sqlalchemy.engine.Engine:1848] [MainThread] - [cached since 0.4977s ago] {'id': UUID('41f2106d-6567-48bd-af4e-c1197809d4e8'), 'organization_id': UUID('33b36aec-3b8e-4a00-aa2e-cffac6b90072'), 'name': 'Cat_1fc3', 'code': 'C97B', 'description': None, 'is_active': True, 'created_at': datetime.datetime(2026, 8, 23, 2, 1, 31, 816362, tzinfo=datetime.timezone.utc), 'updated_at': datetime.datetime(2026, 8, 23, 2, 1, 31, 816364, tzinfo=datetime.timezone.utc)}
[2026-08-22 23:01:31] [INFO   ] [sqlalchemy.engine.Engine:2718] [MainThread] - COMMIT
[2026-08-22 23:01:31] [INFO   ] [sqlalchemy.engine.Engine:2712] [MainThread] - BEGIN (implicit)
[2026-08-22 23:01:31] [INFO   ] [sqlalchemy.engine.Engine:1848] [MainThread] - SELECT product_category.id, product_category.organization_id, product_category.name, product_category.code, product_category.description, product_category.is_active, product_category.created_at, product_category.updated_at 
FROM product_category 
WHERE product_category.id = %(pk_1)s::UUID
[2026-08-22 23:01:31] [INFO   ] [sqlalchemy.engine.Engine:1848] [MainThread] - [cached since 0.4927s ago] {'pk_1': UUID('41f2106d-6567-48bd-af4e-c1197809d4e8')}
[2026-08-22 23:01:31] [INFO   ] [sqlalchemy.engine.Engine:1848] [MainThread] - INSERT INTO product (id, organization_id, category_id, sku, name, description, unit_of_measure, reference_price, cost_price, sale_price, external_code, brand, barcode, ncm, is_perishable, requires_batch, shelf_life_days, current_stock, min_stock, max_stock, storage_location, is_active, created_at, updated_at) VALUES (%(id)s::UUID, %(organization_id)s::UUID, %(category_id)s::UUID, %(sku)s::VARCHAR, %(name)s::VARCHAR, %(description)s::VARCHAR, %(unit_of_measure)s::VARCHAR, %(reference_price)s, %(cost_price)s, %(sale_price)s, %(external_code)s::VARCHAR, %(brand)s::VARCHAR, %(barcode)s::VARCHAR, %(ncm)s::VARCHAR, %(is_perishable)s, %(requires_batch)s, %(shelf_life_days)s::INTEGER, %(current_stock)s, %(min_stock)s, %(max_stock)s, %(storage_location)s::VARCHAR, %(is_active)s, %(created_at)s::TIMESTAMP WITH TIME ZONE, %(updated_at)s::TIMESTAMP WITH TIME ZONE)
[2026-08-22 23:01:31] [INFO   ] [sqlalchemy.engine.Engine:1848] [MainThread] - [cached since 0.4916s ago] {'id': UUID('d9495968-5f46-4d1c-8f45-bb209686f9e8'), 'organization_id': UUID('33b36aec-3b8e-4a00-aa2e-cffac6b90072'), 'category_id': UUID('41f2106d-6567-48bd-af4e-c1197809d4e8'), 'sku': 'SKU-97D464', 'name': 'Dipirona 500mg', 'description': None, 'unit_of_measure': 'UN', 'reference_price': Decimal('12.50'), 'cost_price': Decimal('0.0000'), 'sale_price': Decimal('0.0000'), 'external_code': None, 'brand': None, 'barcode': None, 'ncm': None, 'is_perishable': False, 'requires_batch': False, 'shelf_life_days': None, 'current_stock': Decimal('100'), 'min_stock': Decimal('10'), 'max_stock': Decimal('200'), 'storage_location': None, 'is_active': True, 'created_at': datetime.datetime(2026, 8, 23, 2, 1, 31, 820585, tzinfo=datetime.timezone.utc), 'updated_at': datetime.datetime(2026, 8, 23, 2, 1, 31, 820586, tzinfo=datetime.timezone.utc)}
[2026-08-22 23:01:31] [INFO   ] [sqlalchemy.engine.Engine:2718] [MainThread] - COMMIT
[2026-08-22 23:01:31] [INFO   ] [sqlalchemy.engine.Engine:2712] [MainThread] - BEGIN (implicit)
[2026-08-22 23:01:31] [INFO   ] [sqlalchemy.engine.Engine:1848] [MainThread] - SELECT product.id, product.organization_id, product.category_id, product.sku, product.name, product.description, product.unit_of_measure, product.reference_price, product.cost_price, product.sale_price, product.external_code, product.brand, product.barcode, product.ncm, product.is_perishable, product.requires_batch, product.shelf_life_days, product.current_stock, product.min_stock, product.max_stock, product.storage_location, product.is_active, product.created_at, product.updated_at 
FROM product 
WHERE product.id = %(pk_1)s::UUID
[2026-08-22 23:01:31] [INFO   ] [sqlalchemy.engine.Engine:1848] [MainThread] - [cached since 0.4842s ago] {'pk_1': UUID('d9495968-5f46-4d1c-8f45-bb209686f9e8')}
[2026-08-22 23:01:31] [INFO   ] [sqlalchemy.engine.Engine:1848] [MainThread] - SELECT product.id, product.organization_id, product.category_id, product.sku, product.name, product.description, product.unit_of_measure, product.reference_price, product.cost_price, product.sale_price, product.external_code, product.brand, product.barcode, product.ncm, product.is_perishable, product.requires_batch, product.shelf_life_days, product.current_stock, product.min_stock, product.max_stock, product.storage_location, product.is_active, product.created_at, product.updated_at 
FROM product 
WHERE product.id = %(id_1)s::UUID AND product.organization_id = %(organization_id_1)s::UUID
[2026-08-22 23:01:31] [INFO   ] [sqlalchemy.engine.Engine:1848] [MainThread] - [cached since 0.4833s ago] {'id_1': UUID('d9495968-5f46-4d1c-8f45-bb209686f9e8'), 'organization_id_1': UUID('33b36aec-3b8e-4a00-aa2e-cffac6b90072')}
[2026-08-22 23:01:31] [INFO   ] [sqlalchemy.engine.Engine:1848] [MainThread] - SELECT product_category.id AS product_category_id, product_category.organization_id AS product_category_organization_id, product_category.name AS product_category_name, product_category.code AS product_category_code, product_category.description AS product_category_description, product_category.is_active AS product_category_is_active, product_category.created_at AS product_category_created_at, product_category.updated_at AS product_category_updated_at 
FROM product_category 
WHERE product_category.id IN (%(primary_keys_1)s::UUID)
[2026-08-22 23:01:31] [INFO   ] [sqlalchemy.engine.Engine:1848] [MainThread] - [cached since 0.4824s ago] {'primary_keys_1': UUID('41f2106d-6567-48bd-af4e-c1197809d4e8')}
[2026-08-22 23:01:31] [INFO   ] [sqlalchemy.engine.Engine:1848] [MainThread] - SELECT business_document.id, business_document.organization_id, business_document.document_type, business_document.native_id, business_document.document_number, business_document.current_status, business_document.issued_at, business_document.created_by_id, business_document.created_at, business_document.updated_at 
FROM business_document 
WHERE business_document.organization_id = %(organization_id_1)s::UUID AND business_document.document_type = %(document_type_1)s::VARCHAR AND business_document.native_id = %(native_id_1)s::UUID
[2026-08-22 23:01:31] [INFO   ] [sqlalchemy.engine.Engine:1848] [MainThread] - [cached since 0.4819s ago] {'organization_id_1': UUID('33b36aec-3b8e-4a00-aa2e-cffac6b90072'), 'document_type_1': 'SALES_QUOTE', 'native_id_1': UUID('400f2aa9-cb01-4329-be92-2ba36304a981')}
[2026-08-22 23:01:31] [INFO   ] [sqlalchemy.engine.Engine:1848] [MainThread] - INSERT INTO business_document (id, organization_id, document_type, native_id, document_number, current_status, issued_at, created_by_id, created_at, updated_at) VALUES (%(id)s::UUID, %(organization_id)s::UUID, %(document_type)s::VARCHAR, %(native_id)s::UUID, %(document_number)s::VARCHAR, %(current_status)s::VARCHAR, %(issued_at)s::TIMESTAMP WITH TIME ZONE, %(created_by_id)s::UUID, %(created_at)s::TIMESTAMP WITH TIME ZONE, %(updated_at)s::TIMESTAMP WITH TIME ZONE)
[2026-08-22 23:01:31] [INFO   ] [sqlalchemy.engine.Engine:1848] [MainThread] - [cached since 0.4762s ago] {'id': UUID('38451305-7dc3-4174-a362-c4ac9f83f37f'), 'organization_id': UUID('33b36aec-3b8e-4a00-aa2e-cffac6b90072'), 'document_type': 'SALES_QUOTE', 'native_id': UUID('400f2aa9-cb01-4329-be92-2ba36304a981'), 'document_number': 'ORC-20260822-75E3', 'current_status': 'DRAFT', 'issued_at': None, 'created_by_id': UUID('89174020-8ace-4a01-af1b-5d59660ece02'), 'created_at': datetime.datetime(2026, 8, 23, 2, 1, 31, 828465, tzinfo=datetime.timezone.utc), 'updated_at': datetime.datetime(2026, 8, 23, 2, 1, 31, 828466, tzinfo=datetime.timezone.utc)}
[2026-08-22 23:01:31] [INFO   ] [sqlalchemy.engine.Engine:1848] [MainThread] - INSERT INTO sales_quote (id, organization_id, customer_id, opportunity_id, document_id, quote_number, customer_name, customer_document, customer_email, customer_phone, total_amount, discount_amount, net_amount, payment_terms, valid_until, status, notes, created_by_id, created_at, updated_at) VALUES (%(id)s::UUID, %(organization_id)s::UUID, %(customer_id)s::UUID, %(opportunity_id)s::UUID, %(document_id)s::UUID, %(quote_number)s::VARCHAR, %(customer_name)s::VARCHAR, %(customer_document)s::VARCHAR, %(customer_email)s::VARCHAR, %(customer_phone)s::VARCHAR, %(total_amount)s, %(discount_amount)s, %(net_amount)s, %(payment_terms)s::VARCHAR, %(valid_until)s::DATE, %(status)s::VARCHAR, %(notes)s::VARCHAR, %(created_by_id)s::UUID, %(created_at)s::TIMESTAMP WITH TIME ZONE, %(updated_at)s::TIMESTAMP WITH TIME ZONE)
[2026-08-22 23:01:31] [INFO   ] [sqlalchemy.engine.Engine:1848] [MainThread] - [cached since 0.4733s ago] {'id': UUID('400f2aa9-cb01-4329-be92-2ba36304a981'), 'organization_id': UUID('33b36aec-3b8e-4a00-aa2e-cffac6b90072'), 'customer_id': None, 'opportunity_id': None, 'document_id': UUID('38451305-7dc3-4174-a362-c4ac9f83f37f'), 'quote_number': 'ORC-20260822-75E3', 'customer_name': 'Cliente Cancelamento', 'customer_document': None, 'customer_email': None, 'customer_phone': None, 'total_amount': Decimal('10.00'), 'discount_amount': Decimal('0.00'), 'net_amount': Decimal('10.00'), 'payment_terms': 'À Vista', 'valid_until': datetime.date(2026, 9, 6), 'status': 'DRAFT', 'notes': None, 'created_by_id': UUID('89174020-8ace-4a01-af1b-5d59660ece02'), 'created_at': datetime.datetime(2026, 8, 23, 2, 1, 31, 829578, tzinfo=datetime.timezone.utc), 'updated_at': datetime.datetime(2026, 8, 23, 2, 1, 31, 829579, tzinfo=datetime.timezone.utc)}
[2026-08-22 23:01:31] [INFO   ] [sqlalchemy.engine.Engine:1848] [MainThread] - INSERT INTO sales_quote_item (id, quote_id, product_id, quantity, unit_price, discount_amount, total_price, notes) VALUES (%(id)s::UUID, %(quote_id)s::UUID, %(product_id)s::UUID, %(quantity)s, %(unit_price)s, %(discount_amount)s, %(total_price)s, %(notes)s::VARCHAR)
[2026-08-22 23:01:31] [INFO   ] [sqlalchemy.engine.Engine:1848] [MainThread] - [cached since 0.468s ago] {'id': UUID('22c7bbac-62fe-4202-8095-d8c7578c8191'), 'quote_id': UUID('400f2aa9-cb01-4329-be92-2ba36304a981'), 'product_id': UUID('d9495968-5f46-4d1c-8f45-bb209686f9e8'), 'quantity': Decimal('1'), 'unit_price': Decimal('10.00'), 'discount_amount': Decimal('0.00'), 'total_price': Decimal('10.00'), 'notes': None}
[2026-08-22 23:01:31] [INFO   ] [sqlalchemy.engine.Engine:1848] [MainThread] - SELECT sales_quote.id, sales_quote.organization_id, sales_quote.customer_id, sales_quote.opportunity_id, sales_quote.document_id, sales_quote.quote_number, sales_quote.customer_name, sales_quote.customer_document, sales_quote.customer_email, sales_quote.customer_phone, sales_quote.total_amount, sales_quote.discount_amount, sales_quote.net_amount, sales_quote.payment_terms, sales_quote.valid_until, sales_quote.status, sales_quote.notes, sales_quote.created_by_id, sales_quote.created_at, sales_quote.updated_at 
FROM sales_quote 
WHERE sales_quote.id = %(pk_1)s::UUID
[2026-08-22 23:01:31] [INFO   ] [sqlalchemy.engine.Engine:1848] [MainThread] - [cached since 0.4645s ago] {'pk_1': UUID('400f2aa9-cb01-4329-be92-2ba36304a981')}
[2026-08-22 23:01:31] [INFO   ] [sqlalchemy.engine.Engine:1848] [MainThread] - SELECT sales_quote_item.id AS sales_quote_item_id, sales_quote_item.quote_id AS sales_quote_item_quote_id, sales_quote_item.product_id AS sales_quote_item_product_id, sales_quote_item.quantity AS sales_quote_item_quantity, sales_quote_item.unit_price AS sales_quote_item_unit_price, sales_quote_item.discount_amount AS sales_quote_item_discount_amount, sales_quote_item.total_price AS sales_quote_item_total_price, sales_quote_item.notes AS sales_quote_item_notes 
FROM sales_quote_item 
WHERE %(param_1)s::UUID = sales_quote_item.quote_id
[2026-08-22 23:01:31] [INFO   ] [sqlalchemy.engine.Engine:1848] [MainThread] - [cached since 0.4636s ago] {'param_1': UUID('400f2aa9-cb01-4329-be92-2ba36304a981')}
[2026-08-22 23:01:31] [INFO   ] [sqlalchemy.engine.Engine:1848] [MainThread] - SELECT document_event.id, document_event.organization_id, document_event.document_id, document_event.event_type, document_event.previous_status, document_event.new_status, document_event.event_metadata, document_event.idempotency_key, document_event.created_by_id, document_event.created_at 
FROM document_event 
WHERE document_event.organization_id = %(organization_id_1)s::UUID AND document_event.idempotency_key = %(idempotency_key_1)s::VARCHAR
[2026-08-22 23:01:31] [INFO   ] [sqlalchemy.engine.Engine:1848] [MainThread] - [cached since 0.4627s ago] {'organization_id_1': UUID('33b36aec-3b8e-4a00-aa2e-cffac6b90072'), 'idempotency_key_1': 'sales-quote:400f2aa9-cb01-4329-be92-2ba36304a981:created'}
[2026-08-22 23:01:31] [INFO   ] [sqlalchemy.engine.Engine:1848] [MainThread] - UPDATE business_document SET issued_at=%(issued_at)s::TIMESTAMP WITH TIME ZONE, updated_at=%(updated_at)s::TIMESTAMP WITH TIME ZONE WHERE business_document.id = %(business_document_id)s::UUID
[2026-08-22 23:01:31] [INFO   ] [sqlalchemy.engine.Engine:1848] [MainThread] - [cached since 0.4589s ago] {'issued_at': datetime.datetime(2026, 8, 23, 2, 1, 31, 829578, tzinfo=datetime.timezone.utc), 'updated_at': datetime.datetime(2026, 8, 23, 2, 1, 31, 834282, tzinfo=datetime.timezone.utc), 'business_document_id': UUID('38451305-7dc3-4174-a362-c4ac9f83f37f')}
[2026-08-22 23:01:31] [INFO   ] [sqlalchemy.engine.Engine:1848] [MainThread] - INSERT INTO document_event (id, organization_id, document_id, event_type, previous_status, new_status, event_metadata, idempotency_key, created_by_id, created_at) VALUES (%(id)s::UUID, %(organization_id)s::UUID, %(document_id)s::UUID, %(event_type)s::VARCHAR, %(previous_status)s::VARCHAR, %(new_status)s::VARCHAR, %(event_metadata)s::JSON, %(idempotency_key)s::VARCHAR, %(created_by_id)s::UUID, %(created_at)s::TIMESTAMP WITH TIME ZONE)
[2026-08-22 23:01:31] [INFO   ] [sqlalchemy.engine.Engine:1848] [MainThread] - [cached since 0.456s ago] {'id': UUID('a311b9ea-59bc-48c0-a02b-51097a95721d'), 'organization_id': UUID('33b36aec-3b8e-4a00-aa2e-cffac6b90072'), 'document_id': UUID('38451305-7dc3-4174-a362-c4ac9f83f37f'), 'event_type': 'CREATED', 'previous_status': None, 'new_status': 'DRAFT', 'event_metadata': Json({}), 'idempotency_key': 'sales-quote:400f2aa9-cb01-4329-be92-2ba36304a981:created', 'created_by_id': UUID('89174020-8ace-4a01-af1b-5d59660ece02'), 'created_at': datetime.datetime(2026, 8, 23, 2, 1, 31, 835088, tzinfo=datetime.timezone.utc)}
[2026-08-22 23:01:31] [INFO   ] [sqlalchemy.engine.Engine:1848] [MainThread] - SELECT product.id, product.organization_id, product.category_id, product.sku, product.name, product.description, product.unit_of_measure, product.reference_price, product.cost_price, product.sale_price, product.external_code, product.brand, product.barcode, product.ncm, product.is_perishable, product.requires_batch, product.shelf_life_days, product.current_stock, product.min_stock, product.max_stock, product.storage_location, product.is_active, product.created_at, product.updated_at 
FROM product 
WHERE product.id = %(id_1)s::UUID AND product.organization_id = %(organization_id_1)s::UUID
[2026-08-22 23:01:31] [INFO   ] [sqlalchemy.engine.Engine:1848] [MainThread] - [cached since 0.4942s ago] {'id_1': UUID('d9495968-5f46-4d1c-8f45-bb209686f9e8'), 'organization_id_1': UUID('33b36aec-3b8e-4a00-aa2e-cffac6b90072')}
[2026-08-22 23:01:31] [INFO   ] [sqlalchemy.engine.Engine:1848] [MainThread] - SELECT product_category.id AS product_category_id, product_category.organization_id AS product_category_organization_id, product_category.name AS product_category_name, product_category.code AS product_category_code, product_category.description AS product_category_description, product_category.is_active AS product_category_is_active, product_category.created_at AS product_category_created_at, product_category.updated_at AS product_category_updated_at 
FROM product_category 
WHERE product_category.id IN (%(primary_keys_1)s::UUID)
[2026-08-22 23:01:31] [INFO   ] [sqlalchemy.engine.Engine:1848] [MainThread] - [cached since 0.4932s ago] {'primary_keys_1': UUID('41f2106d-6567-48bd-af4e-c1197809d4e8')}
[2026-08-22 23:01:31] [INFO   ] [sqlalchemy.engine.Engine:1848] [MainThread] - SELECT business_document.id, business_document.organization_id, business_document.document_type, business_document.native_id, business_document.document_number, business_document.current_status, business_document.issued_at, business_document.created_by_id, business_document.created_at, business_document.updated_at 
FROM business_document 
WHERE business_document.organization_id = %(organization_id_1)s::UUID AND business_document.document_type = %(document_type_1)s::VARCHAR AND business_document.native_id = %(native_id_1)s::UUID
[2026-08-22 23:01:31] [INFO   ] [sqlalchemy.engine.Engine:1848] [MainThread] - [cached since 0.4926s ago] {'organization_id_1': UUID('33b36aec-3b8e-4a00-aa2e-cffac6b90072'), 'document_type_1': 'SALES_ORDER', 'native_id_1': UUID('bc4aa1d9-194f-49a4-bb77-411029d61f4a')}
[2026-08-22 23:01:31] [INFO   ] [sqlalchemy.engine.Engine:1848] [MainThread] - INSERT INTO business_document (id, organization_id, document_type, native_id, document_number, current_status, issued_at, created_by_id, created_at, updated_at) VALUES (%(id)s::UUID, %(organization_id)s::UUID, %(document_type)s::VARCHAR, %(native_id)s::UUID, %(document_number)s::VARCHAR, %(current_status)s::VARCHAR, %(issued_at)s::TIMESTAMP WITH TIME ZONE, %(created_by_id)s::UUID, %(created_at)s::TIMESTAMP WITH TIME ZONE, %(updated_at)s::TIMESTAMP WITH TIME ZONE)
[2026-08-22 23:01:31] [INFO   ] [sqlalchemy.engine.Engine:1848] [MainThread] - [cached since 0.4867s ago] {'id': UUID('e3c4688c-eae8-4e65-9bfb-9150937b67eb'), 'organization_id': UUID('33b36aec-3b8e-4a00-aa2e-cffac6b90072'), 'document_type': 'SALES_ORDER', 'native_id': UUID('bc4aa1d9-194f-49a4-bb77-411029d61f4a'), 'document_number': 'PED-20260822-179F', 'current_status': 'CONFIRMED', 'issued_at': None, 'created_by_id': UUID('89174020-8ace-4a01-af1b-5d59660ece02'), 'created_at': datetime.datetime(2026, 8, 23, 2, 1, 31, 839038, tzinfo=datetime.timezone.utc), 'updated_at': datetime.datetime(2026, 8, 23, 2, 1, 31, 839039, tzinfo=datetime.timezone.utc)}
[2026-08-22 23:01:31] [INFO   ] [sqlalchemy.engine.Engine:1848] [MainThread] - INSERT INTO sales_order (id, organization_id, customer_id, sales_quote_id, opportunity_id, document_id, order_number, customer_name, customer_document, total_amount, discount_amount, net_amount, payment_terms, delivery_status, billing_status, status, notes, created_by_id, created_at, updated_at) VALUES (%(id)s::UUID, %(organization_id)s::UUID, %(customer_id)s::UUID, %(sales_quote_id)s::UUID, %(opportunity_id)s::UUID, %(document_id)s::UUID, %(order_number)s::VARCHAR, %(customer_name)s::VARCHAR, %(customer_document)s::VARCHAR, %(total_amount)s, %(discount_amount)s, %(net_amount)s, %(payment_terms)s::VARCHAR, %(delivery_status)s::VARCHAR, %(billing_status)s::VARCHAR, %(status)s::VARCHAR, %(notes)s::VARCHAR, %(created_by_id)s::UUID, %(created_at)s::TIMESTAMP WITH TIME ZONE, %(updated_at)s::TIMESTAMP WITH TIME ZONE)
[2026-08-22 23:01:31] [INFO   ] [sqlalchemy.engine.Engine:1848] [MainThread] - [cached since 0.4529s ago] {'id': UUID('bc4aa1d9-194f-49a4-bb77-411029d61f4a'), 'organization_id': UUID('33b36aec-3b8e-4a00-aa2e-cffac6b90072'), 'customer_id': None, 'sales_quote_id': None, 'opportunity_id': None, 'document_id': UUID('e3c4688c-eae8-4e65-9bfb-9150937b67eb'), 'order_number': 'PED-20260822-179F', 'customer_name': 'Cliente Cancelamento', 'customer_document': None, 'total_amount': Decimal('10.00'), 'discount_amount': Decimal('0.00'), 'net_amount': Decimal('10.00'), 'payment_terms': 'À Vista', 'delivery_status': 'PENDING', 'billing_status': 'PENDING', 'status': 'CONFIRMED', 'notes': None, 'created_by_id': UUID('89174020-8ace-4a01-af1b-5d59660ece02'), 'created_at': datetime.datetime(2026, 8, 23, 2, 1, 31, 840065, tzinfo=datetime.timezone.utc), 'updated_at': datetime.datetime(2026, 8, 23, 2, 1, 31, 840066, tzinfo=datetime.timezone.utc)}
[2026-08-22 23:01:31] [INFO   ] [sqlalchemy.engine.Engine:1848] [MainThread] - INSERT INTO sales_order_item (id, sales_order_id, product_id, quantity, unit_price, discount_amount, total_price, notes) VALUES (%(id)s::UUID, %(sales_order_id)s::UUID, %(product_id)s::UUID, %(quantity)s, %(unit_price)s, %(discount_amount)s, %(total_price)s, %(notes)s::VARCHAR)
[2026-08-22 23:01:31] [INFO   ] [sqlalchemy.engine.Engine:1848] [MainThread] - [cached since 0.4442s ago] {'id': UUID('2d70d938-a04e-46bf-8f5e-822d5f2705be'), 'sales_order_id': UUID('bc4aa1d9-194f-49a4-bb77-411029d61f4a'), 'product_id': UUID('d9495968-5f46-4d1c-8f45-bb209686f9e8'), 'quantity': Decimal('1'), 'unit_price': Decimal('10.00'), 'discount_amount': Decimal('0.00'), 'total_price': Decimal('10.00'), 'notes': None}
[2026-08-22 23:01:31] [INFO   ] [sqlalchemy.engine.Engine:1848] [MainThread] - SELECT sales_order.id, sales_order.organization_id, sales_order.customer_id, sales_order.sales_quote_id, sales_order.opportunity_id, sales_order.document_id, sales_order.order_number, sales_order.customer_name, sales_order.customer_document, sales_order.total_amount, sales_order.discount_amount, sales_order.net_amount, sales_order.payment_terms, sales_order.delivery_status, sales_order.billing_status, sales_order.status, sales_order.notes, sales_order.created_by_id, sales_order.created_at, sales_order.updated_at 
FROM sales_order 
WHERE sales_order.id = %(pk_1)s::UUID
[2026-08-22 23:01:31] [INFO   ] [sqlalchemy.engine.Engine:1848] [MainThread] - [cached since 0.4407s ago] {'pk_1': UUID('bc4aa1d9-194f-49a4-bb77-411029d61f4a')}
[2026-08-22 23:01:31] [INFO   ] [sqlalchemy.engine.Engine:1848] [MainThread] - SELECT sales_order_item.id AS sales_order_item_id, sales_order_item.sales_order_id AS sales_order_item_sales_order_id, sales_order_item.product_id AS sales_order_item_product_id, sales_order_item.quantity AS sales_order_item_quantity, sales_order_item.unit_price AS sales_order_item_unit_price, sales_order_item.discount_amount AS sales_order_item_discount_amount, sales_order_item.total_price AS sales_order_item_total_price, sales_order_item.notes AS sales_order_item_notes 
FROM sales_order_item 
WHERE %(param_1)s::UUID = sales_order_item.sales_order_id
[2026-08-22 23:01:31] [INFO   ] [sqlalchemy.engine.Engine:1848] [MainThread] - [cached since 0.4402s ago] {'param_1': UUID('bc4aa1d9-194f-49a4-bb77-411029d61f4a')}
[2026-08-22 23:01:31] [INFO   ] [sqlalchemy.engine.Engine:1848] [MainThread] - SELECT document_event.id, document_event.organization_id, document_event.document_id, document_event.event_type, document_event.previous_status, document_event.new_status, document_event.event_metadata, document_event.idempotency_key, document_event.created_by_id, document_event.created_at 
FROM document_event 
WHERE document_event.organization_id = %(organization_id_1)s::UUID AND document_event.idempotency_key = %(idempotency_key_1)s::VARCHAR
[2026-08-22 23:01:31] [INFO   ] [sqlalchemy.engine.Engine:1848] [MainThread] - [cached since 0.4735s ago] {'organization_id_1': UUID('33b36aec-3b8e-4a00-aa2e-cffac6b90072'), 'idempotency_key_1': 'sales-order:bc4aa1d9-194f-49a4-bb77-411029d61f4a:created'}
[2026-08-22 23:01:31] [INFO   ] [sqlalchemy.engine.Engine:1848] [MainThread] - UPDATE business_document SET issued_at=%(issued_at)s::TIMESTAMP WITH TIME ZONE, updated_at=%(updated_at)s::TIMESTAMP WITH TIME ZONE WHERE business_document.id = %(business_document_id)s::UUID
[2026-08-22 23:01:31] [INFO   ] [sqlalchemy.engine.Engine:1848] [MainThread] - [cached since 0.4696s ago] {'issued_at': datetime.datetime(2026, 8, 23, 2, 1, 31, 840065, tzinfo=datetime.timezone.utc), 'updated_at': datetime.datetime(2026, 8, 23, 2, 1, 31, 845001, tzinfo=datetime.timezone.utc), 'business_document_id': UUID('e3c4688c-eae8-4e65-9bfb-9150937b67eb')}
[2026-08-22 23:01:31] [INFO   ] [sqlalchemy.engine.Engine:1848] [MainThread] - INSERT INTO document_event (id, organization_id, document_id, event_type, previous_status, new_status, event_metadata, idempotency_key, created_by_id, created_at) VALUES (%(id)s::UUID, %(organization_id)s::UUID, %(document_id)s::UUID, %(event_type)s::VARCHAR, %(previous_status)s::VARCHAR, %(new_status)s::VARCHAR, %(event_metadata)s::JSON, %(idempotency_key)s::VARCHAR, %(created_by_id)s::UUID, %(created_at)s::TIMESTAMP WITH TIME ZONE)
[2026-08-22 23:01:31] [INFO   ] [sqlalchemy.engine.Engine:1848] [MainThread] - [cached since 0.4667s ago] {'id': UUID('5d4d096a-728b-4509-84b7-7d03710e423c'), 'organization_id': UUID('33b36aec-3b8e-4a00-aa2e-cffac6b90072'), 'document_id': UUID('e3c4688c-eae8-4e65-9bfb-9150937b67eb'), 'event_type': 'CREATED', 'previous_status': None, 'new_status': 'CONFIRMED', 'event_metadata': Json({'origin': 'DIRECT'}), 'idempotency_key': 'sales-order:bc4aa1d9-194f-49a4-bb77-411029d61f4a:created', 'created_by_id': UUID('89174020-8ace-4a01-af1b-5d59660ece02'), 'created_at': datetime.datetime(2026, 8, 23, 2, 1, 31, 845829, tzinfo=datetime.timezone.utc)}
[2026-08-22 23:01:31] [INFO   ] [sqlalchemy.engine.Engine:2718] [MainThread] - COMMIT
[2026-08-22 23:01:31] [INFO   ] [sqlalchemy.engine.Engine:2712] [MainThread] - BEGIN (implicit)
[2026-08-22 23:01:31] [INFO   ] [sqlalchemy.engine.Engine:1848] [MainThread] - SELECT sales_quote.id, sales_quote.organization_id, sales_quote.customer_id, sales_quote.opportunity_id, sales_quote.document_id, sales_quote.quote_number, sales_quote.customer_name, sales_quote.customer_document, sales_quote.customer_email, sales_quote.customer_phone, sales_quote.total_amount, sales_quote.discount_amount, sales_quote.net_amount, sales_quote.payment_terms, sales_quote.valid_until, sales_quote.status, sales_quote.notes, sales_quote.created_by_id, sales_quote.created_at, sales_quote.updated_at 
FROM sales_quote 
WHERE sales_quote.id = %(id_1)s::UUID AND sales_quote.organization_id = %(organization_id_1)s::UUID FOR UPDATE
[2026-08-22 23:01:31] [INFO   ] [sqlalchemy.engine.Engine:1848] [MainThread] - [cached since 0.2328s ago] {'id_1': UUID('400f2aa9-cb01-4329-be92-2ba36304a981'), 'organization_id_1': UUID('33b36aec-3b8e-4a00-aa2e-cffac6b90072')}
[2026-08-22 23:01:31] [INFO   ] [sqlalchemy.engine.Engine:1848] [MainThread] - SELECT sales_quote_item.quote_id AS sales_quote_item_quote_id, sales_quote_item.id AS sales_quote_item_id, sales_quote_item.product_id AS sales_quote_item_product_id, sales_quote_item.quantity AS sales_quote_item_quantity, sales_quote_item.unit_price AS sales_quote_item_unit_price, sales_quote_item.discount_amount AS sales_quote_item_discount_amount, sales_quote_item.total_price AS sales_quote_item_total_price, sales_quote_item.notes AS sales_quote_item_notes 
FROM sales_quote_item 
WHERE sales_quote_item.quote_id IN (%(primary_keys_1)s::UUID)
[2026-08-22 23:01:31] [INFO   ] [sqlalchemy.engine.Engine:1848] [MainThread] - [cached since 0.2324s ago] {'primary_keys_1': UUID('400f2aa9-cb01-4329-be92-2ba36304a981')}
[2026-08-22 23:01:31] [INFO   ] [sqlalchemy.engine.Engine:1848] [MainThread] - SELECT business_document.id, business_document.organization_id, business_document.document_type, business_document.native_id, business_document.document_number, business_document.current_status, business_document.issued_at, business_document.created_by_id, business_document.created_at, business_document.updated_at 
FROM business_document 
WHERE business_document.organization_id = %(organization_id_1)s::UUID AND business_document.document_type = %(document_type_1)s::VARCHAR AND business_document.native_id = %(native_id_1)s::UUID
[2026-08-22 23:01:31] [INFO   ] [sqlalchemy.engine.Engine:1848] [MainThread] - [cached since 0.5061s ago] {'organization_id_1': UUID('33b36aec-3b8e-4a00-aa2e-cffac6b90072'), 'document_type_1': 'SALES_QUOTE', 'native_id_1': UUID('400f2aa9-cb01-4329-be92-2ba36304a981')}
[2026-08-22 23:01:31] [INFO   ] [sqlalchemy.engine.Engine:1848] [MainThread] - SELECT document_relation.parent_document_id AS document_relation_parent_document_id, document_relation.id AS document_relation_id, document_relation.organization_id AS document_relation_organization_id, document_relation.child_document_id AS document_relation_child_document_id, document_relation.relation_type AS document_relation_relation_type, document_relation.relation_metadata AS document_relation_relation_metadata, document_relation.created_by_id AS document_relation_created_by_id, document_relation.created_at AS document_relation_created_at 
FROM document_relation 
WHERE document_relation.parent_document_id IN (%(primary_keys_1)s::UUID)
[2026-08-22 23:01:31] [INFO   ] [sqlalchemy.engine.Engine:1848] [MainThread] - [cached since 0.2218s ago] {'primary_keys_1': UUID('38451305-7dc3-4174-a362-c4ac9f83f37f')}
[2026-08-22 23:01:31] [INFO   ] [sqlalchemy.engine.Engine:1848] [MainThread] - SELECT business_document_1.id AS business_document_1_id, document_event.id AS document_event_id, document_event.organization_id AS document_event_organization_id, document_event.document_id AS document_event_document_id, document_event.event_type AS document_event_event_type, document_event.previous_status AS document_event_previous_status, document_event.new_status AS document_event_new_status, document_event.event_metadata AS document_event_event_metadata, document_event.idempotency_key AS document_event_idempotency_key, document_event.created_by_id AS document_event_created_by_id, document_event.created_at AS document_event_created_at 
FROM business_document AS business_document_1 JOIN document_event ON business_document_1.organization_id = document_event.organization_id AND business_document_1.id = document_event.document_id 
WHERE business_document_1.id IN (%(primary_keys_1)s::UUID) ORDER BY document_event.created_at
[2026-08-22 23:01:31] [INFO   ] [sqlalchemy.engine.Engine:1848] [MainThread] - [cached since 0.2153s ago] {'primary_keys_1': UUID('38451305-7dc3-4174-a362-c4ac9f83f37f')}
[2026-08-22 23:01:31] [INFO   ] [sqlalchemy.engine.Engine:1848] [MainThread] - SELECT document_relation.child_document_id AS document_relation_child_document_id, document_relation.id AS document_relation_id, document_relation.organization_id AS document_relation_organization_id, document_relation.parent_document_id AS document_relation_parent_document_id, document_relation.relation_type AS document_relation_relation_type, document_relation.relation_metadata AS document_relation_relation_metadata, document_relation.created_by_id AS document_relation_created_by_id, document_relation.created_at AS document_relation_created_at 
FROM document_relation 
WHERE document_relation.child_document_id IN (%(primary_keys_1)s::UUID)
[2026-08-22 23:01:31] [INFO   ] [sqlalchemy.engine.Engine:1848] [MainThread] - [cached since 0.2147s ago] {'primary_keys_1': UUID('38451305-7dc3-4174-a362-c4ac9f83f37f')}
[2026-08-22 23:01:31] [INFO   ] [sqlalchemy.engine.Engine:1848] [MainThread] - SELECT document_event.id, document_event.organization_id, document_event.document_id, document_event.event_type, document_event.previous_status, document_event.new_status, document_event.event_metadata, document_event.idempotency_key, document_event.created_by_id, document_event.created_at 
FROM document_event 
WHERE document_event.organization_id = %(organization_id_1)s::UUID AND document_event.idempotency_key = %(idempotency_key_1)s::VARCHAR
[2026-08-22 23:01:31] [INFO   ] [sqlalchemy.engine.Engine:1848] [MainThread] - [cached since 0.485s ago] {'organization_id_1': UUID('33b36aec-3b8e-4a00-aa2e-cffac6b90072'), 'idempotency_key_1': 'sales-quote:400f2aa9-cb01-4329-be92-2ba36304a981:cancelled'}
[2026-08-22 23:01:31] [INFO   ] [sqlalchemy.engine.Engine:1848] [MainThread] - INSERT INTO document_event (id, organization_id, document_id, event_type, previous_status, new_status, event_metadata, idempotency_key, created_by_id, created_at) VALUES (%(id)s::UUID, %(organization_id)s::UUID, %(document_id)s::UUID, %(event_type)s::VARCHAR, %(previous_status)s::VARCHAR, %(new_status)s::VARCHAR, %(event_metadata)s::JSON, %(idempotency_key)s::VARCHAR, %(created_by_id)s::UUID, %(created_at)s::TIMESTAMP WITH TIME ZONE)
[2026-08-22 23:01:31] [INFO   ] [sqlalchemy.engine.Engine:1848] [MainThread] - [cached since 0.4776s ago] {'id': UUID('152629b3-f9d4-473f-b543-a58b9432c661'), 'organization_id': UUID('33b36aec-3b8e-4a00-aa2e-cffac6b90072'), 'document_id': UUID('38451305-7dc3-4174-a362-c4ac9f83f37f'), 'event_type': 'CANCELLED', 'previous_status': 'DRAFT', 'new_status': 'CANCELLED', 'event_metadata': Json({'quote_id': '400f2aa9-cb01-4329-be ... (52 chars)), 'idempotency_key': 'sales-quote:400f2aa9-cb01-4329-be92-2ba36304a981:cancelled', 'created_by_id': UUID('89174020-8ace-4a01-af1b-5d59660ece02'), 'created_at': datetime.datetime(2026, 8, 23, 2, 1, 31, 856697, tzinfo=datetime.timezone.utc)}
[2026-08-22 23:01:31] [INFO   ] [sqlalchemy.engine.Engine:1848] [MainThread] - UPDATE sales_quote SET status=%(status)s::VARCHAR, updated_at=%(updated_at)s::TIMESTAMP WITH TIME ZONE WHERE sales_quote.id = %(sales_quote_id)s::UUID
[2026-08-22 23:01:31] [INFO   ] [sqlalchemy.engine.Engine:1848] [MainThread] - [cached since 0.2141s ago] {'status': 'CANCELLED', 'updated_at': datetime.datetime(2026, 8, 23, 2, 1, 31, 857519, tzinfo=datetime.timezone.utc), 'sales_quote_id': UUID('400f2aa9-cb01-4329-be92-2ba36304a981')}
[2026-08-22 23:01:31] [INFO   ] [sqlalchemy.engine.Engine:1848] [MainThread] - UPDATE business_document SET current_status=%(current_status)s::VARCHAR, updated_at=%(updated_at)s::TIMESTAMP WITH TIME ZONE WHERE business_document.id = %(business_document_id)s::UUID
[2026-08-22 23:01:31] [INFO   ] [sqlalchemy.engine.Engine:1848] [MainThread] - [cached since 0.2138s ago] {'current_status': 'CANCELLED', 'updated_at': datetime.datetime(2026, 8, 23, 2, 1, 31, 858488, tzinfo=datetime.timezone.utc), 'business_document_id': UUID('38451305-7dc3-4174-a362-c4ac9f83f37f')}
[2026-08-22 23:01:31] [INFO   ] [sqlalchemy.engine.Engine:1848] [MainThread] - SELECT sales_order.id, sales_order.organization_id, sales_order.customer_id, sales_order.sales_quote_id, sales_order.opportunity_id, sales_order.document_id, sales_order.order_number, sales_order.customer_name, sales_order.customer_document, sales_order.total_amount, sales_order.discount_amount, sales_order.net_amount, sales_order.payment_terms, sales_order.delivery_status, sales_order.billing_status, sales_order.status, sales_order.notes, sales_order.created_by_id, sales_order.created_at, sales_order.updated_at 
FROM sales_order 
WHERE sales_order.id = %(id_1)s::UUID AND sales_order.organization_id = %(organization_id_1)s::UUID FOR UPDATE
[2026-08-22 23:01:31] [INFO   ] [sqlalchemy.engine.Engine:1848] [MainThread] - [generated in 0.00012s] {'id_1': UUID('bc4aa1d9-194f-49a4-bb77-411029d61f4a'), 'organization_id_1': UUID('33b36aec-3b8e-4a00-aa2e-cffac6b90072')}
[2026-08-22 23:01:31] [INFO   ] [sqlalchemy.engine.Engine:1848] [MainThread] - SELECT sales_order_item.sales_order_id AS sales_order_item_sales_order_id, sales_order_item.id AS sales_order_item_id, sales_order_item.product_id AS sales_order_item_product_id, sales_order_item.quantity AS sales_order_item_quantity, sales_order_item.unit_price AS sales_order_item_unit_price, sales_order_item.discount_amount AS sales_order_item_discount_amount, sales_order_item.total_price AS sales_order_item_total_price, sales_order_item.notes AS sales_order_item_notes 
FROM sales_order_item 
WHERE sales_order_item.sales_order_id IN (%(primary_keys_1)s::UUID)
[2026-08-22 23:01:31] [INFO   ] [sqlalchemy.engine.Engine:1848] [MainThread] - [cached since 0.1804s ago] {'primary_keys_1': UUID('bc4aa1d9-194f-49a4-bb77-411029d61f4a')}
[2026-08-22 23:01:31] [INFO   ] [sqlalchemy.engine.Engine:1848] [MainThread] - SELECT business_document.id, business_document.organization_id, business_document.document_type, business_document.native_id, business_document.document_number, business_document.current_status, business_document.issued_at, business_document.created_by_id, business_document.created_at, business_document.updated_at 
FROM business_document 
WHERE business_document.organization_id = %(organization_id_1)s::UUID AND business_document.document_type = %(document_type_1)s::VARCHAR AND business_document.native_id = %(native_id_1)s::UUID
[2026-08-22 23:01:31] [INFO   ] [sqlalchemy.engine.Engine:1848] [MainThread] - [cached since 0.5164s ago] {'organization_id_1': UUID('33b36aec-3b8e-4a00-aa2e-cffac6b90072'), 'document_type_1': 'SALES_ORDER', 'native_id_1': UUID('bc4aa1d9-194f-49a4-bb77-411029d61f4a')}
[2026-08-22 23:01:31] [INFO   ] [sqlalchemy.engine.Engine:1848] [MainThread] - SELECT document_relation.parent_document_id AS document_relation_parent_document_id, document_relation.id AS document_relation_id, document_relation.organization_id AS document_relation_organization_id, document_relation.child_document_id AS document_relation_child_document_id, document_relation.relation_type AS document_relation_relation_type, document_relation.relation_metadata AS document_relation_relation_metadata, document_relation.created_by_id AS document_relation_created_by_id, document_relation.created_at AS document_relation_created_at 
FROM document_relation 
WHERE document_relation.parent_document_id IN (%(primary_keys_1)s::UUID)
[2026-08-22 23:01:31] [INFO   ] [sqlalchemy.engine.Engine:1848] [MainThread] - [cached since 0.2322s ago] {'primary_keys_1': UUID('e3c4688c-eae8-4e65-9bfb-9150937b67eb')}
[2026-08-22 23:01:31] [INFO   ] [sqlalchemy.engine.Engine:1848] [MainThread] - SELECT business_document_1.id AS business_document_1_id, document_event.id AS document_event_id, document_event.organization_id AS document_event_organization_id, document_event.document_id AS document_event_document_id, document_event.event_type AS document_event_event_type, document_event.previous_status AS document_event_previous_status, document_event.new_status AS document_event_new_status, document_event.event_metadata AS document_event_event_metadata, document_event.idempotency_key AS document_event_idempotency_key, document_event.created_by_id AS document_event_created_by_id, document_event.created_at AS document_event_created_at 
FROM business_document AS business_document_1 JOIN document_event ON business_document_1.organization_id = document_event.organization_id AND business_document_1.id = document_event.document_id 
WHERE business_document_1.id IN (%(primary_keys_1)s::UUID) ORDER BY document_event.created_at
[2026-08-22 23:01:31] [INFO   ] [sqlalchemy.engine.Engine:1848] [MainThread] - [cached since 0.2257s ago] {'primary_keys_1': UUID('e3c4688c-eae8-4e65-9bfb-9150937b67eb')}
[2026-08-22 23:01:31] [INFO   ] [sqlalchemy.engine.Engine:1848] [MainThread] - SELECT document_relation.child_document_id AS document_relation_child_document_id, document_relation.id AS document_relation_id, document_relation.organization_id AS document_relation_organization_id, document_relation.parent_document_id AS document_relation_parent_document_id, document_relation.relation_type AS document_relation_relation_type, document_relation.relation_metadata AS document_relation_relation_metadata, document_relation.created_by_id AS document_relation_created_by_id, document_relation.created_at AS document_relation_created_at 
FROM document_relation 
WHERE document_relation.child_document_id IN (%(primary_keys_1)s::UUID)
[2026-08-22 23:01:31] [INFO   ] [sqlalchemy.engine.Engine:1848] [MainThread] - [cached since 0.2251s ago] {'primary_keys_1': UUID('e3c4688c-eae8-4e65-9bfb-9150937b67eb')}
[2026-08-22 23:01:31] [INFO   ] [sqlalchemy.engine.Engine:1848] [MainThread] - SELECT stock_reservation.id, stock_reservation.organization_id, stock_reservation.sales_order_id, stock_reservation.document_id, stock_reservation.reservation_number, stock_reservation.status, stock_reservation.status_version, stock_reservation.created_by_id, stock_reservation.released_by_id, stock_reservation.released_at, stock_reservation.created_at, stock_reservation.updated_at 
FROM stock_reservation 
WHERE stock_reservation.sales_order_id = %(sales_order_id_1)s::UUID AND stock_reservation.organization_id = %(organization_id_1)s::UUID FOR UPDATE
[2026-08-22 23:01:31] [INFO   ] [sqlalchemy.engine.Engine:1848] [MainThread] - [generated in 0.00012s] {'sales_order_id_1': UUID('bc4aa1d9-194f-49a4-bb77-411029d61f4a'), 'organization_id_1': UUID('33b36aec-3b8e-4a00-aa2e-cffac6b90072')}
[2026-08-22 23:01:31] [INFO   ] [sqlalchemy.engine.Engine:1848] [MainThread] - UPDATE sales_order SET delivery_status=%(delivery_status)s::VARCHAR, updated_at=%(updated_at)s::TIMESTAMP WITH TIME ZONE WHERE sales_order.id = %(sales_order_id)s::UUID
[2026-08-22 23:01:31] [INFO   ] [sqlalchemy.engine.Engine:1848] [MainThread] - [generated in 0.00012s] {'delivery_status': 'CANCELLED', 'updated_at': datetime.datetime(2026, 8, 23, 2, 1, 31, 867882, tzinfo=datetime.timezone.utc), 'sales_order_id': UUID('bc4aa1d9-194f-49a4-bb77-411029d61f4a')}
[2026-08-22 23:01:31] [INFO   ] [sqlalchemy.engine.Engine:1848] [MainThread] - SELECT document_event.id, document_event.organization_id, document_event.document_id, document_event.event_type, document_event.previous_status, document_event.new_status, document_event.event_metadata, document_event.idempotency_key, document_event.created_by_id, document_event.created_at 
FROM document_event 
WHERE document_event.organization_id = %(organization_id_1)s::UUID AND document_event.idempotency_key = %(idempotency_key_1)s::VARCHAR
[2026-08-22 23:01:31] [INFO   ] [sqlalchemy.engine.Engine:1848] [MainThread] - [cached since 0.4983s ago] {'organization_id_1': UUID('33b36aec-3b8e-4a00-aa2e-cffac6b90072'), 'idempotency_key_1': 'sales-order:bc4aa1d9-194f-49a4-bb77-411029d61f4a:cancelled'}
[2026-08-22 23:01:31] [INFO   ] [sqlalchemy.engine.Engine:1848] [MainThread] - INSERT INTO document_event (id, organization_id, document_id, event_type, previous_status, new_status, event_metadata, idempotency_key, created_by_id, created_at) VALUES (%(id)s::UUID, %(organization_id)s::UUID, %(document_id)s::UUID, %(event_type)s::VARCHAR, %(previous_status)s::VARCHAR, %(new_status)s::VARCHAR, %(event_metadata)s::JSON, %(idempotency_key)s::VARCHAR, %(created_by_id)s::UUID, %(created_at)s::TIMESTAMP WITH TIME ZONE)
[2026-08-22 23:01:31] [INFO   ] [sqlalchemy.engine.Engine:1848] [MainThread] - [cached since 0.4907s ago] {'id': UUID('732b6d0e-938e-4dd1-ac0d-1e17378ea4ba'), 'organization_id': UUID('33b36aec-3b8e-4a00-aa2e-cffac6b90072'), 'document_id': UUID('e3c4688c-eae8-4e65-9bfb-9150937b67eb'), 'event_type': 'CANCELLED', 'previous_status': 'CONFIRMED', 'new_status': 'CANCELLED', 'event_metadata': Json({'order_id': 'bc4aa1d9-194f-49a4-bb ... (52 chars)), 'idempotency_key': 'sales-order:bc4aa1d9-194f-49a4-bb77-411029d61f4a:cancelled', 'created_by_id': UUID('89174020-8ace-4a01-af1b-5d59660ece02'), 'created_at': datetime.datetime(2026, 8, 23, 2, 1, 31, 869860, tzinfo=datetime.timezone.utc)}
[2026-08-22 23:01:31] [INFO   ] [sqlalchemy.engine.Engine:1848] [MainThread] - UPDATE sales_order SET status=%(status)s::VARCHAR, updated_at=%(updated_at)s::TIMESTAMP WITH TIME ZONE WHERE sales_order.id = %(sales_order_id)s::UUID
[2026-08-22 23:01:31] [INFO   ] [sqlalchemy.engine.Engine:1848] [MainThread] - [generated in 0.00012s] {'status': 'CANCELLED', 'updated_at': datetime.datetime(2026, 8, 23, 2, 1, 31, 870831, tzinfo=datetime.timezone.utc), 'sales_order_id': UUID('bc4aa1d9-194f-49a4-bb77-411029d61f4a')}
[2026-08-22 23:01:31] [INFO   ] [sqlalchemy.engine.Engine:1848] [MainThread] - UPDATE business_document SET current_status=%(current_status)s::VARCHAR, updated_at=%(updated_at)s::TIMESTAMP WITH TIME ZONE WHERE business_document.id = %(business_document_id)s::UUID
[2026-08-22 23:01:31] [INFO   ] [sqlalchemy.engine.Engine:1848] [MainThread] - [cached since 0.2273s ago] {'current_status': 'CANCELLED', 'updated_at': datetime.datetime(2026, 8, 23, 2, 1, 31, 871953, tzinfo=datetime.timezone.utc), 'business_document_id': UUID('e3c4688c-eae8-4e65-9bfb-9150937b67eb')}
[2026-08-22 23:01:31] [INFO   ] [sqlalchemy.engine.Engine:1848] [MainThread] - SELECT sales_quote.id, sales_quote.organization_id, sales_quote.customer_id, sales_quote.opportunity_id, sales_quote.document_id, sales_quote.quote_number, sales_quote.customer_name, sales_quote.customer_document, sales_quote.customer_email, sales_quote.customer_phone, sales_quote.total_amount, sales_quote.discount_amount, sales_quote.net_amount, sales_quote.payment_terms, sales_quote.valid_until, sales_quote.status, sales_quote.notes, sales_quote.created_by_id, sales_quote.created_at, sales_quote.updated_at 
FROM sales_quote 
WHERE sales_quote.id = %(id_1)s::UUID AND sales_quote.organization_id = %(organization_id_1)s::UUID FOR UPDATE
[2026-08-22 23:01:31] [INFO   ] [sqlalchemy.engine.Engine:1848] [MainThread] - [cached since 0.2563s ago] {'id_1': UUID('400f2aa9-cb01-4329-be92-2ba36304a981'), 'organization_id_1': UUID('33b36aec-3b8e-4a00-aa2e-cffac6b90072')}
[2026-08-22 23:01:31] [INFO   ] [sqlalchemy.engine.Engine:1848] [MainThread] - SELECT sales_quote_item.quote_id AS sales_quote_item_quote_id, sales_quote_item.id AS sales_quote_item_id, sales_quote_item.product_id AS sales_quote_item_product_id, sales_quote_item.quantity AS sales_quote_item_quantity, sales_quote_item.unit_price AS sales_quote_item_unit_price, sales_quote_item.discount_amount AS sales_quote_item_discount_amount, sales_quote_item.total_price AS sales_quote_item_total_price, sales_quote_item.notes AS sales_quote_item_notes 
FROM sales_quote_item 
WHERE sales_quote_item.quote_id IN (%(primary_keys_1)s::UUID)
[2026-08-22 23:01:31] [INFO   ] [sqlalchemy.engine.Engine:1848] [MainThread] - [cached since 0.2555s ago] {'primary_keys_1': UUID('400f2aa9-cb01-4329-be92-2ba36304a981')}
[2026-08-22 23:01:31] [INFO   ] [sqlalchemy.engine.Engine:1848] [MainThread] - SELECT sales_order.id, sales_order.organization_id, sales_order.customer_id, sales_order.sales_quote_id, sales_order.opportunity_id, sales_order.document_id, sales_order.order_number, sales_order.customer_name, sales_order.customer_document, sales_order.total_amount, sales_order.discount_amount, sales_order.net_amount, sales_order.payment_terms, sales_order.delivery_status, sales_order.billing_status, sales_order.status, sales_order.notes, sales_order.created_by_id, sales_order.created_at, sales_order.updated_at 
FROM sales_order 
WHERE sales_order.id = %(id_1)s::UUID AND sales_order.organization_id = %(organization_id_1)s::UUID FOR UPDATE
[2026-08-22 23:01:31] [INFO   ] [sqlalchemy.engine.Engine:1848] [MainThread] - [cached since 0.01508s ago] {'id_1': UUID('bc4aa1d9-194f-49a4-bb77-411029d61f4a'), 'organization_id_1': UUID('33b36aec-3b8e-4a00-aa2e-cffac6b90072')}
[2026-08-22 23:01:31] [INFO   ] [sqlalchemy.engine.Engine:1848] [MainThread] - SELECT sales_order_item.sales_order_id AS sales_order_item_sales_order_id, sales_order_item.id AS sales_order_item_id, sales_order_item.product_id AS sales_order_item_product_id, sales_order_item.quantity AS sales_order_item_quantity, sales_order_item.unit_price AS sales_order_item_unit_price, sales_order_item.discount_amount AS sales_order_item_discount_amount, sales_order_item.total_price AS sales_order_item_total_price, sales_order_item.notes AS sales_order_item_notes 
FROM sales_order_item 
WHERE sales_order_item.sales_order_id IN (%(primary_keys_1)s::UUID)
[2026-08-22 23:01:31] [INFO   ] [sqlalchemy.engine.Engine:1848] [MainThread] - [cached since 0.1951s ago] {'primary_keys_1': UUID('bc4aa1d9-194f-49a4-bb77-411029d61f4a')}
[2026-08-22 23:01:31] [INFO   ] [sqlalchemy.engine.Engine:1848] [MainThread] - SELECT stock_reservation.id, stock_reservation.organization_id, stock_reservation.sales_order_id, stock_reservation.document_id, stock_reservation.reservation_number, stock_reservation.status, stock_reservation.status_version, stock_reservation.created_by_id, stock_reservation.released_by_id, stock_reservation.released_at, stock_reservation.created_at, stock_reservation.updated_at 
FROM stock_reservation 
WHERE stock_reservation.sales_order_id = %(sales_order_id_1)s::UUID AND stock_reservation.organization_id = %(organization_id_1)s::UUID FOR UPDATE
[2026-08-22 23:01:31] [INFO   ] [sqlalchemy.engine.Engine:1848] [MainThread] - [cached since 0.01035s ago] {'sales_order_id_1': UUID('bc4aa1d9-194f-49a4-bb77-411029d61f4a'), 'organization_id_1': UUID('33b36aec-3b8e-4a00-aa2e-cffac6b90072')}
[2026-08-22 23:01:31] [INFO   ] [sqlalchemy.engine.Engine:2718] [MainThread] - COMMIT
[2026-08-22 23:01:31] [INFO   ] [sqlalchemy.engine.Engine:2712] [MainThread] - BEGIN (implicit)
[2026-08-22 23:01:31] [INFO   ] [sqlalchemy.engine.Engine:1848] [MainThread] - SELECT sales_quote.id, sales_quote.organization_id, sales_quote.customer_id, sales_quote.opportunity_id, sales_quote.document_id, sales_quote.quote_number, sales_quote.customer_name, sales_quote.customer_document, sales_quote.customer_email, sales_quote.customer_phone, sales_quote.total_amount, sales_quote.discount_amount, sales_quote.net_amount, sales_quote.payment_terms, sales_quote.valid_until, sales_quote.status, sales_quote.notes, sales_quote.created_by_id, sales_quote.created_at, sales_quote.updated_at 
FROM sales_quote 
WHERE sales_quote.id = %(id_1)s::UUID AND sales_quote.organization_id = %(organization_id_1)s::UUID
[2026-08-22 23:01:31] [INFO   ] [sqlalchemy.engine.Engine:1848] [MainThread] - [cached since 0.09258s ago] {'id_1': UUID('400f2aa9-cb01-4329-be92-2ba36304a981'), 'organization_id_1': UUID('33b36aec-3b8e-4a00-aa2e-cffac6b90072')}
[2026-08-22 23:01:31] [INFO   ] [sqlalchemy.engine.Engine:1848] [MainThread] - SELECT sales_quote_item.quote_id AS sales_quote_item_quote_id, sales_quote_item.id AS sales_quote_item_id, sales_quote_item.product_id AS sales_quote_item_product_id, sales_quote_item.quantity AS sales_quote_item_quantity, sales_quote_item.unit_price AS sales_quote_item_unit_price, sales_quote_item.discount_amount AS sales_quote_item_discount_amount, sales_quote_item.total_price AS sales_quote_item_total_price, sales_quote_item.notes AS sales_quote_item_notes 
FROM sales_quote_item 
WHERE sales_quote_item.quote_id IN (%(primary_keys_1)s::UUID)
[2026-08-22 23:01:31] [INFO   ] [sqlalchemy.engine.Engine:1848] [MainThread] - [cached since 0.2633s ago] {'primary_keys_1': UUID('400f2aa9-cb01-4329-be92-2ba36304a981')}
[2026-08-22 23:01:31] [INFO   ] [sqlalchemy.engine.Engine:1848] [MainThread] - SELECT sales_order.id, sales_order.organization_id, sales_order.customer_id, sales_order.sales_quote_id, sales_order.opportunity_id, sales_order.document_id, sales_order.order_number, sales_order.customer_name, sales_order.customer_document, sales_order.total_amount, sales_order.discount_amount, sales_order.net_amount, sales_order.payment_terms, sales_order.delivery_status, sales_order.billing_status, sales_order.status, sales_order.notes, sales_order.created_by_id, sales_order.created_at, sales_order.updated_at 
FROM sales_order 
WHERE sales_order.id = %(id_1)s::UUID AND sales_order.organization_id = %(organization_id_1)s::UUID
[2026-08-22 23:01:31] [INFO   ] [sqlalchemy.engine.Engine:1848] [MainThread] - [generated in 0.00011s] {'id_1': UUID('bc4aa1d9-194f-49a4-bb77-411029d61f4a'), 'organization_id_1': UUID('33b36aec-3b8e-4a00-aa2e-cffac6b90072')}
[2026-08-22 23:01:31] [INFO   ] [sqlalchemy.engine.Engine:1848] [MainThread] - SELECT sales_order_item.sales_order_id AS sales_order_item_sales_order_id, sales_order_item.id AS sales_order_item_id, sales_order_item.product_id AS sales_order_item_product_id, sales_order_item.quantity AS sales_order_item_quantity, sales_order_item.unit_price AS sales_order_item_unit_price, sales_order_item.discount_amount AS sales_order_item_discount_amount, sales_order_item.total_price AS sales_order_item_total_price, sales_order_item.notes AS sales_order_item_notes 
FROM sales_order_item 
WHERE sales_order_item.sales_order_id IN (%(primary_keys_1)s::UUID)
[2026-08-22 23:01:31] [INFO   ] [sqlalchemy.engine.Engine:1848] [MainThread] - [cached since 0.2032s ago] {'primary_keys_1': UUID('bc4aa1d9-194f-49a4-bb77-411029d61f4a')}
[2026-08-22 23:01:31] [INFO   ] [sqlalchemy.engine.Engine:1848] [MainThread] - SELECT business_document.id, business_document.organization_id, business_document.document_type, business_document.native_id, business_document.document_number, business_document.current_status, business_document.issued_at, business_document.created_by_id, business_document.created_at, business_document.updated_at 
FROM business_document 
WHERE business_document.organization_id = %(organization_id_1)s::UUID AND business_document.document_type = %(document_type_1)s::VARCHAR AND business_document.native_id = %(native_id_1)s::UUID
[2026-08-22 23:01:31] [INFO   ] [sqlalchemy.engine.Engine:1848] [MainThread] - [cached since 0.5392s ago] {'organization_id_1': UUID('33b36aec-3b8e-4a00-aa2e-cffac6b90072'), 'document_type_1': 'SALES_QUOTE', 'native_id_1': UUID('400f2aa9-cb01-4329-be92-2ba36304a981')}
[2026-08-22 23:01:31] [INFO   ] [sqlalchemy.engine.Engine:1848] [MainThread] - SELECT document_relation.parent_document_id AS document_relation_parent_document_id, document_relation.id AS document_relation_id, document_relation.organization_id AS document_relation_organization_id, document_relation.child_document_id AS document_relation_child_document_id, document_relation.relation_type AS document_relation_relation_type, document_relation.relation_metadata AS document_relation_relation_metadata, document_relation.created_by_id AS document_relation_created_by_id, document_relation.created_at AS document_relation_created_at 
FROM document_relation 
WHERE document_relation.parent_document_id IN (%(primary_keys_1)s::UUID)
[2026-08-22 23:01:31] [INFO   ] [sqlalchemy.engine.Engine:1848] [MainThread] - [cached since 0.255s ago] {'primary_keys_1': UUID('38451305-7dc3-4174-a362-c4ac9f83f37f')}
[2026-08-22 23:01:31] [INFO   ] [sqlalchemy.engine.Engine:1848] [MainThread] - SELECT business_document_1.id AS business_document_1_id, document_event.id AS document_event_id, document_event.organization_id AS document_event_organization_id, document_event.document_id AS document_event_document_id, document_event.event_type AS document_event_event_type, document_event.previous_status AS document_event_previous_status, document_event.new_status AS document_event_new_status, document_event.event_metadata AS document_event_event_metadata, document_event.idempotency_key AS document_event_idempotency_key, document_event.created_by_id AS document_event_created_by_id, document_event.created_at AS document_event_created_at 
FROM business_document AS business_document_1 JOIN document_event ON business_document_1.organization_id = document_event.organization_id AND business_document_1.id = document_event.document_id 
WHERE business_document_1.id IN (%(primary_keys_1)s::UUID) ORDER BY document_event.created_at
[2026-08-22 23:01:31] [INFO   ] [sqlalchemy.engine.Engine:1848] [MainThread] - [cached since 0.2485s ago] {'primary_keys_1': UUID('38451305-7dc3-4174-a362-c4ac9f83f37f')}
[2026-08-22 23:01:31] [INFO   ] [sqlalchemy.engine.Engine:1848] [MainThread] - SELECT document_relation.child_document_id AS document_relation_child_document_id, document_relation.id AS document_relation_id, document_relation.organization_id AS document_relation_organization_id, document_relation.parent_document_id AS document_relation_parent_document_id, document_relation.relation_type AS document_relation_relation_type, document_relation.relation_metadata AS document_relation_relation_metadata, document_relation.created_by_id AS document_relation_created_by_id, document_relation.created_at AS document_relation_created_at 
FROM document_relation 
WHERE document_relation.child_document_id IN (%(primary_keys_1)s::UUID)
[2026-08-22 23:01:31] [INFO   ] [sqlalchemy.engine.Engine:1848] [MainThread] - [cached since 0.2481s ago] {'primary_keys_1': UUID('38451305-7dc3-4174-a362-c4ac9f83f37f')}
[2026-08-22 23:01:31] [INFO   ] [sqlalchemy.engine.Engine:1848] [MainThread] - SELECT document_relation.id, document_relation.organization_id, document_relation.parent_document_id, document_relation.child_document_id, document_relation.relation_type, document_relation.relation_metadata, document_relation.created_by_id, document_relation.created_at 
FROM document_relation 
WHERE document_relation.organization_id = %(organization_id_1)s::UUID AND (document_relation.parent_document_id IN (%(parent_document_id_1_1)s::UUID) OR document_relation.child_document_id IN (%(child_document_id_1_1)s::UUID))
[2026-08-22 23:01:31] [INFO   ] [sqlalchemy.engine.Engine:1848] [MainThread] - [cached since 0.1852s ago] {'organization_id_1': UUID('33b36aec-3b8e-4a00-aa2e-cffac6b90072'), 'parent_document_id_1_1': UUID('38451305-7dc3-4174-a362-c4ac9f83f37f'), 'child_document_id_1_1': UUID('38451305-7dc3-4174-a362-c4ac9f83f37f')}
[2026-08-22 23:01:31] [INFO   ] [sqlalchemy.engine.Engine:1848] [MainThread] - SELECT business_document.id, business_document.organization_id, business_document.document_type, business_document.native_id, business_document.document_number, business_document.current_status, business_document.issued_at, business_document.created_by_id, business_document.created_at, business_document.updated_at 
FROM business_document 
WHERE business_document.organization_id = %(organization_id_1)s::UUID AND business_document.id IN (%(id_1_1)s::UUID)
[2026-08-22 23:01:31] [INFO   ] [sqlalchemy.engine.Engine:1848] [MainThread] - [cached since 0.1837s ago] {'organization_id_1': UUID('33b36aec-3b8e-4a00-aa2e-cffac6b90072'), 'id_1_1': UUID('38451305-7dc3-4174-a362-c4ac9f83f37f')}
[2026-08-22 23:01:31] [INFO   ] [sqlalchemy.engine.Engine:1848] [MainThread] - SELECT document_relation.parent_document_id AS document_relation_parent_document_id, document_relation.id AS document_relation_id, document_relation.organization_id AS document_relation_organization_id, document_relation.child_document_id AS document_relation_child_document_id, document_relation.relation_type AS document_relation_relation_type, document_relation.relation_metadata AS document_relation_relation_metadata, document_relation.created_by_id AS document_relation_created_by_id, document_relation.created_at AS document_relation_created_at 
FROM document_relation 
WHERE document_relation.parent_document_id IN (%(primary_keys_1)s::UUID)
[2026-08-22 23:01:31] [INFO   ] [sqlalchemy.engine.Engine:1848] [MainThread] - [cached since 0.2602s ago] {'primary_keys_1': UUID('38451305-7dc3-4174-a362-c4ac9f83f37f')}
[2026-08-22 23:01:31] [INFO   ] [sqlalchemy.engine.Engine:1848] [MainThread] - SELECT business_document_1.id AS business_document_1_id, document_event.id AS document_event_id, document_event.organization_id AS document_event_organization_id, document_event.document_id AS document_event_document_id, document_event.event_type AS document_event_event_type, document_event.previous_status AS document_event_previous_status, document_event.new_status AS document_event_new_status, document_event.event_metadata AS document_event_event_metadata, document_event.idempotency_key AS document_event_idempotency_key, document_event.created_by_id AS document_event_created_by_id, document_event.created_at AS document_event_created_at 
FROM business_document AS business_document_1 JOIN document_event ON business_document_1.organization_id = document_event.organization_id AND business_document_1.id = document_event.document_id 
WHERE business_document_1.id IN (%(primary_keys_1)s::UUID) ORDER BY document_event.created_at
[2026-08-22 23:01:31] [INFO   ] [sqlalchemy.engine.Engine:1848] [MainThread] - [cached since 0.2538s ago] {'primary_keys_1': UUID('38451305-7dc3-4174-a362-c4ac9f83f37f')}
[2026-08-22 23:01:31] [INFO   ] [sqlalchemy.engine.Engine:1848] [MainThread] - SELECT document_relation.child_document_id AS document_relation_child_document_id, document_relation.id AS document_relation_id, document_relation.organization_id AS document_relation_organization_id, document_relation.parent_document_id AS document_relation_parent_document_id, document_relation.relation_type AS document_relation_relation_type, document_relation.relation_metadata AS document_relation_relation_metadata, document_relation.created_by_id AS document_relation_created_by_id, document_relation.created_at AS document_relation_created_at 
FROM document_relation 
WHERE document_relation.child_document_id IN (%(primary_keys_1)s::UUID)
[2026-08-22 23:01:31] [INFO   ] [sqlalchemy.engine.Engine:1848] [MainThread] - [cached since 0.2531s ago] {'primary_keys_1': UUID('38451305-7dc3-4174-a362-c4ac9f83f37f')}
[2026-08-22 23:01:31] [INFO   ] [sqlalchemy.engine.Engine:1848] [MainThread] - SELECT document_event.id, document_event.organization_id, document_event.document_id, document_event.event_type, document_event.previous_status, document_event.new_status, document_event.event_metadata, document_event.idempotency_key, document_event.created_by_id, document_event.created_at 
FROM document_event 
WHERE document_event.organization_id = %(organization_id_1)s::UUID AND document_event.document_id IN (%(document_id_1_1)s::UUID) ORDER BY document_event.created_at
[2026-08-22 23:01:31] [INFO   ] [sqlalchemy.engine.Engine:1848] [MainThread] - [cached since 0.183s ago] {'organization_id_1': UUID('33b36aec-3b8e-4a00-aa2e-cffac6b90072'), 'document_id_1_1': UUID('38451305-7dc3-4174-a362-c4ac9f83f37f')}
[2026-08-22 23:01:31] [INFO   ] [sqlalchemy.engine.Engine:1848] [MainThread] - SELECT business_document.id, business_document.organization_id, business_document.document_type, business_document.native_id, business_document.document_number, business_document.current_status, business_document.issued_at, business_document.created_by_id, business_document.created_at, business_document.updated_at 
FROM business_document 
WHERE business_document.organization_id = %(organization_id_1)s::UUID AND business_document.document_type = %(document_type_1)s::VARCHAR AND business_document.native_id = %(native_id_1)s::UUID
[2026-08-22 23:01:31] [INFO   ] [sqlalchemy.engine.Engine:1848] [MainThread] - [cached since 0.5495s ago] {'organization_id_1': UUID('33b36aec-3b8e-4a00-aa2e-cffac6b90072'), 'document_type_1': 'SALES_ORDER', 'native_id_1': UUID('bc4aa1d9-194f-49a4-bb77-411029d61f4a')}
[2026-08-22 23:01:31] [INFO   ] [sqlalchemy.engine.Engine:1848] [MainThread] - SELECT document_relation.parent_document_id AS document_relation_parent_document_id, document_relation.id AS document_relation_id, document_relation.organization_id AS document_relation_organization_id, document_relation.child_document_id AS document_relation_child_document_id, document_relation.relation_type AS document_relation_relation_type, document_relation.relation_metadata AS document_relation_relation_metadata, document_relation.created_by_id AS document_relation_created_by_id, document_relation.created_at AS document_relation_created_at 
FROM document_relation 
WHERE document_relation.parent_document_id IN (%(primary_keys_1)s::UUID)
[2026-08-22 23:01:31] [INFO   ] [sqlalchemy.engine.Engine:1848] [MainThread] - [cached since 0.2656s ago] {'primary_keys_1': UUID('e3c4688c-eae8-4e65-9bfb-9150937b67eb')}
[2026-08-22 23:01:31] [INFO   ] [sqlalchemy.engine.Engine:1848] [MainThread] - SELECT business_document_1.id AS business_document_1_id, document_event.id AS document_event_id, document_event.organization_id AS document_event_organization_id, document_event.document_id AS document_event_document_id, document_event.event_type AS document_event_event_type, document_event.previous_status AS document_event_previous_status, document_event.new_status AS document_event_new_status, document_event.event_metadata AS document_event_event_metadata, document_event.idempotency_key AS document_event_idempotency_key, document_event.created_by_id AS document_event_created_by_id, document_event.created_at AS document_event_created_at 
FROM business_document AS business_document_1 JOIN document_event ON business_document_1.organization_id = document_event.organization_id AND business_document_1.id = document_event.document_id 
WHERE business_document_1.id IN (%(primary_keys_1)s::UUID) ORDER BY document_event.created_at
[2026-08-22 23:01:31] [INFO   ] [sqlalchemy.engine.Engine:1848] [MainThread] - [cached since 0.2591s ago] {'primary_keys_1': UUID('e3c4688c-eae8-4e65-9bfb-9150937b67eb')}
[2026-08-22 23:01:31] [INFO   ] [sqlalchemy.engine.Engine:1848] [MainThread] - SELECT document_relation.child_document_id AS document_relation_child_document_id, document_relation.id AS document_relation_id, document_relation.organization_id AS document_relation_organization_id, document_relation.parent_document_id AS document_relation_parent_document_id, document_relation.relation_type AS document_relation_relation_type, document_relation.relation_metadata AS document_relation_relation_metadata, document_relation.created_by_id AS document_relation_created_by_id, document_relation.created_at AS document_relation_created_at 
FROM document_relation 
WHERE document_relation.child_document_id IN (%(primary_keys_1)s::UUID)
[2026-08-22 23:01:31] [INFO   ] [sqlalchemy.engine.Engine:1848] [MainThread] - [cached since 0.2585s ago] {'primary_keys_1': UUID('e3c4688c-eae8-4e65-9bfb-9150937b67eb')}
[2026-08-22 23:01:31] [INFO   ] [sqlalchemy.engine.Engine:1848] [MainThread] - SELECT document_relation.id, document_relation.organization_id, document_relation.parent_document_id, document_relation.child_document_id, document_relation.relation_type, document_relation.relation_metadata, document_relation.created_by_id, document_relation.created_at 
FROM document_relation 
WHERE document_relation.organization_id = %(organization_id_1)s::UUID AND (document_relation.parent_document_id IN (%(parent_document_id_1_1)s::UUID) OR document_relation.child_document_id IN (%(child_document_id_1_1)s::UUID))
[2026-08-22 23:01:31] [INFO   ] [sqlalchemy.engine.Engine:1848] [MainThread] - [cached since 0.1955s ago] {'organization_id_1': UUID('33b36aec-3b8e-4a00-aa2e-cffac6b90072'), 'parent_document_id_1_1': UUID('e3c4688c-eae8-4e65-9bfb-9150937b67eb'), 'child_document_id_1_1': UUID('e3c4688c-eae8-4e65-9bfb-9150937b67eb')}
[2026-08-22 23:01:31] [INFO   ] [sqlalchemy.engine.Engine:1848] [MainThread] - SELECT business_document.id, business_document.organization_id, business_document.document_type, business_document.native_id, business_document.document_number, business_document.current_status, business_document.issued_at, business_document.created_by_id, business_document.created_at, business_document.updated_at 
FROM business_document 
WHERE business_document.organization_id = %(organization_id_1)s::UUID AND business_document.id IN (%(id_1_1)s::UUID)
[2026-08-22 23:01:31] [INFO   ] [sqlalchemy.engine.Engine:1848] [MainThread] - [cached since 0.194s ago] {'organization_id_1': UUID('33b36aec-3b8e-4a00-aa2e-cffac6b90072'), 'id_1_1': UUID('e3c4688c-eae8-4e65-9bfb-9150937b67eb')}
[2026-08-22 23:01:31] [INFO   ] [sqlalchemy.engine.Engine:1848] [MainThread] - SELECT document_relation.parent_document_id AS document_relation_parent_document_id, document_relation.id AS document_relation_id, document_relation.organization_id AS document_relation_organization_id, document_relation.child_document_id AS document_relation_child_document_id, document_relation.relation_type AS document_relation_relation_type, document_relation.relation_metadata AS document_relation_relation_metadata, document_relation.created_by_id AS document_relation_created_by_id, document_relation.created_at AS document_relation_created_at 
FROM document_relation 
WHERE document_relation.parent_document_id IN (%(primary_keys_1)s::UUID)
[2026-08-22 23:01:31] [INFO   ] [sqlalchemy.engine.Engine:1848] [MainThread] - [cached since 0.2706s ago] {'primary_keys_1': UUID('e3c4688c-eae8-4e65-9bfb-9150937b67eb')}
[2026-08-22 23:01:31] [INFO   ] [sqlalchemy.engine.Engine:1848] [MainThread] - SELECT business_document_1.id AS business_document_1_id, document_event.id AS document_event_id, document_event.organization_id AS document_event_organization_id, document_event.document_id AS document_event_document_id, document_event.event_type AS document_event_event_type, document_event.previous_status AS document_event_previous_status, document_event.new_status AS document_event_new_status, document_event.event_metadata AS document_event_event_metadata, document_event.idempotency_key AS document_event_idempotency_key, document_event.created_by_id AS document_event_created_by_id, document_event.created_at AS document_event_created_at 
FROM business_document AS business_document_1 JOIN document_event ON business_document_1.organization_id = document_event.organization_id AND business_document_1.id = document_event.document_id 
WHERE business_document_1.id IN (%(primary_keys_1)s::UUID) ORDER BY document_event.created_at
[2026-08-22 23:01:31] [INFO   ] [sqlalchemy.engine.Engine:1848] [MainThread] - [cached since 0.2643s ago] {'primary_keys_1': UUID('e3c4688c-eae8-4e65-9bfb-9150937b67eb')}
[2026-08-22 23:01:31] [INFO   ] [sqlalchemy.engine.Engine:1848] [MainThread] - SELECT document_relation.child_document_id AS document_relation_child_document_id, document_relation.id AS document_relation_id, document_relation.organization_id AS document_relation_organization_id, document_relation.parent_document_id AS document_relation_parent_document_id, document_relation.relation_type AS document_relation_relation_type, document_relation.relation_metadata AS document_relation_relation_metadata, document_relation.created_by_id AS document_relation_created_by_id, document_relation.created_at AS document_relation_created_at 
FROM document_relation 
WHERE document_relation.child_document_id IN (%(primary_keys_1)s::UUID)
[2026-08-22 23:01:31] [INFO   ] [sqlalchemy.engine.Engine:1848] [MainThread] - [cached since 0.2639s ago] {'primary_keys_1': UUID('e3c4688c-eae8-4e65-9bfb-9150937b67eb')}
[2026-08-22 23:01:31] [INFO   ] [sqlalchemy.engine.Engine:1848] [MainThread] - SELECT document_event.id, document_event.organization_id, document_event.document_id, document_event.event_type, document_event.previous_status, document_event.new_status, document_event.event_metadata, document_event.idempotency_key, document_event.created_by_id, document_event.created_at 
FROM document_event 
WHERE document_event.organization_id = %(organization_id_1)s::UUID AND document_event.document_id IN (%(document_id_1_1)s::UUID) ORDER BY document_event.created_at
[2026-08-22 23:01:31] [INFO   ] [sqlalchemy.engine.Engine:1848] [MainThread] - [cached since 0.194s ago] {'organization_id_1': UUID('33b36aec-3b8e-4a00-aa2e-cffac6b90072'), 'document_id_1_1': UUID('e3c4688c-eae8-4e65-9bfb-9150937b67eb')}
[2026-08-22 23:01:31] [INFO   ] [sqlalchemy.engine.Engine:2715] [MainThread] - ROLLBACK
[2026-08-22 23:01:31] [INFO   ] [sqlalchemy.engine.Engine:2712] [MainThread] - BEGIN (implicit)
[2026-08-22 23:01:31] [INFO   ] [sqlalchemy.engine.Engine:1848] [MainThread] - INSERT INTO organization (id, name, is_active, created_at, updated_at) VALUES (%(id)s::UUID, %(name)s::VARCHAR, %(is_active)s, %(created_at)s::TIMESTAMP WITH TIME ZONE, %(updated_at)s::TIMESTAMP WITH TIME ZONE)
[2026-08-22 23:01:31] [INFO   ] [sqlalchemy.engine.Engine:1848] [MainThread] - [cached since 0.7424s ago] {'id': UUID('a5f9aa77-b851-4efe-a3c8-e8c300a54d5e'), 'name': 'Matriz Teste af2c3c', 'is_active': True, 'created_at': datetime.datetime(2026, 8, 23, 2, 1, 31, 908574, tzinfo=datetime.timezone.utc), 'updated_at': datetime.datetime(2026, 8, 23, 2, 1, 31, 908575, tzinfo=datetime.timezone.utc)}
[2026-08-22 23:01:31] [INFO   ] [sqlalchemy.engine.Engine:2718] [MainThread] - COMMIT
[2026-08-22 23:01:31] [INFO   ] [sqlalchemy.engine.Engine:2712] [MainThread] - BEGIN (implicit)
[2026-08-22 23:01:31] [INFO   ] [sqlalchemy.engine.Engine:1848] [MainThread] - SELECT organization.id, organization.name, organization.is_active, organization.created_at, organization.updated_at 
FROM organization 
WHERE organization.id = %(pk_1)s::UUID
[2026-08-22 23:01:31] [INFO   ] [sqlalchemy.engine.Engine:1848] [MainThread] - [cached since 0.7361s ago] {'pk_1': UUID('a5f9aa77-b851-4efe-a3c8-e8c300a54d5e')}
[2026-08-22 23:01:31] [INFO   ] [sqlalchemy.engine.Engine:1848] [MainThread] - INSERT INTO "user" (id, organization_id, role_id, email, full_name, hashed_password, is_active, created_at, updated_at) VALUES (%(id)s::UUID, %(organization_id)s::UUID, %(role_id)s::UUID, %(email)s::VARCHAR, %(full_name)s::VARCHAR, %(hashed_password)s::VARCHAR, %(is_active)s, %(created_at)s::TIMESTAMP WITH TIME ZONE, %(updated_at)s::TIMESTAMP WITH TIME ZONE)
[2026-08-22 23:01:31] [INFO   ] [sqlalchemy.engine.Engine:1848] [MainThread] - [cached since 0.7333s ago] {'id': UUID('9f2890db-24db-4811-89e1-473c2dfb03ef'), 'organization_id': UUID('a5f9aa77-b851-4efe-a3c8-e8c300a54d5e'), 'role_id': None, 'email': 'vendedor_5519a6@empresa.com', 'full_name': 'Vendedor Teste', 'hashed_password': 'hash123', 'is_active': True, 'created_at': datetime.datetime(2026, 8, 23, 2, 1, 31, 913943, tzinfo=datetime.timezone.utc), 'updated_at': datetime.datetime(2026, 8, 23, 2, 1, 31, 913945, tzinfo=datetime.timezone.utc)}
[2026-08-22 23:01:31] [INFO   ] [sqlalchemy.engine.Engine:2718] [MainThread] - COMMIT
[2026-08-22 23:01:31] [INFO   ] [sqlalchemy.engine.Engine:2712] [MainThread] - BEGIN (implicit)
[2026-08-22 23:01:31] [INFO   ] [sqlalchemy.engine.Engine:1848] [MainThread] - SELECT "user".id, "user".organization_id, "user".role_id, "user".email, "user".full_name, "user".hashed_password, "user".is_active, "user".created_at, "user".updated_at 
FROM "user" 
WHERE "user".id = %(pk_1)s::UUID
[2026-08-22 23:01:31] [INFO   ] [sqlalchemy.engine.Engine:1848] [MainThread] - [cached since 0.7289s ago] {'pk_1': UUID('9f2890db-24db-4811-89e1-473c2dfb03ef')}
[2026-08-22 23:01:31] [INFO   ] [sqlalchemy.engine.Engine:1848] [MainThread] - INSERT INTO product_category (id, organization_id, name, code, description, is_active, created_at, updated_at) VALUES (%(id)s::UUID, %(organization_id)s::UUID, %(name)s::VARCHAR, %(code)s::VARCHAR, %(description)s::VARCHAR, %(is_active)s, %(created_at)s::TIMESTAMP WITH TIME ZONE, %(updated_at)s::TIMESTAMP WITH TIME ZONE)
[2026-08-22 23:01:31] [INFO   ] [sqlalchemy.engine.Engine:1848] [MainThread] - [cached since 0.5996s ago] {'id': UUID('1f7aa751-e1c5-4e95-adcd-7f37798644c9'), 'organization_id': UUID('a5f9aa77-b851-4efe-a3c8-e8c300a54d5e'), 'name': 'Cat_66c7', 'code': 'C078', 'description': None, 'is_active': True, 'created_at': datetime.datetime(2026, 8, 23, 2, 1, 31, 918234, tzinfo=datetime.timezone.utc), 'updated_at': datetime.datetime(2026, 8, 23, 2, 1, 31, 918236, tzinfo=datetime.timezone.utc)}
[2026-08-22 23:01:31] [INFO   ] [sqlalchemy.engine.Engine:2718] [MainThread] - COMMIT
[2026-08-22 23:01:31] [INFO   ] [sqlalchemy.engine.Engine:2712] [MainThread] - BEGIN (implicit)
[2026-08-22 23:01:31] [INFO   ] [sqlalchemy.engine.Engine:1848] [MainThread] - SELECT product_category.id, product_category.organization_id, product_category.name, product_category.code, product_category.description, product_category.is_active, product_category.created_at, product_category.updated_at 
FROM product_category 
WHERE product_category.id = %(pk_1)s::UUID
[2026-08-22 23:01:31] [INFO   ] [sqlalchemy.engine.Engine:1848] [MainThread] - [cached since 0.5944s ago] {'pk_1': UUID('1f7aa751-e1c5-4e95-adcd-7f37798644c9')}
[2026-08-22 23:01:31] [INFO   ] [sqlalchemy.engine.Engine:1848] [MainThread] - INSERT INTO product (id, organization_id, category_id, sku, name, description, unit_of_measure, reference_price, cost_price, sale_price, external_code, brand, barcode, ncm, is_perishable, requires_batch, shelf_life_days, current_stock, min_stock, max_stock, storage_location, is_active, created_at, updated_at) VALUES (%(id)s::UUID, %(organization_id)s::UUID, %(category_id)s::UUID, %(sku)s::VARCHAR, %(name)s::VARCHAR, %(description)s::VARCHAR, %(unit_of_measure)s::VARCHAR, %(reference_price)s, %(cost_price)s, %(sale_price)s, %(external_code)s::VARCHAR, %(brand)s::VARCHAR, %(barcode)s::VARCHAR, %(ncm)s::VARCHAR, %(is_perishable)s, %(requires_batch)s, %(shelf_life_days)s::INTEGER, %(current_stock)s, %(min_stock)s, %(max_stock)s, %(storage_location)s::VARCHAR, %(is_active)s, %(created_at)s::TIMESTAMP WITH TIME ZONE, %(updated_at)s::TIMESTAMP WITH TIME ZONE)
[2026-08-22 23:01:31] [INFO   ] [sqlalchemy.engine.Engine:1848] [MainThread] - [cached since 0.5933s ago] {'id': UUID('42205348-1bcf-4c82-adac-4453b25e021e'), 'organization_id': UUID('a5f9aa77-b851-4efe-a3c8-e8c300a54d5e'), 'category_id': UUID('1f7aa751-e1c5-4e95-adcd-7f37798644c9'), 'sku': 'SKU-1A3067', 'name': 'Dipirona 500mg', 'description': None, 'unit_of_measure': 'UN', 'reference_price': Decimal('12.50'), 'cost_price': Decimal('0.0000'), 'sale_price': Decimal('0.0000'), 'external_code': None, 'brand': None, 'barcode': None, 'ncm': None, 'is_perishable': False, 'requires_batch': False, 'shelf_life_days': None, 'current_stock': Decimal('100'), 'min_stock': Decimal('10'), 'max_stock': Decimal('200'), 'storage_location': None, 'is_active': True, 'created_at': datetime.datetime(2026, 8, 23, 2, 1, 31, 922332, tzinfo=datetime.timezone.utc), 'updated_at': datetime.datetime(2026, 8, 23, 2, 1, 31, 922333, tzinfo=datetime.timezone.utc)}
[2026-08-22 23:01:31] [INFO   ] [sqlalchemy.engine.Engine:2718] [MainThread] - COMMIT
[2026-08-22 23:01:31] [INFO   ] [sqlalchemy.engine.Engine:2712] [MainThread] - BEGIN (implicit)
[2026-08-22 23:01:31] [INFO   ] [sqlalchemy.engine.Engine:1848] [MainThread] - SELECT product.id, product.organization_id, product.category_id, product.sku, product.name, product.description, product.unit_of_measure, product.reference_price, product.cost_price, product.sale_price, product.external_code, product.brand, product.barcode, product.ncm, product.is_perishable, product.requires_batch, product.shelf_life_days, product.current_stock, product.min_stock, product.max_stock, product.storage_location, product.is_active, product.created_at, product.updated_at 
FROM product 
WHERE product.id = %(pk_1)s::UUID
[2026-08-22 23:01:31] [INFO   ] [sqlalchemy.engine.Engine:1848] [MainThread] - [cached since 0.586s ago] {'pk_1': UUID('42205348-1bcf-4c82-adac-4453b25e021e')}
[2026-08-22 23:01:31] [INFO   ] [sqlalchemy.engine.Engine:1848] [MainThread] - SELECT product.id, product.organization_id, product.category_id, product.sku, product.name, product.description, product.unit_of_measure, product.reference_price, product.cost_price, product.sale_price, product.external_code, product.brand, product.barcode, product.ncm, product.is_perishable, product.requires_batch, product.shelf_life_days, product.current_stock, product.min_stock, product.max_stock, product.storage_location, product.is_active, product.created_at, product.updated_at 
FROM product 
WHERE product.id = %(id_1)s::UUID AND product.organization_id = %(organization_id_1)s::UUID
[2026-08-22 23:01:31] [INFO   ] [sqlalchemy.engine.Engine:1848] [MainThread] - [cached since 0.5853s ago] {'id_1': UUID('42205348-1bcf-4c82-adac-4453b25e021e'), 'organization_id_1': UUID('a5f9aa77-b851-4efe-a3c8-e8c300a54d5e')}
[2026-08-22 23:01:31] [INFO   ] [sqlalchemy.engine.Engine:1848] [MainThread] - SELECT product_category.id AS product_category_id, product_category.organization_id AS product_category_organization_id, product_category.name AS product_category_name, product_category.code AS product_category_code, product_category.description AS product_category_description, product_category.is_active AS product_category_is_active, product_category.created_at AS product_category_created_at, product_category.updated_at AS product_category_updated_at 
FROM product_category 
WHERE product_category.id IN (%(primary_keys_1)s::UUID)
[2026-08-22 23:01:31] [INFO   ] [sqlalchemy.engine.Engine:1848] [MainThread] - [cached since 0.5845s ago] {'primary_keys_1': UUID('1f7aa751-e1c5-4e95-adcd-7f37798644c9')}
[2026-08-22 23:01:31] [INFO   ] [sqlalchemy.engine.Engine:1848] [MainThread] - SELECT business_document.id, business_document.organization_id, business_document.document_type, business_document.native_id, business_document.document_number, business_document.current_status, business_document.issued_at, business_document.created_by_id, business_document.created_at, business_document.updated_at 
FROM business_document 
WHERE business_document.organization_id = %(organization_id_1)s::UUID AND business_document.document_type = %(document_type_1)s::VARCHAR AND business_document.native_id = %(native_id_1)s::UUID
[2026-08-22 23:01:31] [INFO   ] [sqlalchemy.engine.Engine:1848] [MainThread] - [cached since 0.5839s ago] {'organization_id_1': UUID('a5f9aa77-b851-4efe-a3c8-e8c300a54d5e'), 'document_type_1': 'SALES_ORDER', 'native_id_1': UUID('9162a2df-3141-4b60-9eba-165246a8018f')}
[2026-08-22 23:01:31] [INFO   ] [sqlalchemy.engine.Engine:1848] [MainThread] - INSERT INTO business_document (id, organization_id, document_type, native_id, document_number, current_status, issued_at, created_by_id, created_at, updated_at) VALUES (%(id)s::UUID, %(organization_id)s::UUID, %(document_type)s::VARCHAR, %(native_id)s::UUID, %(document_number)s::VARCHAR, %(current_status)s::VARCHAR, %(issued_at)s::TIMESTAMP WITH TIME ZONE, %(created_by_id)s::UUID, %(created_at)s::TIMESTAMP WITH TIME ZONE, %(updated_at)s::TIMESTAMP WITH TIME ZONE)
[2026-08-22 23:01:31] [INFO   ] [sqlalchemy.engine.Engine:1848] [MainThread] - [cached since 0.5781s ago] {'id': UUID('0b6d0494-10af-45af-8c15-80d05aee3f59'), 'organization_id': UUID('a5f9aa77-b851-4efe-a3c8-e8c300a54d5e'), 'document_type': 'SALES_ORDER', 'native_id': UUID('9162a2df-3141-4b60-9eba-165246a8018f'), 'document_number': 'PED-20260822-F39E', 'current_status': 'CONFIRMED', 'issued_at': None, 'created_by_id': UUID('9f2890db-24db-4811-89e1-473c2dfb03ef'), 'created_at': datetime.datetime(2026, 8, 23, 2, 1, 31, 930419, tzinfo=datetime.timezone.utc), 'updated_at': datetime.datetime(2026, 8, 23, 2, 1, 31, 930420, tzinfo=datetime.timezone.utc)}
[2026-08-22 23:01:31] [INFO   ] [sqlalchemy.engine.Engine:1848] [MainThread] - INSERT INTO sales_order (id, organization_id, customer_id, sales_quote_id, opportunity_id, document_id, order_number, customer_name, customer_document, total_amount, discount_amount, net_amount, payment_terms, delivery_status, billing_status, status, notes, created_by_id, created_at, updated_at) VALUES (%(id)s::UUID, %(organization_id)s::UUID, %(customer_id)s::UUID, %(sales_quote_id)s::UUID, %(opportunity_id)s::UUID, %(document_id)s::UUID, %(order_number)s::VARCHAR, %(customer_name)s::VARCHAR, %(customer_document)s::VARCHAR, %(total_amount)s, %(discount_amount)s, %(net_amount)s, %(payment_terms)s::VARCHAR, %(delivery_status)s::VARCHAR, %(billing_status)s::VARCHAR, %(status)s::VARCHAR, %(notes)s::VARCHAR, %(created_by_id)s::UUID, %(created_at)s::TIMESTAMP WITH TIME ZONE, %(updated_at)s::TIMESTAMP WITH TIME ZONE)
[2026-08-22 23:01:31] [INFO   ] [sqlalchemy.engine.Engine:1848] [MainThread] - [cached since 0.5444s ago] {'id': UUID('9162a2df-3141-4b60-9eba-165246a8018f'), 'organization_id': UUID('a5f9aa77-b851-4efe-a3c8-e8c300a54d5e'), 'customer_id': None, 'sales_quote_id': None, 'opportunity_id': None, 'document_id': UUID('0b6d0494-10af-45af-8c15-80d05aee3f59'), 'order_number': 'PED-20260822-F39E', 'customer_name': 'Cliente Pedido Terminal', 'customer_document': None, 'total_amount': Decimal('10.00'), 'discount_amount': Decimal('0.00'), 'net_amount': Decimal('10.00'), 'payment_terms': 'À Vista', 'delivery_status': 'PENDING', 'billing_status': 'PENDING', 'status': 'CONFIRMED', 'notes': None, 'created_by_id': UUID('9f2890db-24db-4811-89e1-473c2dfb03ef'), 'created_at': datetime.datetime(2026, 8, 23, 2, 1, 31, 931525, tzinfo=datetime.timezone.utc), 'updated_at': datetime.datetime(2026, 8, 23, 2, 1, 31, 931527, tzinfo=datetime.timezone.utc)}
[2026-08-22 23:01:31] [INFO   ] [sqlalchemy.engine.Engine:1848] [MainThread] - INSERT INTO sales_order_item (id, sales_order_id, product_id, quantity, unit_price, discount_amount, total_price, notes) VALUES (%(id)s::UUID, %(sales_order_id)s::UUID, %(product_id)s::UUID, %(quantity)s, %(unit_price)s, %(discount_amount)s, %(total_price)s, %(notes)s::VARCHAR)
[2026-08-22 23:01:31] [INFO   ] [sqlalchemy.engine.Engine:1848] [MainThread] - [cached since 0.5358s ago] {'id': UUID('d33308f5-b411-4f4f-b585-33ab1118ab1a'), 'sales_order_id': UUID('9162a2df-3141-4b60-9eba-165246a8018f'), 'product_id': UUID('42205348-1bcf-4c82-adac-4453b25e021e'), 'quantity': Decimal('1'), 'unit_price': Decimal('10.00'), 'discount_amount': Decimal('0.00'), 'total_price': Decimal('10.00'), 'notes': None}
[2026-08-22 23:01:31] [INFO   ] [sqlalchemy.engine.Engine:1848] [MainThread] - SELECT sales_order.id, sales_order.organization_id, sales_order.customer_id, sales_order.sales_quote_id, sales_order.opportunity_id, sales_order.document_id, sales_order.order_number, sales_order.customer_name, sales_order.customer_document, sales_order.total_amount, sales_order.discount_amount, sales_order.net_amount, sales_order.payment_terms, sales_order.delivery_status, sales_order.billing_status, sales_order.status, sales_order.notes, sales_order.created_by_id, sales_order.created_at, sales_order.updated_at 
FROM sales_order 
WHERE sales_order.id = %(pk_1)s::UUID
[2026-08-22 23:01:31] [INFO   ] [sqlalchemy.engine.Engine:1848] [MainThread] - [cached since 0.5322s ago] {'pk_1': UUID('9162a2df-3141-4b60-9eba-165246a8018f')}
[2026-08-22 23:01:31] [INFO   ] [sqlalchemy.engine.Engine:1848] [MainThread] - SELECT sales_order_item.id AS sales_order_item_id, sales_order_item.sales_order_id AS sales_order_item_sales_order_id, sales_order_item.product_id AS sales_order_item_product_id, sales_order_item.quantity AS sales_order_item_quantity, sales_order_item.unit_price AS sales_order_item_unit_price, sales_order_item.discount_amount AS sales_order_item_discount_amount, sales_order_item.total_price AS sales_order_item_total_price, sales_order_item.notes AS sales_order_item_notes 
FROM sales_order_item 
WHERE %(param_1)s::UUID = sales_order_item.sales_order_id
[2026-08-22 23:01:31] [INFO   ] [sqlalchemy.engine.Engine:1848] [MainThread] - [cached since 0.5315s ago] {'param_1': UUID('9162a2df-3141-4b60-9eba-165246a8018f')}
[2026-08-22 23:01:31] [INFO   ] [sqlalchemy.engine.Engine:1848] [MainThread] - SELECT document_event.id, document_event.organization_id, document_event.document_id, document_event.event_type, document_event.previous_status, document_event.new_status, document_event.event_metadata, document_event.idempotency_key, document_event.created_by_id, document_event.created_at 
FROM document_event 
WHERE document_event.organization_id = %(organization_id_1)s::UUID AND document_event.idempotency_key = %(idempotency_key_1)s::VARCHAR
[2026-08-22 23:01:31] [INFO   ] [sqlalchemy.engine.Engine:1848] [MainThread] - [cached since 0.5647s ago] {'organization_id_1': UUID('a5f9aa77-b851-4efe-a3c8-e8c300a54d5e'), 'idempotency_key_1': 'sales-order:9162a2df-3141-4b60-9eba-165246a8018f:created'}
[2026-08-22 23:01:31] [INFO   ] [sqlalchemy.engine.Engine:1848] [MainThread] - UPDATE business_document SET issued_at=%(issued_at)s::TIMESTAMP WITH TIME ZONE, updated_at=%(updated_at)s::TIMESTAMP WITH TIME ZONE WHERE business_document.id = %(business_document_id)s::UUID
[2026-08-22 23:01:31] [INFO   ] [sqlalchemy.engine.Engine:1848] [MainThread] - [cached since 0.5608s ago] {'issued_at': datetime.datetime(2026, 8, 23, 2, 1, 31, 931525, tzinfo=datetime.timezone.utc), 'updated_at': datetime.datetime(2026, 8, 23, 2, 1, 31, 936193, tzinfo=datetime.timezone.utc), 'business_document_id': UUID('0b6d0494-10af-45af-8c15-80d05aee3f59')}
[2026-08-22 23:01:31] [INFO   ] [sqlalchemy.engine.Engine:1848] [MainThread] - INSERT INTO document_event (id, organization_id, document_id, event_type, previous_status, new_status, event_metadata, idempotency_key, created_by_id, created_at) VALUES (%(id)s::UUID, %(organization_id)s::UUID, %(document_id)s::UUID, %(event_type)s::VARCHAR, %(previous_status)s::VARCHAR, %(new_status)s::VARCHAR, %(event_metadata)s::JSON, %(idempotency_key)s::VARCHAR, %(created_by_id)s::UUID, %(created_at)s::TIMESTAMP WITH TIME ZONE)
[2026-08-22 23:01:31] [INFO   ] [sqlalchemy.engine.Engine:1848] [MainThread] - [cached since 0.5579s ago] {'id': UUID('7fd60764-b2ae-4508-8521-c6840a8f1580'), 'organization_id': UUID('a5f9aa77-b851-4efe-a3c8-e8c300a54d5e'), 'document_id': UUID('0b6d0494-10af-45af-8c15-80d05aee3f59'), 'event_type': 'CREATED', 'previous_status': None, 'new_status': 'CONFIRMED', 'event_metadata': Json({'origin': 'DIRECT'}), 'idempotency_key': 'sales-order:9162a2df-3141-4b60-9eba-165246a8018f:created', 'created_by_id': UUID('9f2890db-24db-4811-89e1-473c2dfb03ef'), 'created_at': datetime.datetime(2026, 8, 23, 2, 1, 31, 937001, tzinfo=datetime.timezone.utc)}
[2026-08-22 23:01:31] [INFO   ] [sqlalchemy.engine.Engine:1848] [MainThread] - UPDATE sales_order SET billing_status=%(billing_status)s::VARCHAR, updated_at=%(updated_at)s::TIMESTAMP WITH TIME ZONE WHERE sales_order.id = %(sales_order_id)s::UUID
[2026-08-22 23:01:31] [INFO   ] [sqlalchemy.engine.Engine:1848] [MainThread] - [generated in 0.00012s] {'billing_status': 'INVOICED', 'updated_at': datetime.datetime(2026, 8, 23, 2, 1, 31, 938446, tzinfo=datetime.timezone.utc), 'sales_order_id': UUID('9162a2df-3141-4b60-9eba-165246a8018f')}
[2026-08-22 23:01:31] [INFO   ] [sqlalchemy.engine.Engine:2718] [MainThread] - COMMIT
[2026-08-22 23:01:31] [INFO   ] [sqlalchemy.engine.Engine:2712] [MainThread] - BEGIN (implicit)
[2026-08-22 23:01:31] [INFO   ] [sqlalchemy.engine.Engine:1848] [MainThread] - SELECT sales_order.id, sales_order.organization_id, sales_order.customer_id, sales_order.sales_quote_id, sales_order.opportunity_id, sales_order.document_id, sales_order.order_number, sales_order.customer_name, sales_order.customer_document, sales_order.total_amount, sales_order.discount_amount, sales_order.net_amount, sales_order.payment_terms, sales_order.delivery_status, sales_order.billing_status, sales_order.status, sales_order.notes, sales_order.created_by_id, sales_order.created_at, sales_order.updated_at 
FROM sales_order 
WHERE sales_order.id = %(id_1)s::UUID AND sales_order.organization_id = %(organization_id_1)s::UUID FOR UPDATE
[2026-08-22 23:01:31] [INFO   ] [sqlalchemy.engine.Engine:1848] [MainThread] - [cached since 0.08238s ago] {'id_1': UUID('9162a2df-3141-4b60-9eba-165246a8018f'), 'organization_id_1': UUID('a5f9aa77-b851-4efe-a3c8-e8c300a54d5e')}
[2026-08-22 23:01:31] [INFO   ] [sqlalchemy.engine.Engine:1848] [MainThread] - SELECT sales_order_item.sales_order_id AS sales_order_item_sales_order_id, sales_order_item.id AS sales_order_item_id, sales_order_item.product_id AS sales_order_item_product_id, sales_order_item.quantity AS sales_order_item_quantity, sales_order_item.unit_price AS sales_order_item_unit_price, sales_order_item.discount_amount AS sales_order_item_discount_amount, sales_order_item.total_price AS sales_order_item_total_price, sales_order_item.notes AS sales_order_item_notes 
FROM sales_order_item 
WHERE sales_order_item.sales_order_id IN (%(primary_keys_1)s::UUID)
[2026-08-22 23:01:31] [INFO   ] [sqlalchemy.engine.Engine:1848] [MainThread] - [cached since 0.2628s ago] {'primary_keys_1': UUID('9162a2df-3141-4b60-9eba-165246a8018f')}
[2026-08-22 23:01:31] [INFO   ] [sqlalchemy.engine.Engine:2715] [MainThread] - ROLLBACK
[2026-08-22 23:01:31] [INFO   ] [sqlalchemy.engine.Engine:2712] [MainThread] - BEGIN (implicit)
[2026-08-22 23:01:31] [INFO   ] [sqlalchemy.engine.Engine:1848] [MainThread] - INSERT INTO organization (id, name, is_active, created_at, updated_at) VALUES (%(id)s::UUID, %(name)s::VARCHAR, %(is_active)s, %(created_at)s::TIMESTAMP WITH TIME ZONE, %(updated_at)s::TIMESTAMP WITH TIME ZONE)
[2026-08-22 23:01:31] [INFO   ] [sqlalchemy.engine.Engine:1848] [MainThread] - [cached since 0.7803s ago] {'id': UUID('c4bba6cc-9c00-4543-99b8-7837df63e891'), 'name': 'Matriz Teste b7307b', 'is_active': True, 'created_at': datetime.datetime(2026, 8, 23, 2, 1, 31, 946458, tzinfo=datetime.timezone.utc), 'updated_at': datetime.datetime(2026, 8, 23, 2, 1, 31, 946460, tzinfo=datetime.timezone.utc)}
[2026-08-22 23:01:31] [INFO   ] [sqlalchemy.engine.Engine:2718] [MainThread] - COMMIT
[2026-08-22 23:01:31] [INFO   ] [sqlalchemy.engine.Engine:2712] [MainThread] - BEGIN (implicit)
[2026-08-22 23:01:31] [INFO   ] [sqlalchemy.engine.Engine:1848] [MainThread] - SELECT organization.id, organization.name, organization.is_active, organization.created_at, organization.updated_at 
FROM organization 
WHERE organization.id = %(pk_1)s::UUID
[2026-08-22 23:01:31] [INFO   ] [sqlalchemy.engine.Engine:1848] [MainThread] - [cached since 0.7733s ago] {'pk_1': UUID('c4bba6cc-9c00-4543-99b8-7837df63e891')}
[2026-08-22 23:01:31] [INFO   ] [sqlalchemy.engine.Engine:1848] [MainThread] - INSERT INTO "user" (id, organization_id, role_id, email, full_name, hashed_password, is_active, created_at, updated_at) VALUES (%(id)s::UUID, %(organization_id)s::UUID, %(role_id)s::UUID, %(email)s::VARCHAR, %(full_name)s::VARCHAR, %(hashed_password)s::VARCHAR, %(is_active)s, %(created_at)s::TIMESTAMP WITH TIME ZONE, %(updated_at)s::TIMESTAMP WITH TIME ZONE)
[2026-08-22 23:01:31] [INFO   ] [sqlalchemy.engine.Engine:1848] [MainThread] - [cached since 0.7702s ago] {'id': UUID('9ac5ddfc-9f0b-4b0a-aa6d-d281f6bf8f6d'), 'organization_id': UUID('c4bba6cc-9c00-4543-99b8-7837df63e891'), 'role_id': None, 'email': 'vendedor_197118@empresa.com', 'full_name': 'Vendedor Teste', 'hashed_password': 'hash123', 'is_active': True, 'created_at': datetime.datetime(2026, 8, 23, 2, 1, 31, 950879, tzinfo=datetime.timezone.utc), 'updated_at': datetime.datetime(2026, 8, 23, 2, 1, 31, 950880, tzinfo=datetime.timezone.utc)}
[2026-08-22 23:01:31] [INFO   ] [sqlalchemy.engine.Engine:2718] [MainThread] - COMMIT
[2026-08-22 23:01:31] [INFO   ] [sqlalchemy.engine.Engine:2712] [MainThread] - BEGIN (implicit)
[2026-08-22 23:01:31] [INFO   ] [sqlalchemy.engine.Engine:1848] [MainThread] - SELECT "user".id, "user".organization_id, "user".role_id, "user".email, "user".full_name, "user".hashed_password, "user".is_active, "user".created_at, "user".updated_at 
FROM "user" 
WHERE "user".id = %(pk_1)s::UUID
[2026-08-22 23:01:31] [INFO   ] [sqlalchemy.engine.Engine:1848] [MainThread] - [cached since 0.7658s ago] {'pk_1': UUID('9ac5ddfc-9f0b-4b0a-aa6d-d281f6bf8f6d')}
[2026-08-22 23:01:31] [INFO   ] [sqlalchemy.engine.Engine:1848] [MainThread] - INSERT INTO product_category (id, organization_id, name, code, description, is_active, created_at, updated_at) VALUES (%(id)s::UUID, %(organization_id)s::UUID, %(name)s::VARCHAR, %(code)s::VARCHAR, %(description)s::VARCHAR, %(is_active)s, %(created_at)s::TIMESTAMP WITH TIME ZONE, %(updated_at)s::TIMESTAMP WITH TIME ZONE)
[2026-08-22 23:01:31] [INFO   ] [sqlalchemy.engine.Engine:1848] [MainThread] - [cached since 0.6364s ago] {'id': UUID('0d29f97a-6018-42c3-98ac-8731c57545ce'), 'organization_id': UUID('c4bba6cc-9c00-4543-99b8-7837df63e891'), 'name': 'Cat_6774', 'code': 'CE80', 'description': None, 'is_active': True, 'created_at': datetime.datetime(2026, 8, 23, 2, 1, 31, 955015, tzinfo=datetime.timezone.utc), 'updated_at': datetime.datetime(2026, 8, 23, 2, 1, 31, 955016, tzinfo=datetime.timezone.utc)}
[2026-08-22 23:01:31] [INFO   ] [sqlalchemy.engine.Engine:2718] [MainThread] - COMMIT
[2026-08-22 23:01:31] [INFO   ] [sqlalchemy.engine.Engine:2712] [MainThread] - BEGIN (implicit)
[2026-08-22 23:01:31] [INFO   ] [sqlalchemy.engine.Engine:1848] [MainThread] - SELECT product_category.id, product_category.organization_id, product_category.name, product_category.code, product_category.description, product_category.is_active, product_category.created_at, product_category.updated_at 
FROM product_category 
WHERE product_category.id = %(pk_1)s::UUID
[2026-08-22 23:01:31] [INFO   ] [sqlalchemy.engine.Engine:1848] [MainThread] - [cached since 0.6313s ago] {'pk_1': UUID('0d29f97a-6018-42c3-98ac-8731c57545ce')}
[2026-08-22 23:01:31] [INFO   ] [sqlalchemy.engine.Engine:1848] [MainThread] - INSERT INTO product (id, organization_id, category_id, sku, name, description, unit_of_measure, reference_price, cost_price, sale_price, external_code, brand, barcode, ncm, is_perishable, requires_batch, shelf_life_days, current_stock, min_stock, max_stock, storage_location, is_active, created_at, updated_at) VALUES (%(id)s::UUID, %(organization_id)s::UUID, %(category_id)s::UUID, %(sku)s::VARCHAR, %(name)s::VARCHAR, %(description)s::VARCHAR, %(unit_of_measure)s::VARCHAR, %(reference_price)s, %(cost_price)s, %(sale_price)s, %(external_code)s::VARCHAR, %(brand)s::VARCHAR, %(barcode)s::VARCHAR, %(ncm)s::VARCHAR, %(is_perishable)s, %(requires_batch)s, %(shelf_life_days)s::INTEGER, %(current_stock)s, %(min_stock)s, %(max_stock)s, %(storage_location)s::VARCHAR, %(is_active)s, %(created_at)s::TIMESTAMP WITH TIME ZONE, %(updated_at)s::TIMESTAMP WITH TIME ZONE)
[2026-08-22 23:01:31] [INFO   ] [sqlalchemy.engine.Engine:1848] [MainThread] - [cached since 0.6302s ago] {'id': UUID('2464d751-37c9-4e55-8ab7-9a767b96a34b'), 'organization_id': UUID('c4bba6cc-9c00-4543-99b8-7837df63e891'), 'category_id': UUID('0d29f97a-6018-42c3-98ac-8731c57545ce'), 'sku': 'SKU-30C95B', 'name': 'Dipirona 500mg', 'description': None, 'unit_of_measure': 'UN', 'reference_price': Decimal('12.50'), 'cost_price': Decimal('0.0000'), 'sale_price': Decimal('0.0000'), 'external_code': None, 'brand': None, 'barcode': None, 'ncm': None, 'is_perishable': False, 'requires_batch': False, 'shelf_life_days': None, 'current_stock': Decimal('100'), 'min_stock': Decimal('10'), 'max_stock': Decimal('200'), 'storage_location': None, 'is_active': True, 'created_at': datetime.datetime(2026, 8, 23, 2, 1, 31, 959203, tzinfo=datetime.timezone.utc), 'updated_at': datetime.datetime(2026, 8, 23, 2, 1, 31, 959204, tzinfo=datetime.timezone.utc)}
[2026-08-22 23:01:31] [INFO   ] [sqlalchemy.engine.Engine:2718] [MainThread] - COMMIT
[2026-08-22 23:01:31] [INFO   ] [sqlalchemy.engine.Engine:2712] [MainThread] - BEGIN (implicit)
[2026-08-22 23:01:31] [INFO   ] [sqlalchemy.engine.Engine:1848] [MainThread] - SELECT product.id, product.organization_id, product.category_id, product.sku, product.name, product.description, product.unit_of_measure, product.reference_price, product.cost_price, product.sale_price, product.external_code, product.brand, product.barcode, product.ncm, product.is_perishable, product.requires_batch, product.shelf_life_days, product.current_stock, product.min_stock, product.max_stock, product.storage_location, product.is_active, product.created_at, product.updated_at 
FROM product 
WHERE product.id = %(pk_1)s::UUID
[2026-08-22 23:01:31] [INFO   ] [sqlalchemy.engine.Engine:1848] [MainThread] - [cached since 0.6231s ago] {'pk_1': UUID('2464d751-37c9-4e55-8ab7-9a767b96a34b')}
[2026-08-22 23:01:31] [INFO   ] [sqlalchemy.engine.Engine:1848] [MainThread] - SELECT product.id, product.organization_id, product.category_id, product.sku, product.name, product.description, product.unit_of_measure, product.reference_price, product.cost_price, product.sale_price, product.external_code, product.brand, product.barcode, product.ncm, product.is_perishable, product.requires_batch, product.shelf_life_days, product.current_stock, product.min_stock, product.max_stock, product.storage_location, product.is_active, product.created_at, product.updated_at 
FROM product 
WHERE product.id = %(id_1)s::UUID AND product.organization_id = %(organization_id_1)s::UUID
[2026-08-22 23:01:31] [INFO   ] [sqlalchemy.engine.Engine:1848] [MainThread] - [cached since 0.6223s ago] {'id_1': UUID('2464d751-37c9-4e55-8ab7-9a767b96a34b'), 'organization_id_1': UUID('c4bba6cc-9c00-4543-99b8-7837df63e891')}
[2026-08-22 23:01:31] [INFO   ] [sqlalchemy.engine.Engine:1848] [MainThread] - SELECT product_category.id AS product_category_id, product_category.organization_id AS product_category_organization_id, product_category.name AS product_category_name, product_category.code AS product_category_code, product_category.description AS product_category_description, product_category.is_active AS product_category_is_active, product_category.created_at AS product_category_created_at, product_category.updated_at AS product_category_updated_at 
FROM product_category 
WHERE product_category.id IN (%(primary_keys_1)s::UUID)
[2026-08-22 23:01:31] [INFO   ] [sqlalchemy.engine.Engine:1848] [MainThread] - [cached since 0.6214s ago] {'primary_keys_1': UUID('0d29f97a-6018-42c3-98ac-8731c57545ce')}
[2026-08-22 23:01:31] [INFO   ] [sqlalchemy.engine.Engine:1848] [MainThread] - SELECT business_document.id, business_document.organization_id, business_document.document_type, business_document.native_id, business_document.document_number, business_document.current_status, business_document.issued_at, business_document.created_by_id, business_document.created_at, business_document.updated_at 
FROM business_document 
WHERE business_document.organization_id = %(organization_id_1)s::UUID AND business_document.document_type = %(document_type_1)s::VARCHAR AND business_document.native_id = %(native_id_1)s::UUID
[2026-08-22 23:01:31] [INFO   ] [sqlalchemy.engine.Engine:1848] [MainThread] - [cached since 0.6208s ago] {'organization_id_1': UUID('c4bba6cc-9c00-4543-99b8-7837df63e891'), 'document_type_1': 'SALES_ORDER', 'native_id_1': UUID('24b4bb26-484f-4e24-b7c6-d729e7925ec1')}
[2026-08-22 23:01:31] [INFO   ] [sqlalchemy.engine.Engine:1848] [MainThread] - INSERT INTO business_document (id, organization_id, document_type, native_id, document_number, current_status, issued_at, created_by_id, created_at, updated_at) VALUES (%(id)s::UUID, %(organization_id)s::UUID, %(document_type)s::VARCHAR, %(native_id)s::UUID, %(document_number)s::VARCHAR, %(current_status)s::VARCHAR, %(issued_at)s::TIMESTAMP WITH TIME ZONE, %(created_by_id)s::UUID, %(created_at)s::TIMESTAMP WITH TIME ZONE, %(updated_at)s::TIMESTAMP WITH TIME ZONE)
[2026-08-22 23:01:31] [INFO   ] [sqlalchemy.engine.Engine:1848] [MainThread] - [cached since 0.615s ago] {'id': UUID('cc240103-5bff-4cd8-a43b-31e95d4d67cf'), 'organization_id': UUID('c4bba6cc-9c00-4543-99b8-7837df63e891'), 'document_type': 'SALES_ORDER', 'native_id': UUID('24b4bb26-484f-4e24-b7c6-d729e7925ec1'), 'document_number': 'PED-20260822-B673', 'current_status': 'CONFIRMED', 'issued_at': None, 'created_by_id': UUID('9ac5ddfc-9f0b-4b0a-aa6d-d281f6bf8f6d'), 'created_at': datetime.datetime(2026, 8, 23, 2, 1, 31, 967344, tzinfo=datetime.timezone.utc), 'updated_at': datetime.datetime(2026, 8, 23, 2, 1, 31, 967345, tzinfo=datetime.timezone.utc)}
[2026-08-22 23:01:31] [INFO   ] [sqlalchemy.engine.Engine:1848] [MainThread] - INSERT INTO sales_order (id, organization_id, customer_id, sales_quote_id, opportunity_id, document_id, order_number, customer_name, customer_document, total_amount, discount_amount, net_amount, payment_terms, delivery_status, billing_status, status, notes, created_by_id, created_at, updated_at) VALUES (%(id)s::UUID, %(organization_id)s::UUID, %(customer_id)s::UUID, %(sales_quote_id)s::UUID, %(opportunity_id)s::UUID, %(document_id)s::UUID, %(order_number)s::VARCHAR, %(customer_name)s::VARCHAR, %(customer_document)s::VARCHAR, %(total_amount)s, %(discount_amount)s, %(net_amount)s, %(payment_terms)s::VARCHAR, %(delivery_status)s::VARCHAR, %(billing_status)s::VARCHAR, %(status)s::VARCHAR, %(notes)s::VARCHAR, %(created_by_id)s::UUID, %(created_at)s::TIMESTAMP WITH TIME ZONE, %(updated_at)s::TIMESTAMP WITH TIME ZONE)
[2026-08-22 23:01:31] [INFO   ] [sqlalchemy.engine.Engine:1848] [MainThread] - [cached since 0.5813s ago] {'id': UUID('24b4bb26-484f-4e24-b7c6-d729e7925ec1'), 'organization_id': UUID('c4bba6cc-9c00-4543-99b8-7837df63e891'), 'customer_id': None, 'sales_quote_id': None, 'opportunity_id': None, 'document_id': UUID('cc240103-5bff-4cd8-a43b-31e95d4d67cf'), 'order_number': 'PED-20260822-B673', 'customer_name': 'Cliente Pedido Terminal', 'customer_document': None, 'total_amount': Decimal('10.00'), 'discount_amount': Decimal('0.00'), 'net_amount': Decimal('10.00'), 'payment_terms': 'À Vista', 'delivery_status': 'PENDING', 'billing_status': 'PENDING', 'status': 'CONFIRMED', 'notes': None, 'created_by_id': UUID('9ac5ddfc-9f0b-4b0a-aa6d-d281f6bf8f6d'), 'created_at': datetime.datetime(2026, 8, 23, 2, 1, 31, 968467, tzinfo=datetime.timezone.utc), 'updated_at': datetime.datetime(2026, 8, 23, 2, 1, 31, 968469, tzinfo=datetime.timezone.utc)}
[2026-08-22 23:01:31] [INFO   ] [sqlalchemy.engine.Engine:1848] [MainThread] - INSERT INTO sales_order_item (id, sales_order_id, product_id, quantity, unit_price, discount_amount, total_price, notes) VALUES (%(id)s::UUID, %(sales_order_id)s::UUID, %(product_id)s::UUID, %(quantity)s, %(unit_price)s, %(discount_amount)s, %(total_price)s, %(notes)s::VARCHAR)
[2026-08-22 23:01:31] [INFO   ] [sqlalchemy.engine.Engine:1848] [MainThread] - [cached since 0.5726s ago] {'id': UUID('7ecb9e9f-f581-4f5c-a139-876d11087f84'), 'sales_order_id': UUID('24b4bb26-484f-4e24-b7c6-d729e7925ec1'), 'product_id': UUID('2464d751-37c9-4e55-8ab7-9a767b96a34b'), 'quantity': Decimal('1'), 'unit_price': Decimal('10.00'), 'discount_amount': Decimal('0.00'), 'total_price': Decimal('10.00'), 'notes': None}
[2026-08-22 23:01:31] [INFO   ] [sqlalchemy.engine.Engine:1848] [MainThread] - SELECT sales_order.id, sales_order.organization_id, sales_order.customer_id, sales_order.sales_quote_id, sales_order.opportunity_id, sales_order.document_id, sales_order.order_number, sales_order.customer_name, sales_order.customer_document, sales_order.total_amount, sales_order.discount_amount, sales_order.net_amount, sales_order.payment_terms, sales_order.delivery_status, sales_order.billing_status, sales_order.status, sales_order.notes, sales_order.created_by_id, sales_order.created_at, sales_order.updated_at 
FROM sales_order 
WHERE sales_order.id = %(pk_1)s::UUID
[2026-08-22 23:01:31] [INFO   ] [sqlalchemy.engine.Engine:1848] [MainThread] - [cached since 0.5691s ago] {'pk_1': UUID('24b4bb26-484f-4e24-b7c6-d729e7925ec1')}
[2026-08-22 23:01:31] [INFO   ] [sqlalchemy.engine.Engine:1848] [MainThread] - SELECT sales_order_item.id AS sales_order_item_id, sales_order_item.sales_order_id AS sales_order_item_sales_order_id, sales_order_item.product_id AS sales_order_item_product_id, sales_order_item.quantity AS sales_order_item_quantity, sales_order_item.unit_price AS sales_order_item_unit_price, sales_order_item.discount_amount AS sales_order_item_discount_amount, sales_order_item.total_price AS sales_order_item_total_price, sales_order_item.notes AS sales_order_item_notes 
FROM sales_order_item 
WHERE %(param_1)s::UUID = sales_order_item.sales_order_id
[2026-08-22 23:01:31] [INFO   ] [sqlalchemy.engine.Engine:1848] [MainThread] - [cached since 0.5684s ago] {'param_1': UUID('24b4bb26-484f-4e24-b7c6-d729e7925ec1')}
[2026-08-22 23:01:31] [INFO   ] [sqlalchemy.engine.Engine:1848] [MainThread] - SELECT document_event.id, document_event.organization_id, document_event.document_id, document_event.event_type, document_event.previous_status, document_event.new_status, document_event.event_metadata, document_event.idempotency_key, document_event.created_by_id, document_event.created_at 
FROM document_event 
WHERE document_event.organization_id = %(organization_id_1)s::UUID AND document_event.idempotency_key = %(idempotency_key_1)s::VARCHAR
[2026-08-22 23:01:31] [INFO   ] [sqlalchemy.engine.Engine:1848] [MainThread] - [cached since 0.6016s ago] {'organization_id_1': UUID('c4bba6cc-9c00-4543-99b8-7837df63e891'), 'idempotency_key_1': 'sales-order:24b4bb26-484f-4e24-b7c6-d729e7925ec1:created'}
[2026-08-22 23:01:31] [INFO   ] [sqlalchemy.engine.Engine:1848] [MainThread] - UPDATE business_document SET issued_at=%(issued_at)s::TIMESTAMP WITH TIME ZONE, updated_at=%(updated_at)s::TIMESTAMP WITH TIME ZONE WHERE business_document.id = %(business_document_id)s::UUID
[2026-08-22 23:01:31] [INFO   ] [sqlalchemy.engine.Engine:1848] [MainThread] - [cached since 0.5977s ago] {'issued_at': datetime.datetime(2026, 8, 23, 2, 1, 31, 968467, tzinfo=datetime.timezone.utc), 'updated_at': datetime.datetime(2026, 8, 23, 2, 1, 31, 973135, tzinfo=datetime.timezone.utc), 'business_document_id': UUID('cc240103-5bff-4cd8-a43b-31e95d4d67cf')}
[2026-08-22 23:01:31] [INFO   ] [sqlalchemy.engine.Engine:1848] [MainThread] - INSERT INTO document_event (id, organization_id, document_id, event_type, previous_status, new_status, event_metadata, idempotency_key, created_by_id, created_at) VALUES (%(id)s::UUID, %(organization_id)s::UUID, %(document_id)s::UUID, %(event_type)s::VARCHAR, %(previous_status)s::VARCHAR, %(new_status)s::VARCHAR, %(event_metadata)s::JSON, %(idempotency_key)s::VARCHAR, %(created_by_id)s::UUID, %(created_at)s::TIMESTAMP WITH TIME ZONE)
[2026-08-22 23:01:31] [INFO   ] [sqlalchemy.engine.Engine:1848] [MainThread] - [cached since 0.5949s ago] {'id': UUID('030b8973-e8d4-4f81-825f-ba7c433e433b'), 'organization_id': UUID('c4bba6cc-9c00-4543-99b8-7837df63e891'), 'document_id': UUID('cc240103-5bff-4cd8-a43b-31e95d4d67cf'), 'event_type': 'CREATED', 'previous_status': None, 'new_status': 'CONFIRMED', 'event_metadata': Json({'origin': 'DIRECT'}), 'idempotency_key': 'sales-order:24b4bb26-484f-4e24-b7c6-d729e7925ec1:created', 'created_by_id': UUID('9ac5ddfc-9f0b-4b0a-aa6d-d281f6bf8f6d'), 'created_at': datetime.datetime(2026, 8, 23, 2, 1, 31, 973991, tzinfo=datetime.timezone.utc)}
[2026-08-22 23:01:31] [INFO   ] [sqlalchemy.engine.Engine:1848] [MainThread] - UPDATE sales_order SET status=%(status)s::VARCHAR, updated_at=%(updated_at)s::TIMESTAMP WITH TIME ZONE WHERE sales_order.id = %(sales_order_id)s::UUID
[2026-08-22 23:01:31] [INFO   ] [sqlalchemy.engine.Engine:1848] [MainThread] - [cached since 0.1045s ago] {'status': 'COMPLETED', 'updated_at': datetime.datetime(2026, 8, 23, 2, 1, 31, 975170, tzinfo=datetime.timezone.utc), 'sales_order_id': UUID('24b4bb26-484f-4e24-b7c6-d729e7925ec1')}
[2026-08-22 23:01:31] [INFO   ] [sqlalchemy.engine.Engine:2718] [MainThread] - COMMIT
[2026-08-22 23:01:31] [INFO   ] [sqlalchemy.engine.Engine:2712] [MainThread] - BEGIN (implicit)
[2026-08-22 23:01:31] [INFO   ] [sqlalchemy.engine.Engine:1848] [MainThread] - SELECT sales_order.id, sales_order.organization_id, sales_order.customer_id, sales_order.sales_quote_id, sales_order.opportunity_id, sales_order.document_id, sales_order.order_number, sales_order.customer_name, sales_order.customer_document, sales_order.total_amount, sales_order.discount_amount, sales_order.net_amount, sales_order.payment_terms, sales_order.delivery_status, sales_order.billing_status, sales_order.status, sales_order.notes, sales_order.created_by_id, sales_order.created_at, sales_order.updated_at 
FROM sales_order 
WHERE sales_order.id = %(id_1)s::UUID AND sales_order.organization_id = %(organization_id_1)s::UUID FOR UPDATE
[2026-08-22 23:01:31] [INFO   ] [sqlalchemy.engine.Engine:1848] [MainThread] - [cached since 0.119s ago] {'id_1': UUID('24b4bb26-484f-4e24-b7c6-d729e7925ec1'), 'organization_id_1': UUID('c4bba6cc-9c00-4543-99b8-7837df63e891')}
[2026-08-22 23:01:31] [INFO   ] [sqlalchemy.engine.Engine:1848] [MainThread] - SELECT sales_order_item.sales_order_id AS sales_order_item_sales_order_id, sales_order_item.id AS sales_order_item_id, sales_order_item.product_id AS sales_order_item_product_id, sales_order_item.quantity AS sales_order_item_quantity, sales_order_item.unit_price AS sales_order_item_unit_price, sales_order_item.discount_amount AS sales_order_item_discount_amount, sales_order_item.total_price AS sales_order_item_total_price, sales_order_item.notes AS sales_order_item_notes 
FROM sales_order_item 
WHERE sales_order_item.sales_order_id IN (%(primary_keys_1)s::UUID)
[2026-08-22 23:01:31] [INFO   ] [sqlalchemy.engine.Engine:1848] [MainThread] - [cached since 0.2993s ago] {'primary_keys_1': UUID('24b4bb26-484f-4e24-b7c6-d729e7925ec1')}
[2026-08-22 23:01:31] [INFO   ] [sqlalchemy.engine.Engine:2715] [MainThread] - ROLLBACK
[2026-08-22 23:01:31] [INFO   ] [sqlalchemy.engine.Engine:2712] [MainThread] - BEGIN (implicit)
[2026-08-22 23:01:31] [INFO   ] [sqlalchemy.engine.Engine:1848] [MainThread] - INSERT INTO organization (id, name, is_active, created_at, updated_at) VALUES (%(id)s::UUID, %(name)s::VARCHAR, %(is_active)s, %(created_at)s::TIMESTAMP WITH TIME ZONE, %(updated_at)s::TIMESTAMP WITH TIME ZONE)
[2026-08-22 23:01:31] [INFO   ] [sqlalchemy.engine.Engine:1848] [MainThread] - [cached since 0.8169s ago] {'id': UUID('46bb4da9-4c68-494d-a0a2-7ad9b73eef0a'), 'name': 'Matriz Teste 8943d4', 'is_active': True, 'created_at': datetime.datetime(2026, 8, 23, 2, 1, 31, 983028, tzinfo=datetime.timezone.utc), 'updated_at': datetime.datetime(2026, 8, 23, 2, 1, 31, 983030, tzinfo=datetime.timezone.utc)}
[2026-08-22 23:01:31] [INFO   ] [sqlalchemy.engine.Engine:2718] [MainThread] - COMMIT
[2026-08-22 23:01:31] [INFO   ] [sqlalchemy.engine.Engine:2712] [MainThread] - BEGIN (implicit)
[2026-08-22 23:01:31] [INFO   ] [sqlalchemy.engine.Engine:1848] [MainThread] - SELECT organization.id, organization.name, organization.is_active, organization.created_at, organization.updated_at 
FROM organization 
WHERE organization.id = %(pk_1)s::UUID
[2026-08-22 23:01:31] [INFO   ] [sqlalchemy.engine.Engine:1848] [MainThread] - [cached since 0.81s ago] {'pk_1': UUID('46bb4da9-4c68-494d-a0a2-7ad9b73eef0a')}
[2026-08-22 23:01:31] [INFO   ] [sqlalchemy.engine.Engine:1848] [MainThread] - INSERT INTO "user" (id, organization_id, role_id, email, full_name, hashed_password, is_active, created_at, updated_at) VALUES (%(id)s::UUID, %(organization_id)s::UUID, %(role_id)s::UUID, %(email)s::VARCHAR, %(full_name)s::VARCHAR, %(hashed_password)s::VARCHAR, %(is_active)s, %(created_at)s::TIMESTAMP WITH TIME ZONE, %(updated_at)s::TIMESTAMP WITH TIME ZONE)
[2026-08-22 23:01:31] [INFO   ] [sqlalchemy.engine.Engine:1848] [MainThread] - [cached since 0.8069s ago] {'id': UUID('744a0692-f3a1-4df5-9eaa-2a6e9b900898'), 'organization_id': UUID('46bb4da9-4c68-494d-a0a2-7ad9b73eef0a'), 'role_id': None, 'email': 'vendedor_27bde6@empresa.com', 'full_name': 'Vendedor Teste', 'hashed_password': 'hash123', 'is_active': True, 'created_at': datetime.datetime(2026, 8, 23, 2, 1, 31, 987572, tzinfo=datetime.timezone.utc), 'updated_at': datetime.datetime(2026, 8, 23, 2, 1, 31, 987573, tzinfo=datetime.timezone.utc)}
[2026-08-22 23:01:31] [INFO   ] [sqlalchemy.engine.Engine:2718] [MainThread] - COMMIT
[2026-08-22 23:01:31] [INFO   ] [sqlalchemy.engine.Engine:2712] [MainThread] - BEGIN (implicit)
[2026-08-22 23:01:31] [INFO   ] [sqlalchemy.engine.Engine:1848] [MainThread] - SELECT "user".id, "user".organization_id, "user".role_id, "user".email, "user".full_name, "user".hashed_password, "user".is_active, "user".created_at, "user".updated_at 
FROM "user" 
WHERE "user".id = %(pk_1)s::UUID
[2026-08-22 23:01:31] [INFO   ] [sqlalchemy.engine.Engine:1848] [MainThread] - [cached since 0.8026s ago] {'pk_1': UUID('744a0692-f3a1-4df5-9eaa-2a6e9b900898')}
[2026-08-22 23:01:31] [INFO   ] [sqlalchemy.engine.Engine:1848] [MainThread] - INSERT INTO organization (id, name, is_active, created_at, updated_at) VALUES (%(id)s::UUID, %(name)s::VARCHAR, %(is_active)s, %(created_at)s::TIMESTAMP WITH TIME ZONE, %(updated_at)s::TIMESTAMP WITH TIME ZONE)
[2026-08-22 23:01:31] [INFO   ] [sqlalchemy.engine.Engine:1848] [MainThread] - [cached since 0.8259s ago] {'id': UUID('e117ba5e-767b-413d-bb83-cea014825346'), 'name': 'Tenant Externo 4d1f27', 'is_active': True, 'created_at': datetime.datetime(2026, 8, 23, 2, 1, 31, 992040, tzinfo=datetime.timezone.utc), 'updated_at': datetime.datetime(2026, 8, 23, 2, 1, 31, 992041, tzinfo=datetime.timezone.utc)}
[2026-08-22 23:01:31] [INFO   ] [sqlalchemy.engine.Engine:1848] [MainThread] - INSERT INTO product (id, organization_id, category_id, sku, name, description, unit_of_measure, reference_price, cost_price, sale_price, external_code, brand, barcode, ncm, is_perishable, requires_batch, shelf_life_days, current_stock, min_stock, max_stock, storage_location, is_active, created_at, updated_at) VALUES (%(id)s::UUID, %(organization_id)s::UUID, %(category_id)s::UUID, %(sku)s::VARCHAR, %(name)s::VARCHAR, %(description)s::VARCHAR, %(unit_of_measure)s::VARCHAR, %(reference_price)s, %(cost_price)s, %(sale_price)s, %(external_code)s::VARCHAR, %(brand)s::VARCHAR, %(barcode)s::VARCHAR, %(ncm)s::VARCHAR, %(is_perishable)s, %(requires_batch)s, %(shelf_life_days)s::INTEGER, %(current_stock)s, %(min_stock)s, %(max_stock)s, %(storage_location)s::VARCHAR, %(is_active)s, %(created_at)s::TIMESTAMP WITH TIME ZONE, %(updated_at)s::TIMESTAMP WITH TIME ZONE)
[2026-08-22 23:01:31] [INFO   ] [sqlalchemy.engine.Engine:1848] [MainThread] - [generated in 0.00017s] {'id': UUID('8f9a4bc5-d6ed-4246-8459-cf18584fa249'), 'organization_id': UUID('e117ba5e-767b-413d-bb83-cea014825346'), 'category_id': None, 'sku': 'EXT-57199e06', 'name': 'Produto de Outro Tenant', 'description': None, 'unit_of_measure': 'UN', 'reference_price': Decimal('99.00'), 'cost_price': Decimal('0.0000'), 'sale_price': Decimal('0.0000'), 'external_code': None, 'brand': None, 'barcode': None, 'ncm': None, 'is_perishable': False, 'requires_batch': False, 'shelf_life_days': None, 'current_stock': Decimal('0.0000'), 'min_stock': Decimal('0.00'), 'max_stock': None, 'storage_location': None, 'is_active': True, 'created_at': datetime.datetime(2026, 8, 23, 2, 1, 31, 993406, tzinfo=datetime.timezone.utc), 'updated_at': datetime.datetime(2026, 8, 23, 2, 1, 31, 993407, tzinfo=datetime.timezone.utc)}
[2026-08-22 23:01:31] [INFO   ] [sqlalchemy.engine.Engine:2718] [MainThread] - COMMIT
[2026-08-22 23:01:31] [INFO   ] [sqlalchemy.engine.Engine:2712] [MainThread] - BEGIN (implicit)
[2026-08-22 23:01:31] [INFO   ] [sqlalchemy.engine.Engine:1848] [MainThread] - SELECT product.id, product.organization_id, product.category_id, product.sku, product.name, product.description, product.unit_of_measure, product.reference_price, product.cost_price, product.sale_price, product.external_code, product.brand, product.barcode, product.ncm, product.is_perishable, product.requires_batch, product.shelf_life_days, product.current_stock, product.min_stock, product.max_stock, product.storage_location, product.is_active, product.created_at, product.updated_at 
FROM product 
WHERE product.id = %(id_1)s::UUID AND product.organization_id = %(organization_id_1)s::UUID
[2026-08-22 23:01:31] [INFO   ] [sqlalchemy.engine.Engine:1848] [MainThread] - [cached since 0.6551s ago] {'id_1': UUID('8f9a4bc5-d6ed-4246-8459-cf18584fa249'), 'organization_id_1': UUID('46bb4da9-4c68-494d-a0a2-7ad9b73eef0a')}
[2026-08-22 23:01:31] [INFO   ] [sqlalchemy.engine.Engine:1848] [MainThread] - SELECT sales_quote.id, sales_quote.organization_id, sales_quote.customer_id, sales_quote.opportunity_id, sales_quote.document_id, sales_quote.quote_number, sales_quote.customer_name, sales_quote.customer_document, sales_quote.customer_email, sales_quote.customer_phone, sales_quote.total_amount, sales_quote.discount_amount, sales_quote.net_amount, sales_quote.payment_terms, sales_quote.valid_until, sales_quote.status, sales_quote.notes, sales_quote.created_by_id, sales_quote.created_at, sales_quote.updated_at 
FROM sales_quote 
WHERE sales_quote.organization_id = %(organization_id_1)s::UUID ORDER BY sales_quote.created_at DESC
[2026-08-22 23:01:31] [INFO   ] [sqlalchemy.engine.Engine:1848] [MainThread] - [generated in 0.00013s] {'organization_id_1': UUID('46bb4da9-4c68-494d-a0a2-7ad9b73eef0a')}
[2026-08-22 23:01:32] [INFO   ] [sqlalchemy.engine.Engine:2715] [MainThread] - ROLLBACK
[2026-08-22 23:01:32] [INFO   ] [sqlalchemy.engine.Engine:2712] [MainThread] - BEGIN (implicit)
[2026-08-22 23:01:32] [INFO   ] [sqlalchemy.engine.Engine:1848] [MainThread] - INSERT INTO organization (id, name, is_active, created_at, updated_at) VALUES (%(id)s::UUID, %(name)s::VARCHAR, %(is_active)s, %(created_at)s::TIMESTAMP WITH TIME ZONE, %(updated_at)s::TIMESTAMP WITH TIME ZONE)
[2026-08-22 23:01:32] [INFO   ] [sqlalchemy.engine.Engine:1848] [MainThread] - [cached since 0.8358s ago] {'id': UUID('ab999a00-a21d-440e-a981-846dea245673'), 'name': 'Matriz Teste eb04a2', 'is_active': True, 'created_at': datetime.datetime(2026, 8, 23, 2, 1, 32, 1952, tzinfo=datetime.timezone.utc), 'updated_at': datetime.datetime(2026, 8, 23, 2, 1, 32, 1954, tzinfo=datetime.timezone.utc)}
[2026-08-22 23:01:32] [INFO   ] [sqlalchemy.engine.Engine:2718] [MainThread] - COMMIT
[2026-08-22 23:01:32] [INFO   ] [sqlalchemy.engine.Engine:2712] [MainThread] - BEGIN (implicit)
[2026-08-22 23:01:32] [INFO   ] [sqlalchemy.engine.Engine:1848] [MainThread] - SELECT organization.id, organization.name, organization.is_active, organization.created_at, organization.updated_at 
FROM organization 
WHERE organization.id = %(pk_1)s::UUID
[2026-08-22 23:01:32] [INFO   ] [sqlalchemy.engine.Engine:1848] [MainThread] - [cached since 0.8289s ago] {'pk_1': UUID('ab999a00-a21d-440e-a981-846dea245673')}
[2026-08-22 23:01:32] [INFO   ] [sqlalchemy.engine.Engine:1848] [MainThread] - INSERT INTO "user" (id, organization_id, role_id, email, full_name, hashed_password, is_active, created_at, updated_at) VALUES (%(id)s::UUID, %(organization_id)s::UUID, %(role_id)s::UUID, %(email)s::VARCHAR, %(full_name)s::VARCHAR, %(hashed_password)s::VARCHAR, %(is_active)s, %(created_at)s::TIMESTAMP WITH TIME ZONE, %(updated_at)s::TIMESTAMP WITH TIME ZONE)
[2026-08-22 23:01:32] [INFO   ] [sqlalchemy.engine.Engine:1848] [MainThread] - [cached since 0.8259s ago] {'id': UUID('80c37b99-4c67-4217-8f35-a3235562191a'), 'organization_id': UUID('ab999a00-a21d-440e-a981-846dea245673'), 'role_id': None, 'email': 'vendedor_e63f73@empresa.com', 'full_name': 'Vendedor Teste', 'hashed_password': 'hash123', 'is_active': True, 'created_at': datetime.datetime(2026, 8, 23, 2, 1, 32, 6570, tzinfo=datetime.timezone.utc), 'updated_at': datetime.datetime(2026, 8, 23, 2, 1, 32, 6571, tzinfo=datetime.timezone.utc)}
[2026-08-22 23:01:32] [INFO   ] [sqlalchemy.engine.Engine:2718] [MainThread] - COMMIT
[2026-08-22 23:01:32] [INFO   ] [sqlalchemy.engine.Engine:2712] [MainThread] - BEGIN (implicit)
[2026-08-22 23:01:32] [INFO   ] [sqlalchemy.engine.Engine:1848] [MainThread] - SELECT "user".id, "user".organization_id, "user".role_id, "user".email, "user".full_name, "user".hashed_password, "user".is_active, "user".created_at, "user".updated_at 
FROM "user" 
WHERE "user".id = %(pk_1)s::UUID
[2026-08-22 23:01:32] [INFO   ] [sqlalchemy.engine.Engine:1848] [MainThread] - [cached since 0.8217s ago] {'pk_1': UUID('80c37b99-4c67-4217-8f35-a3235562191a')}
[2026-08-22 23:01:32] [INFO   ] [sqlalchemy.engine.Engine:2715] [MainThread] - ROLLBACK
[2026-08-22 23:01:32] [INFO   ] [sqlalchemy.engine.Engine:2712] [MainThread] - BEGIN (implicit)
[2026-08-22 23:01:32] [INFO   ] [sqlalchemy.engine.Engine:1848] [MainThread] - INSERT INTO organization (id, name, is_active, created_at, updated_at) VALUES (%(id)s::UUID, %(name)s::VARCHAR, %(is_active)s, %(created_at)s::TIMESTAMP WITH TIME ZONE, %(updated_at)s::TIMESTAMP WITH TIME ZONE)
[2026-08-22 23:01:32] [INFO   ] [sqlalchemy.engine.Engine:1848] [MainThread] - [cached since 0.8469s ago] {'id': UUID('fb35f4e7-5b9d-455e-8c92-d6bfbc7b7489'), 'name': 'Matriz Teste 94f962', 'is_active': True, 'created_at': datetime.datetime(2026, 8, 23, 2, 1, 32, 13074, tzinfo=datetime.timezone.utc), 'updated_at': datetime.datetime(2026, 8, 23, 2, 1, 32, 13075, tzinfo=datetime.timezone.utc)}
[2026-08-22 23:01:32] [INFO   ] [sqlalchemy.engine.Engine:2718] [MainThread] - COMMIT
[2026-08-22 23:01:32] [INFO   ] [sqlalchemy.engine.Engine:2712] [MainThread] - BEGIN (implicit)
[2026-08-22 23:01:32] [INFO   ] [sqlalchemy.engine.Engine:1848] [MainThread] - SELECT organization.id, organization.name, organization.is_active, organization.created_at, organization.updated_at 
FROM organization 
WHERE organization.id = %(pk_1)s::UUID
[2026-08-22 23:01:32] [INFO   ] [sqlalchemy.engine.Engine:1848] [MainThread] - [cached since 0.8402s ago] {'pk_1': UUID('fb35f4e7-5b9d-455e-8c92-d6bfbc7b7489')}
[2026-08-22 23:01:32] [INFO   ] [sqlalchemy.engine.Engine:1848] [MainThread] - INSERT INTO "user" (id, organization_id, role_id, email, full_name, hashed_password, is_active, created_at, updated_at) VALUES (%(id)s::UUID, %(organization_id)s::UUID, %(role_id)s::UUID, %(email)s::VARCHAR, %(full_name)s::VARCHAR, %(hashed_password)s::VARCHAR, %(is_active)s, %(created_at)s::TIMESTAMP WITH TIME ZONE, %(updated_at)s::TIMESTAMP WITH TIME ZONE)
[2026-08-22 23:01:32] [INFO   ] [sqlalchemy.engine.Engine:1848] [MainThread] - [cached since 0.8372s ago] {'id': UUID('0bc7df0c-a1af-4af9-aef7-78f19fa9c332'), 'organization_id': UUID('fb35f4e7-5b9d-455e-8c92-d6bfbc7b7489'), 'role_id': None, 'email': 'vendedor_66616f@empresa.com', 'full_name': 'Vendedor Teste', 'hashed_password': 'hash123', 'is_active': True, 'created_at': datetime.datetime(2026, 8, 23, 2, 1, 32, 17856, tzinfo=datetime.timezone.utc), 'updated_at': datetime.datetime(2026, 8, 23, 2, 1, 32, 17858, tzinfo=datetime.timezone.utc)}
[2026-08-22 23:01:32] [INFO   ] [sqlalchemy.engine.Engine:2718] [MainThread] - COMMIT
[2026-08-22 23:01:32] [INFO   ] [sqlalchemy.engine.Engine:2712] [MainThread] - BEGIN (implicit)
[2026-08-22 23:01:32] [INFO   ] [sqlalchemy.engine.Engine:1848] [MainThread] - SELECT "user".id, "user".organization_id, "user".role_id, "user".email, "user".full_name, "user".hashed_password, "user".is_active, "user".created_at, "user".updated_at 
FROM "user" 
WHERE "user".id = %(pk_1)s::UUID
[2026-08-22 23:01:32] [INFO   ] [sqlalchemy.engine.Engine:1848] [MainThread] - [cached since 0.833s ago] {'pk_1': UUID('0bc7df0c-a1af-4af9-aef7-78f19fa9c332')}
[2026-08-22 23:01:32] [INFO   ] [sqlalchemy.engine.Engine:2715] [MainThread] - ROLLBACK
[2026-08-22 23:01:32] [INFO   ] [sqlalchemy.engine.Engine:2712] [MainThread] - BEGIN (implicit)
[2026-08-22 23:01:32] [INFO   ] [sqlalchemy.engine.Engine:1848] [MainThread] - INSERT INTO organization (id, name, is_active, created_at, updated_at) VALUES (%(id)s::UUID, %(name)s::VARCHAR, %(is_active)s, %(created_at)s::TIMESTAMP WITH TIME ZONE, %(updated_at)s::TIMESTAMP WITH TIME ZONE)
[2026-08-22 23:01:32] [INFO   ] [sqlalchemy.engine.Engine:1848] [MainThread] - [cached since 0.8581s ago] {'id': UUID('aa5b37b0-f193-42eb-88fd-a4f813ad3e8c'), 'name': 'Matriz Teste f7bef3', 'is_active': True, 'created_at': datetime.datetime(2026, 8, 23, 2, 1, 32, 24231, tzinfo=datetime.timezone.utc), 'updated_at': datetime.datetime(2026, 8, 23, 2, 1, 32, 24232, tzinfo=datetime.timezone.utc)}
[2026-08-22 23:01:32] [INFO   ] [sqlalchemy.engine.Engine:2718] [MainThread] - COMMIT
[2026-08-22 23:01:32] [INFO   ] [sqlalchemy.engine.Engine:2712] [MainThread] - BEGIN (implicit)
[2026-08-22 23:01:32] [INFO   ] [sqlalchemy.engine.Engine:1848] [MainThread] - SELECT organization.id, organization.name, organization.is_active, organization.created_at, organization.updated_at 
FROM organization 
WHERE organization.id = %(pk_1)s::UUID
[2026-08-22 23:01:32] [INFO   ] [sqlalchemy.engine.Engine:1848] [MainThread] - [cached since 0.8514s ago] {'pk_1': UUID('aa5b37b0-f193-42eb-88fd-a4f813ad3e8c')}
[2026-08-22 23:01:32] [INFO   ] [sqlalchemy.engine.Engine:1848] [MainThread] - INSERT INTO "user" (id, organization_id, role_id, email, full_name, hashed_password, is_active, created_at, updated_at) VALUES (%(id)s::UUID, %(organization_id)s::UUID, %(role_id)s::UUID, %(email)s::VARCHAR, %(full_name)s::VARCHAR, %(hashed_password)s::VARCHAR, %(is_active)s, %(created_at)s::TIMESTAMP WITH TIME ZONE, %(updated_at)s::TIMESTAMP WITH TIME ZONE)
[2026-08-22 23:01:32] [INFO   ] [sqlalchemy.engine.Engine:1848] [MainThread] - [cached since 0.8483s ago] {'id': UUID('e0bfe9f5-713f-4c94-a129-0b9da45f951a'), 'organization_id': UUID('aa5b37b0-f193-42eb-88fd-a4f813ad3e8c'), 'role_id': None, 'email': 'vendedor_cbf9ee@empresa.com', 'full_name': 'Vendedor Teste', 'hashed_password': 'hash123', 'is_active': True, 'created_at': datetime.datetime(2026, 8, 23, 2, 1, 32, 29023, tzinfo=datetime.timezone.utc), 'updated_at': datetime.datetime(2026, 8, 23, 2, 1, 32, 29024, tzinfo=datetime.timezone.utc)}
[2026-08-22 23:01:32] [INFO   ] [sqlalchemy.engine.Engine:2718] [MainThread] - COMMIT
[2026-08-22 23:01:32] [INFO   ] [sqlalchemy.engine.Engine:2712] [MainThread] - BEGIN (implicit)
[2026-08-22 23:01:32] [INFO   ] [sqlalchemy.engine.Engine:1848] [MainThread] - SELECT "user".id, "user".organization_id, "user".role_id, "user".email, "user".full_name, "user".hashed_password, "user".is_active, "user".created_at, "user".updated_at 
FROM "user" 
WHERE "user".id = %(pk_1)s::UUID
[2026-08-22 23:01:32] [INFO   ] [sqlalchemy.engine.Engine:1848] [MainThread] - [cached since 0.8443s ago] {'pk_1': UUID('e0bfe9f5-713f-4c94-a129-0b9da45f951a')}
[2026-08-22 23:01:32] [INFO   ] [sqlalchemy.engine.Engine:1848] [MainThread] - SELECT pos_session.id, pos_session.organization_id, pos_session.pos_terminal, pos_session.opened_by_id, pos_session.opening_cash, pos_session.closing_cash, pos_session.status, pos_session.opened_at, pos_session.closed_at 
FROM pos_session 
WHERE pos_session.organization_id = %(organization_id_1)s::UUID AND pos_session.status = %(status_1)s::VARCHAR ORDER BY pos_session.opened_at DESC
[2026-08-22 23:01:32] [INFO   ] [sqlalchemy.engine.Engine:1848] [MainThread] - [cached since 0.6047s ago] {'organization_id_1': UUID('aa5b37b0-f193-42eb-88fd-a4f813ad3e8c'), 'status_1': 'OPEN'}
[2026-08-22 23:01:32] [INFO   ] [sqlalchemy.engine.Engine:1848] [MainThread] - INSERT INTO pos_session (id, organization_id, pos_terminal, opened_by_id, opening_cash, closing_cash, status, opened_at, closed_at) VALUES (%(id)s::UUID, %(organization_id)s::UUID, %(pos_terminal)s::VARCHAR, %(opened_by_id)s::UUID, %(opening_cash)s, %(closing_cash)s, %(status)s::VARCHAR, %(opened_at)s::TIMESTAMP WITH TIME ZONE, %(closed_at)s::TIMESTAMP WITH TIME ZONE)
[2026-08-22 23:01:32] [INFO   ] [sqlalchemy.engine.Engine:1848] [MainThread] - [cached since 0.6014s ago] {'id': UUID('46767ba1-c750-4308-9c01-4b8808fd1a20'), 'organization_id': UUID('aa5b37b0-f193-42eb-88fd-a4f813ad3e8c'), 'pos_terminal': 'CAIXA-02', 'opened_by_id': UUID('e0bfe9f5-713f-4c94-a129-0b9da45f951a'), 'opening_cash': Decimal('200.00'), 'closing_cash': None, 'status': 'OPEN', 'opened_at': datetime.datetime(2026, 8, 23, 2, 1, 32, 34944, tzinfo=datetime.timezone.utc), 'closed_at': None}
[2026-08-22 23:01:32] [INFO   ] [sqlalchemy.engine.Engine:2718] [MainThread] - COMMIT
[2026-08-22 23:01:32] [INFO   ] [sqlalchemy.engine.Engine:2712] [MainThread] - BEGIN (implicit)
[2026-08-22 23:01:32] [INFO   ] [sqlalchemy.engine.Engine:1848] [MainThread] - SELECT pos_session.id, pos_session.organization_id, pos_session.pos_terminal, pos_session.opened_by_id, pos_session.opening_cash, pos_session.closing_cash, pos_session.status, pos_session.opened_at, pos_session.closed_at 
FROM pos_session 
WHERE pos_session.id = %(pk_1)s::UUID
[2026-08-22 23:01:32] [INFO   ] [sqlalchemy.engine.Engine:1848] [MainThread] - [cached since 0.6001s ago] {'pk_1': UUID('46767ba1-c750-4308-9c01-4b8808fd1a20')}
[2026-08-22 23:01:32] [INFO   ] [sqlalchemy.engine.Engine:1848] [MainThread] - SELECT pos_cash_movement.id AS pos_cash_movement_id, pos_cash_movement.organization_id AS pos_cash_movement_organization_id, pos_cash_movement.pos_session_id AS pos_cash_movement_pos_session_id, pos_cash_movement.movement_type AS pos_cash_movement_movement_type, pos_cash_movement.amount AS pos_cash_movement_amount, pos_cash_movement.reason AS pos_cash_movement_reason, pos_cash_movement.created_by_id AS pos_cash_movement_created_by_id, pos_cash_movement.created_at AS pos_cash_movement_created_at 
FROM pos_cash_movement 
WHERE %(param_1)s::UUID = pos_cash_movement.pos_session_id
[2026-08-22 23:01:32] [INFO   ] [sqlalchemy.engine.Engine:1848] [MainThread] - [cached since 0.5992s ago] {'param_1': UUID('46767ba1-c750-4308-9c01-4b8808fd1a20')}
[2026-08-22 23:01:32] [INFO   ] [sqlalchemy.engine.Engine:1848] [MainThread] - SELECT pos_sale.id AS pos_sale_id, pos_sale.organization_id AS pos_sale_organization_id, pos_sale.pos_session_id AS pos_sale_pos_session_id, pos_sale.customer_id AS pos_sale_customer_id, pos_sale.customer_name AS pos_sale_customer_name, pos_sale.customer_document AS pos_sale_customer_document, pos_sale.total_amount AS pos_sale_total_amount, pos_sale.discount_amount AS pos_sale_discount_amount, pos_sale.net_amount AS pos_sale_net_amount, pos_sale.payment_method AS pos_sale_payment_method, pos_sale.status AS pos_sale_status, pos_sale.created_by_id AS pos_sale_created_by_id, pos_sale.created_at AS pos_sale_created_at 
FROM pos_sale 
WHERE %(param_1)s::UUID = pos_sale.pos_session_id
[2026-08-22 23:01:32] [INFO   ] [sqlalchemy.engine.Engine:1848] [MainThread] - [cached since 0.5965s ago] {'param_1': UUID('46767ba1-c750-4308-9c01-4b8808fd1a20')}
[2026-08-22 23:01:32] [INFO   ] [sqlalchemy.engine.Engine:1848] [MainThread] - SELECT pos_session.id, pos_session.organization_id, pos_session.pos_terminal, pos_session.opened_by_id, pos_session.opening_cash, pos_session.closing_cash, pos_session.status, pos_session.opened_at, pos_session.closed_at 
FROM pos_session 
WHERE pos_session.id = %(id_1)s::UUID AND pos_session.organization_id = %(organization_id_1)s::UUID
[2026-08-22 23:01:32] [INFO   ] [sqlalchemy.engine.Engine:1848] [MainThread] - [cached since 0.5504s ago] {'id_1': UUID('46767ba1-c750-4308-9c01-4b8808fd1a20'), 'organization_id_1': UUID('aa5b37b0-f193-42eb-88fd-a4f813ad3e8c')}
[2026-08-22 23:01:32] [INFO   ] [sqlalchemy.engine.Engine:1848] [MainThread] - SELECT pos_cash_movement.pos_session_id AS pos_cash_movement_pos_session_id, pos_cash_movement.id AS pos_cash_movement_id, pos_cash_movement.organization_id AS pos_cash_movement_organization_id, pos_cash_movement.movement_type AS pos_cash_movement_movement_type, pos_cash_movement.amount AS pos_cash_movement_amount, pos_cash_movement.reason AS pos_cash_movement_reason, pos_cash_movement.created_by_id AS pos_cash_movement_created_by_id, pos_cash_movement.created_at AS pos_cash_movement_created_at 
FROM pos_cash_movement 
WHERE pos_cash_movement.pos_session_id IN (%(primary_keys_1)s::UUID)
[2026-08-22 23:01:32] [INFO   ] [sqlalchemy.engine.Engine:1848] [MainThread] - [cached since 0.5942s ago] {'primary_keys_1': UUID('46767ba1-c750-4308-9c01-4b8808fd1a20')}
[2026-08-22 23:01:32] [INFO   ] [sqlalchemy.engine.Engine:1848] [MainThread] - SELECT pos_sale.pos_session_id AS pos_sale_pos_session_id, pos_sale.id AS pos_sale_id, pos_sale.organization_id AS pos_sale_organization_id, pos_sale.customer_id AS pos_sale_customer_id, pos_sale.customer_name AS pos_sale_customer_name, pos_sale.customer_document AS pos_sale_customer_document, pos_sale.total_amount AS pos_sale_total_amount, pos_sale.discount_amount AS pos_sale_discount_amount, pos_sale.net_amount AS pos_sale_net_amount, pos_sale.payment_method AS pos_sale_payment_method, pos_sale.status AS pos_sale_status, pos_sale.created_by_id AS pos_sale_created_by_id, pos_sale.created_at AS pos_sale_created_at 
FROM pos_sale 
WHERE pos_sale.pos_session_id IN (%(primary_keys_1)s::UUID)
[2026-08-22 23:01:32] [INFO   ] [sqlalchemy.engine.Engine:1848] [MainThread] - [cached since 0.5939s ago] {'primary_keys_1': UUID('46767ba1-c750-4308-9c01-4b8808fd1a20')}
[2026-08-22 23:01:32] [INFO   ] [sqlalchemy.engine.Engine:1848] [MainThread] - INSERT INTO pos_cash_movement (id, organization_id, pos_session_id, movement_type, amount, reason, created_by_id, created_at) VALUES (%(id)s::UUID, %(organization_id)s::UUID, %(pos_session_id)s::UUID, %(movement_type)s::VARCHAR, %(amount)s, %(reason)s::VARCHAR, %(created_by_id)s::UUID, %(created_at)s::TIMESTAMP WITH TIME ZONE)
[2026-08-22 23:01:32] [INFO   ] [sqlalchemy.engine.Engine:1848] [MainThread] - [generated in 0.00015s] {'id': UUID('fcda32c2-667a-4e77-a5a6-7d968bc24676'), 'organization_id': UUID('aa5b37b0-f193-42eb-88fd-a4f813ad3e8c'), 'pos_session_id': UUID('46767ba1-c750-4308-9c01-4b8808fd1a20'), 'movement_type': 'SUPRIMENTO', 'amount': Decimal('100.00'), 'reason': 'Reforço de moedas e notas de troco', 'created_by_id': UUID('e0bfe9f5-713f-4c94-a129-0b9da45f951a'), 'created_at': datetime.datetime(2026, 8, 23, 2, 1, 32, 44447, tzinfo=datetime.timezone.utc)}
[2026-08-22 23:01:32] [INFO   ] [sqlalchemy.engine.Engine:2718] [MainThread] - COMMIT
[2026-08-22 23:01:32] [INFO   ] [sqlalchemy.engine.Engine:2712] [MainThread] - BEGIN (implicit)
[2026-08-22 23:01:32] [INFO   ] [sqlalchemy.engine.Engine:1848] [MainThread] - SELECT pos_cash_movement.id, pos_cash_movement.organization_id, pos_cash_movement.pos_session_id, pos_cash_movement.movement_type, pos_cash_movement.amount, pos_cash_movement.reason, pos_cash_movement.created_by_id, pos_cash_movement.created_at 
FROM pos_cash_movement 
WHERE pos_cash_movement.id = %(pk_1)s::UUID
[2026-08-22 23:01:32] [INFO   ] [sqlalchemy.engine.Engine:1848] [MainThread] - [generated in 0.00012s] {'pk_1': UUID('fcda32c2-667a-4e77-a5a6-7d968bc24676')}
[2026-08-22 23:01:32] [INFO   ] [controlb:952] [MainThread] - 💵 [PDV CAIXA] SUPRIMENTO de R$ 100.00 registrada no caixa CAIXA-02 por vendedor_cbf9ee@empresa.com: Reforço de moedas e notas de troco
[2026-08-22 23:01:32] [INFO   ] [sqlalchemy.engine.Engine:1848] [MainThread] - SELECT pos_session.id, pos_session.organization_id, pos_session.pos_terminal, pos_session.opened_by_id, pos_session.opening_cash, pos_session.closing_cash, pos_session.status, pos_session.opened_at, pos_session.closed_at 
FROM pos_session 
WHERE pos_session.id = %(id_1)s::UUID AND pos_session.organization_id = %(organization_id_1)s::UUID
[2026-08-22 23:01:32] [INFO   ] [sqlalchemy.engine.Engine:1848] [MainThread] - [cached since 0.5599s ago] {'id_1': UUID('46767ba1-c750-4308-9c01-4b8808fd1a20'), 'organization_id_1': UUID('aa5b37b0-f193-42eb-88fd-a4f813ad3e8c')}
[2026-08-22 23:01:32] [INFO   ] [sqlalchemy.engine.Engine:1848] [MainThread] - SELECT pos_cash_movement.pos_session_id AS pos_cash_movement_pos_session_id, pos_cash_movement.id AS pos_cash_movement_id, pos_cash_movement.organization_id AS pos_cash_movement_organization_id, pos_cash_movement.movement_type AS pos_cash_movement_movement_type, pos_cash_movement.amount AS pos_cash_movement_amount, pos_cash_movement.reason AS pos_cash_movement_reason, pos_cash_movement.created_by_id AS pos_cash_movement_created_by_id, pos_cash_movement.created_at AS pos_cash_movement_created_at 
FROM pos_cash_movement 
WHERE pos_cash_movement.pos_session_id IN (%(primary_keys_1)s::UUID)
[2026-08-22 23:01:32] [INFO   ] [sqlalchemy.engine.Engine:1848] [MainThread] - [cached since 0.6039s ago] {'primary_keys_1': UUID('46767ba1-c750-4308-9c01-4b8808fd1a20')}
[2026-08-22 23:01:32] [INFO   ] [sqlalchemy.engine.Engine:1848] [MainThread] - SELECT pos_sale.pos_session_id AS pos_sale_pos_session_id, pos_sale.id AS pos_sale_id, pos_sale.organization_id AS pos_sale_organization_id, pos_sale.customer_id AS pos_sale_customer_id, pos_sale.customer_name AS pos_sale_customer_name, pos_sale.customer_document AS pos_sale_customer_document, pos_sale.total_amount AS pos_sale_total_amount, pos_sale.discount_amount AS pos_sale_discount_amount, pos_sale.net_amount AS pos_sale_net_amount, pos_sale.payment_method AS pos_sale_payment_method, pos_sale.status AS pos_sale_status, pos_sale.created_by_id AS pos_sale_created_by_id, pos_sale.created_at AS pos_sale_created_at 
FROM pos_sale 
WHERE pos_sale.pos_session_id IN (%(primary_keys_1)s::UUID)
[2026-08-22 23:01:32] [INFO   ] [sqlalchemy.engine.Engine:1848] [MainThread] - [cached since 0.6036s ago] {'primary_keys_1': UUID('46767ba1-c750-4308-9c01-4b8808fd1a20')}
[2026-08-22 23:01:32] [INFO   ] [sqlalchemy.engine.Engine:1848] [MainThread] - INSERT INTO pos_cash_movement (id, organization_id, pos_session_id, movement_type, amount, reason, created_by_id, created_at) VALUES (%(id)s::UUID, %(organization_id)s::UUID, %(pos_session_id)s::UUID, %(movement_type)s::VARCHAR, %(amount)s, %(reason)s::VARCHAR, %(created_by_id)s::UUID, %(created_at)s::TIMESTAMP WITH TIME ZONE)
[2026-08-22 23:01:32] [INFO   ] [sqlalchemy.engine.Engine:1848] [MainThread] - [cached since 0.00945s ago] {'id': UUID('70188ecc-c32d-44f5-afea-12b7d7ccda86'), 'organization_id': UUID('aa5b37b0-f193-42eb-88fd-a4f813ad3e8c'), 'pos_session_id': UUID('46767ba1-c750-4308-9c01-4b8808fd1a20'), 'movement_type': 'SANGRIA', 'amount': Decimal('150.00'), 'reason': 'Retirada para cofre central', 'created_by_id': UUID('e0bfe9f5-713f-4c94-a129-0b9da45f951a'), 'created_at': datetime.datetime(2026, 8, 23, 2, 1, 32, 53764, tzinfo=datetime.timezone.utc)}
[2026-08-22 23:01:32] [INFO   ] [sqlalchemy.engine.Engine:2718] [MainThread] - COMMIT
[2026-08-22 23:01:32] [INFO   ] [sqlalchemy.engine.Engine:2712] [MainThread] - BEGIN (implicit)
[2026-08-22 23:01:32] [INFO   ] [sqlalchemy.engine.Engine:1848] [MainThread] - SELECT pos_cash_movement.id, pos_cash_movement.organization_id, pos_cash_movement.pos_session_id, pos_cash_movement.movement_type, pos_cash_movement.amount, pos_cash_movement.reason, pos_cash_movement.created_by_id, pos_cash_movement.created_at 
FROM pos_cash_movement 
WHERE pos_cash_movement.id = %(pk_1)s::UUID
[2026-08-22 23:01:32] [INFO   ] [sqlalchemy.engine.Engine:1848] [MainThread] - [cached since 0.01021s ago] {'pk_1': UUID('70188ecc-c32d-44f5-afea-12b7d7ccda86')}
[2026-08-22 23:01:32] [INFO   ] [controlb:952] [MainThread] - 💵 [PDV CAIXA] SANGRIA de R$ 150.00 registrada no caixa CAIXA-02 por vendedor_cbf9ee@empresa.com: Retirada para cofre central
[2026-08-22 23:01:32] [INFO   ] [sqlalchemy.engine.Engine:1848] [MainThread] - SELECT pos_cash_movement.id, pos_cash_movement.organization_id, pos_cash_movement.pos_session_id, pos_cash_movement.movement_type, pos_cash_movement.amount, pos_cash_movement.reason, pos_cash_movement.created_by_id, pos_cash_movement.created_at 
FROM pos_cash_movement 
WHERE pos_cash_movement.organization_id = %(organization_id_1)s::UUID AND pos_cash_movement.pos_session_id = %(pos_session_id_1)s::UUID ORDER BY pos_cash_movement.created_at DESC
[2026-08-22 23:01:32] [INFO   ] [sqlalchemy.engine.Engine:1848] [MainThread] - [generated in 0.00013s] {'organization_id_1': UUID('aa5b37b0-f193-42eb-88fd-a4f813ad3e8c'), 'pos_session_id_1': UUID('46767ba1-c750-4308-9c01-4b8808fd1a20')}
[2026-08-22 23:01:32] [INFO   ] [sqlalchemy.engine.Engine:2715] [MainThread] - ROLLBACK
[2026-08-22 23:01:32] [INFO   ] [sqlalchemy.engine.Engine:2712] [MainThread] - BEGIN (implicit)
[2026-08-22 23:01:32] [INFO   ] [sqlalchemy.engine.Engine:1848] [MainThread] - INSERT INTO organization (id, name, is_active, created_at, updated_at) VALUES (%(id)s::UUID, %(name)s::VARCHAR, %(is_active)s, %(created_at)s::TIMESTAMP WITH TIME ZONE, %(updated_at)s::TIMESTAMP WITH TIME ZONE)
[2026-08-22 23:01:32] [INFO   ] [sqlalchemy.engine.Engine:1848] [MainThread] - [cached since 0.898s ago] {'id': UUID('df26536e-d6e5-4278-bd03-98166d8bfae6'), 'name': 'Matriz Teste a2c9bf', 'is_active': True, 'created_at': datetime.datetime(2026, 8, 23, 2, 1, 32, 64135, tzinfo=datetime.timezone.utc), 'updated_at': datetime.datetime(2026, 8, 23, 2, 1, 32, 64137, tzinfo=datetime.timezone.utc)}
[2026-08-22 23:01:32] [INFO   ] [sqlalchemy.engine.Engine:2718] [MainThread] - COMMIT
[2026-08-22 23:01:32] [INFO   ] [sqlalchemy.engine.Engine:2712] [MainThread] - BEGIN (implicit)
[2026-08-22 23:01:32] [INFO   ] [sqlalchemy.engine.Engine:1848] [MainThread] - SELECT organization.id, organization.name, organization.is_active, organization.created_at, organization.updated_at 
FROM organization 
WHERE organization.id = %(pk_1)s::UUID
[2026-08-22 23:01:32] [INFO   ] [sqlalchemy.engine.Engine:1848] [MainThread] - [cached since 0.8908s ago] {'pk_1': UUID('df26536e-d6e5-4278-bd03-98166d8bfae6')}
[2026-08-22 23:01:32] [INFO   ] [sqlalchemy.engine.Engine:1848] [MainThread] - INSERT INTO "user" (id, organization_id, role_id, email, full_name, hashed_password, is_active, created_at, updated_at) VALUES (%(id)s::UUID, %(organization_id)s::UUID, %(role_id)s::UUID, %(email)s::VARCHAR, %(full_name)s::VARCHAR, %(hashed_password)s::VARCHAR, %(is_active)s, %(created_at)s::TIMESTAMP WITH TIME ZONE, %(updated_at)s::TIMESTAMP WITH TIME ZONE)
[2026-08-22 23:01:32] [INFO   ] [sqlalchemy.engine.Engine:1848] [MainThread] - [cached since 0.8877s ago] {'id': UUID('dd87c179-49d5-40ef-a932-1a78eeeae54f'), 'organization_id': UUID('df26536e-d6e5-4278-bd03-98166d8bfae6'), 'role_id': None, 'email': 'vendedor_2ae9e7@empresa.com', 'full_name': 'Vendedor Teste', 'hashed_password': 'hash123', 'is_active': True, 'created_at': datetime.datetime(2026, 8, 23, 2, 1, 32, 68393, tzinfo=datetime.timezone.utc), 'updated_at': datetime.datetime(2026, 8, 23, 2, 1, 32, 68394, tzinfo=datetime.timezone.utc)}
[2026-08-22 23:01:32] [INFO   ] [sqlalchemy.engine.Engine:2718] [MainThread] - COMMIT
[2026-08-22 23:01:32] [INFO   ] [sqlalchemy.engine.Engine:2712] [MainThread] - BEGIN (implicit)
[2026-08-22 23:01:32] [INFO   ] [sqlalchemy.engine.Engine:1848] [MainThread] - SELECT "user".id, "user".organization_id, "user".role_id, "user".email, "user".full_name, "user".hashed_password, "user".is_active, "user".created_at, "user".updated_at 
FROM "user" 
WHERE "user".id = %(pk_1)s::UUID
[2026-08-22 23:01:32] [INFO   ] [sqlalchemy.engine.Engine:1848] [MainThread] - [cached since 0.8832s ago] {'pk_1': UUID('dd87c179-49d5-40ef-a932-1a78eeeae54f')}
[2026-08-22 23:01:32] [INFO   ] [sqlalchemy.engine.Engine:1848] [MainThread] - INSERT INTO product_category (id, organization_id, name, code, description, is_active, created_at, updated_at) VALUES (%(id)s::UUID, %(organization_id)s::UUID, %(name)s::VARCHAR, %(code)s::VARCHAR, %(description)s::VARCHAR, %(is_active)s, %(created_at)s::TIMESTAMP WITH TIME ZONE, %(updated_at)s::TIMESTAMP WITH TIME ZONE)
[2026-08-22 23:01:32] [INFO   ] [sqlalchemy.engine.Engine:1848] [MainThread] - [cached since 0.7538s ago] {'id': UUID('79c92d68-afcd-4cd6-b876-26bcfc823f07'), 'organization_id': UUID('df26536e-d6e5-4278-bd03-98166d8bfae6'), 'name': 'Cat_4c0e', 'code': 'C6C5', 'description': None, 'is_active': True, 'created_at': datetime.datetime(2026, 8, 23, 2, 1, 32, 72427, tzinfo=datetime.timezone.utc), 'updated_at': datetime.datetime(2026, 8, 23, 2, 1, 32, 72428, tzinfo=datetime.timezone.utc)}
[2026-08-22 23:01:32] [INFO   ] [sqlalchemy.engine.Engine:2718] [MainThread] - COMMIT
[2026-08-22 23:01:32] [INFO   ] [sqlalchemy.engine.Engine:2712] [MainThread] - BEGIN (implicit)
[2026-08-22 23:01:32] [INFO   ] [sqlalchemy.engine.Engine:1848] [MainThread] - SELECT product_category.id, product_category.organization_id, product_category.name, product_category.code, product_category.description, product_category.is_active, product_category.created_at, product_category.updated_at 
FROM product_category 
WHERE product_category.id = %(pk_1)s::UUID
[2026-08-22 23:01:32] [INFO   ] [sqlalchemy.engine.Engine:1848] [MainThread] - [cached since 0.7485s ago] {'pk_1': UUID('79c92d68-afcd-4cd6-b876-26bcfc823f07')}
[2026-08-22 23:01:32] [INFO   ] [sqlalchemy.engine.Engine:1848] [MainThread] - INSERT INTO product (id, organization_id, category_id, sku, name, description, unit_of_measure, reference_price, cost_price, sale_price, external_code, brand, barcode, ncm, is_perishable, requires_batch, shelf_life_days, current_stock, min_stock, max_stock, storage_location, is_active, created_at, updated_at) VALUES (%(id)s::UUID, %(organization_id)s::UUID, %(category_id)s::UUID, %(sku)s::VARCHAR, %(name)s::VARCHAR, %(description)s::VARCHAR, %(unit_of_measure)s::VARCHAR, %(reference_price)s, %(cost_price)s, %(sale_price)s, %(external_code)s::VARCHAR, %(brand)s::VARCHAR, %(barcode)s::VARCHAR, %(ncm)s::VARCHAR, %(is_perishable)s, %(requires_batch)s, %(shelf_life_days)s::INTEGER, %(current_stock)s, %(min_stock)s, %(max_stock)s, %(storage_location)s::VARCHAR, %(is_active)s, %(created_at)s::TIMESTAMP WITH TIME ZONE, %(updated_at)s::TIMESTAMP WITH TIME ZONE)
[2026-08-22 23:01:32] [INFO   ] [sqlalchemy.engine.Engine:1848] [MainThread] - [cached since 0.7475s ago] {'id': UUID('160bdb26-e112-4391-8416-fc73399603f6'), 'organization_id': UUID('df26536e-d6e5-4278-bd03-98166d8bfae6'), 'category_id': UUID('79c92d68-afcd-4cd6-b876-26bcfc823f07'), 'sku': 'SKU-0EDEAB', 'name': 'Dipirona 500mg', 'description': None, 'unit_of_measure': 'UN', 'reference_price': Decimal('12.50'), 'cost_price': Decimal('0.0000'), 'sale_price': Decimal('0.0000'), 'external_code': None, 'brand': None, 'barcode': None, 'ncm': None, 'is_perishable': False, 'requires_batch': False, 'shelf_life_days': None, 'current_stock': Decimal('100'), 'min_stock': Decimal('10'), 'max_stock': Decimal('200'), 'storage_location': None, 'is_active': True, 'created_at': datetime.datetime(2026, 8, 23, 2, 1, 32, 76485, tzinfo=datetime.timezone.utc), 'updated_at': datetime.datetime(2026, 8, 23, 2, 1, 32, 76487, tzinfo=datetime.timezone.utc)}
[2026-08-22 23:01:32] [INFO   ] [sqlalchemy.engine.Engine:2718] [MainThread] - COMMIT
[2026-08-22 23:01:32] [INFO   ] [sqlalchemy.engine.Engine:2712] [MainThread] - BEGIN (implicit)
[2026-08-22 23:01:32] [INFO   ] [sqlalchemy.engine.Engine:1848] [MainThread] - SELECT product.id, product.organization_id, product.category_id, product.sku, product.name, product.description, product.unit_of_measure, product.reference_price, product.cost_price, product.sale_price, product.external_code, product.brand, product.barcode, product.ncm, product.is_perishable, product.requires_batch, product.shelf_life_days, product.current_stock, product.min_stock, product.max_stock, product.storage_location, product.is_active, product.created_at, product.updated_at 
FROM product 
WHERE product.id = %(pk_1)s::UUID
[2026-08-22 23:01:32] [INFO   ] [sqlalchemy.engine.Engine:1848] [MainThread] - [cached since 0.7403s ago] {'pk_1': UUID('160bdb26-e112-4391-8416-fc73399603f6')}
[2026-08-22 23:01:32] [INFO   ] [sqlalchemy.engine.Engine:1848] [MainThread] - SELECT product.id AS product_id, product.organization_id AS product_organization_id, product.category_id AS product_category_id, product.sku AS product_sku, product.name AS product_name, product.description AS product_description, product.unit_of_measure AS product_unit_of_measure, product.reference_price AS product_reference_price, product.cost_price AS product_cost_price, product.sale_price AS product_sale_price, product.external_code AS product_external_code, product.brand AS product_brand, product.barcode AS product_barcode, product.ncm AS product_ncm, product.is_perishable AS product_is_perishable, product.requires_batch AS product_requires_batch, product.shelf_life_days AS product_shelf_life_days, product.current_stock AS product_current_stock, product.min_stock AS product_min_stock, product.max_stock AS product_max_stock, product.storage_location AS product_storage_location, product.is_active AS product_is_active, product.created_at AS product_created_at, product.updated_at AS product_updated_at 
FROM product 
WHERE product.id = %(id_1)s::UUID AND product.organization_id = %(organization_id_1)s::UUID 
 LIMIT %(param_1)s::INTEGER
[2026-08-22 23:01:32] [INFO   ] [sqlalchemy.engine.Engine:1848] [MainThread] - [generated in 0.00017s] {'id_1': UUID('160bdb26-e112-4391-8416-fc73399603f6'), 'organization_id_1': UUID('df26536e-d6e5-4278-bd03-98166d8bfae6'), 'param_1': 1}
[2026-08-22 23:01:32] [INFO   ] [sqlalchemy.engine.Engine:1848] [MainThread] - SELECT product_category.id AS product_category_id, product_category.organization_id AS product_category_organization_id, product_category.name AS product_category_name, product_category.code AS product_category_code, product_category.description AS product_category_description, product_category.is_active AS product_category_is_active, product_category.created_at AS product_category_created_at, product_category.updated_at AS product_category_updated_at 
FROM product_category 
WHERE product_category.id IN (%(primary_keys_1)s::UUID)
[2026-08-22 23:01:32] [INFO   ] [sqlalchemy.engine.Engine:1848] [MainThread] - [cached since 0.7401s ago] {'primary_keys_1': UUID('79c92d68-afcd-4cd6-b876-26bcfc823f07')}
[2026-08-22 23:01:32] [INFO   ] [sqlalchemy.engine.Engine:1848] [MainThread] - INSERT INTO sales_return (id, organization_id, sales_order_id, pos_sale_id, customer_id, customer_name, return_type, status, total_amount, reason, restock_items, created_by_id, created_at) VALUES (%(id)s::UUID, %(organization_id)s::UUID, %(sales_order_id)s::UUID, %(pos_sale_id)s::UUID, %(customer_id)s::UUID, %(customer_name)s::VARCHAR, %(return_type)s::VARCHAR, %(status)s::VARCHAR, %(total_amount)s, %(reason)s::VARCHAR, %(restock_items)s, %(created_by_id)s::UUID, %(created_at)s::TIMESTAMP WITH TIME ZONE)
[2026-08-22 23:01:32] [INFO   ] [sqlalchemy.engine.Engine:1848] [MainThread] - [generated in 0.00016s] {'id': UUID('0aafcfff-38bb-47c9-9c1d-3ae172b3ab22'), 'organization_id': UUID('df26536e-d6e5-4278-bd03-98166d8bfae6'), 'sales_order_id': None, 'pos_sale_id': None, 'customer_id': None, 'customer_name': 'Farmácia Popular', 'return_type': 'DEVOLUCAO', 'status': 'COMPLETED', 'total_amount': Decimal('62.50'), 'reason': 'Excedente de pedido do cliente', 'restock_items': True, 'created_by_id': UUID('dd87c179-49d5-40ef-a932-1a78eeeae54f'), 'created_at': datetime.datetime(2026, 8, 23, 2, 1, 32, 85728, tzinfo=datetime.timezone.utc)}
[2026-08-22 23:01:32] [INFO   ] [sqlalchemy.engine.Engine:1848] [MainThread] - UPDATE product SET current_stock=%(current_stock)s, updated_at=%(updated_at)s::TIMESTAMP WITH TIME ZONE WHERE product.id = %(product_id)s::UUID
[2026-08-22 23:01:32] [INFO   ] [sqlalchemy.engine.Engine:1848] [MainThread] - [cached since 0.6195s ago] {'current_stock': Decimal('105.0000'), 'updated_at': datetime.datetime(2026, 8, 23, 2, 1, 32, 89358, tzinfo=datetime.timezone.utc), 'product_id': UUID('160bdb26-e112-4391-8416-fc73399603f6')}
[2026-08-22 23:01:32] [INFO   ] [sqlalchemy.engine.Engine:1848] [MainThread] - INSERT INTO sales_return_item (id, sales_return_id, product_id, quantity, unit_price, total_price, condition) VALUES (%(id)s::UUID, %(sales_return_id)s::UUID, %(product_id)s::UUID, %(quantity)s, %(unit_price)s, %(total_price)s, %(condition)s::VARCHAR)
[2026-08-22 23:01:32] [INFO   ] [sqlalchemy.engine.Engine:1848] [MainThread] - [generated in 0.00013s] {'id': UUID('5a695647-4923-40c4-b8e3-9e6a63e1d10c'), 'sales_return_id': UUID('0aafcfff-38bb-47c9-9c1d-3ae172b3ab22'), 'product_id': UUID('160bdb26-e112-4391-8416-fc73399603f6'), 'quantity': Decimal('5'), 'unit_price': Decimal('12.50'), 'total_price': Decimal('62.50'), 'condition': 'GOOD'}
[2026-08-22 23:01:32] [INFO   ] [sqlalchemy.engine.Engine:1848] [MainThread] - INSERT INTO stock_movement (id, organization_id, product_id, movement_type, quantity, unit_cost, balance_after, reference_doc, invoice_attachment, notes, created_by_id, created_at) VALUES (%(id)s::UUID, %(organization_id)s::UUID, %(product_id)s::UUID, %(movement_type)s::VARCHAR, %(quantity)s, %(unit_cost)s, %(balance_after)s, %(reference_doc)s::VARCHAR, %(invoice_attachment)s::VARCHAR, %(notes)s::VARCHAR, %(created_by_id)s::UUID, %(created_at)s::TIMESTAMP WITH TIME ZONE)
[2026-08-22 23:01:32] [INFO   ] [sqlalchemy.engine.Engine:1848] [MainThread] - [cached since 0.6196s ago] {'id': UUID('dc264f5d-8b16-4e0b-9850-1e8ac8b90c84'), 'organization_id': UUID('df26536e-d6e5-4278-bd03-98166d8bfae6'), 'product_id': UUID('160bdb26-e112-4391-8416-fc73399603f6'), 'movement_type': 'in_return', 'quantity': Decimal('5'), 'unit_cost': Decimal('12.5000'), 'balance_after': Decimal('105.0000'), 'reference_doc': 'DEV-NONE', 'invoice_attachment': None, 'notes': 'Devolução/Troca Pós-Venda - Cliente: Farmácia Popular (Excedente de pedido do cliente)', 'created_by_id': UUID('dd87c179-49d5-40ef-a932-1a78eeeae54f'), 'created_at': datetime.datetime(2026, 8, 23, 2, 1, 32, 94229, tzinfo=datetime.timezone.utc)}
[2026-08-22 23:01:32] [INFO   ] [sqlalchemy.engine.Engine:2718] [MainThread] - COMMIT
[2026-08-22 23:01:32] [INFO   ] [sqlalchemy.engine.Engine:2712] [MainThread] - BEGIN (implicit)
[2026-08-22 23:01:32] [INFO   ] [sqlalchemy.engine.Engine:1848] [MainThread] - SELECT sales_return.id, sales_return.organization_id, sales_return.sales_order_id, sales_return.pos_sale_id, sales_return.customer_id, sales_return.customer_name, sales_return.return_type, sales_return.status, sales_return.total_amount, sales_return.reason, sales_return.restock_items, sales_return.created_by_id, sales_return.created_at 
FROM sales_return 
WHERE sales_return.id = %(pk_1)s::UUID
[2026-08-22 23:01:32] [INFO   ] [sqlalchemy.engine.Engine:1848] [MainThread] - [generated in 0.00011s] {'pk_1': UUID('0aafcfff-38bb-47c9-9c1d-3ae172b3ab22')}
[2026-08-22 23:01:32] [INFO   ] [sqlalchemy.engine.Engine:1848] [MainThread] - SELECT sales_return_item.id AS sales_return_item_id, sales_return_item.sales_return_id AS sales_return_item_sales_return_id, sales_return_item.product_id AS sales_return_item_product_id, sales_return_item.quantity AS sales_return_item_quantity, sales_return_item.unit_price AS sales_return_item_unit_price, sales_return_item.total_price AS sales_return_item_total_price, sales_return_item.condition AS sales_return_item_condition 
FROM sales_return_item 
WHERE %(param_1)s::UUID = sales_return_item.sales_return_id
[2026-08-22 23:01:32] [INFO   ] [sqlalchemy.engine.Engine:1848] [MainThread] - [generated in 0.00011s] {'param_1': UUID('0aafcfff-38bb-47c9-9c1d-3ae172b3ab22')}
[2026-08-22 23:01:32] [INFO   ] [controlb:1163] [MainThread] - 🔄 [PÓS-VENDA] DEVOLUCAO #0aafcfff registrada para Farmácia Popular: R$ 62.50
[2026-08-22 23:01:32] [INFO   ] [sqlalchemy.engine.Engine:1848] [MainThread] - SELECT product.id, product.organization_id, product.category_id, product.sku, product.name, product.description, product.unit_of_measure, product.reference_price, product.cost_price, product.sale_price, product.external_code, product.brand, product.barcode, product.ncm, product.is_perishable, product.requires_batch, product.shelf_life_days, product.current_stock, product.min_stock, product.max_stock, product.storage_location, product.is_active, product.created_at, product.updated_at 
FROM product 
WHERE product.id = %(pk_1)s::UUID
[2026-08-22 23:01:32] [INFO   ] [sqlalchemy.engine.Engine:1848] [MainThread] - [cached since 0.7621s ago] {'pk_1': UUID('160bdb26-e112-4391-8416-fc73399603f6')}
[2026-08-22 23:01:32] [INFO   ] [sqlalchemy.engine.Engine:1848] [MainThread] - SELECT product_category.id AS product_category_id, product_category.organization_id AS product_category_organization_id, product_category.name AS product_category_name, product_category.code AS product_category_code, product_category.description AS product_category_description, product_category.is_active AS product_category_is_active, product_category.created_at AS product_category_created_at, product_category.updated_at AS product_category_updated_at 
FROM product_category 
WHERE product_category.id = %(pk_1)s::UUID
[2026-08-22 23:01:32] [INFO   ] [sqlalchemy.engine.Engine:1848] [MainThread] - [cached since 0.6181s ago] {'pk_1': UUID('79c92d68-afcd-4cd6-b876-26bcfc823f07')}
[2026-08-22 23:01:32] [INFO   ] [sqlalchemy.engine.Engine:1848] [MainThread] - SELECT stock_movement.id, stock_movement.organization_id, stock_movement.product_id, stock_movement.movement_type, stock_movement.quantity, stock_movement.unit_cost, stock_movement.balance_after, stock_movement.reference_doc, stock_movement.invoice_attachment, stock_movement.notes, stock_movement.created_by_id, stock_movement.created_at 
FROM stock_movement 
WHERE stock_movement.organization_id = %(organization_id_1)s::UUID AND stock_movement.product_id = %(product_id_1)s::UUID ORDER BY stock_movement.created_at DESC 
 LIMIT %(param_1)s::INTEGER
[2026-08-22 23:01:32] [INFO   ] [sqlalchemy.engine.Engine:1848] [MainThread] - [cached since 0.6176s ago] {'organization_id_1': UUID('df26536e-d6e5-4278-bd03-98166d8bfae6'), 'product_id_1': UUID('160bdb26-e112-4391-8416-fc73399603f6'), 'param_1': 100}
[2026-08-22 23:01:32] [INFO   ] [sqlalchemy.engine.Engine:1848] [MainThread] - SELECT product.id AS product_id, product.organization_id AS product_organization_id, product.category_id AS product_category_id, product.sku AS product_sku, product.name AS product_name, product.description AS product_description, product.unit_of_measure AS product_unit_of_measure, product.reference_price AS product_reference_price, product.cost_price AS product_cost_price, product.sale_price AS product_sale_price, product.external_code AS product_external_code, product.brand AS product_brand, product.barcode AS product_barcode, product.ncm AS product_ncm, product.is_perishable AS product_is_perishable, product.requires_batch AS product_requires_batch, product.shelf_life_days AS product_shelf_life_days, product.current_stock AS product_current_stock, product.min_stock AS product_min_stock, product.max_stock AS product_max_stock, product.storage_location AS product_storage_location, product.is_active AS product_is_active, product.created_at AS product_created_at, product.updated_at AS product_updated_at 
FROM product 
WHERE product.id IN (%(primary_keys_1)s::UUID)
[2026-08-22 23:01:32] [INFO   ] [sqlalchemy.engine.Engine:1848] [MainThread] - [cached since 0.6164s ago] {'primary_keys_1': UUID('160bdb26-e112-4391-8416-fc73399603f6')}
[2026-08-22 23:01:32] [INFO   ] [sqlalchemy.engine.Engine:1848] [MainThread] - SELECT product_category.id AS product_category_id, product_category.organization_id AS product_category_organization_id, product_category.name AS product_category_name, product_category.code AS product_category_code, product_category.description AS product_category_description, product_category.is_active AS product_category_is_active, product_category.created_at AS product_category_created_at, product_category.updated_at AS product_category_updated_at 
FROM product_category 
WHERE product_category.id IN (%(primary_keys_1)s::UUID)
[2026-08-22 23:01:32] [INFO   ] [sqlalchemy.engine.Engine:1848] [MainThread] - [cached since 0.616s ago] {'primary_keys_1': UUID('79c92d68-afcd-4cd6-b876-26bcfc823f07')}
[2026-08-22 23:01:32] [INFO   ] [sqlalchemy.engine.Engine:2715] [MainThread] - ROLLBACK
[2026-08-22 23:01:32] [INFO   ] [sqlalchemy.engine.Engine:2712] [MainThread] - BEGIN (implicit)
[2026-08-22 23:01:32] [INFO   ] [sqlalchemy.engine.Engine:1848] [MainThread] - INSERT INTO organization (id, name, is_active, created_at, updated_at) VALUES (%(id)s::UUID, %(name)s::VARCHAR, %(is_active)s, %(created_at)s::TIMESTAMP WITH TIME ZONE, %(updated_at)s::TIMESTAMP WITH TIME ZONE)
[2026-08-22 23:01:32] [INFO   ] [sqlalchemy.engine.Engine:1848] [MainThread] - [cached since 0.9425s ago] {'id': UUID('fee8c224-30c6-44fe-9a7d-510e41047ec7'), 'name': 'Matriz Teste fd7929', 'is_active': True, 'created_at': datetime.datetime(2026, 8, 23, 2, 1, 32, 108652, tzinfo=datetime.timezone.utc), 'updated_at': datetime.datetime(2026, 8, 23, 2, 1, 32, 108654, tzinfo=datetime.timezone.utc)}
[2026-08-22 23:01:32] [INFO   ] [sqlalchemy.engine.Engine:2718] [MainThread] - COMMIT
[2026-08-22 23:01:32] [INFO   ] [sqlalchemy.engine.Engine:2712] [MainThread] - BEGIN (implicit)
[2026-08-22 23:01:32] [INFO   ] [sqlalchemy.engine.Engine:1848] [MainThread] - SELECT organization.id, organization.name, organization.is_active, organization.created_at, organization.updated_at 
FROM organization 
WHERE organization.id = %(pk_1)s::UUID
[2026-08-22 23:01:32] [INFO   ] [sqlalchemy.engine.Engine:1848] [MainThread] - [cached since 0.936s ago] {'pk_1': UUID('fee8c224-30c6-44fe-9a7d-510e41047ec7')}
[2026-08-22 23:01:32] [INFO   ] [sqlalchemy.engine.Engine:1848] [MainThread] - INSERT INTO "user" (id, organization_id, role_id, email, full_name, hashed_password, is_active, created_at, updated_at) VALUES (%(id)s::UUID, %(organization_id)s::UUID, %(role_id)s::UUID, %(email)s::VARCHAR, %(full_name)s::VARCHAR, %(hashed_password)s::VARCHAR, %(is_active)s, %(created_at)s::TIMESTAMP WITH TIME ZONE, %(updated_at)s::TIMESTAMP WITH TIME ZONE)
[2026-08-22 23:01:32] [INFO   ] [sqlalchemy.engine.Engine:1848] [MainThread] - [cached since 0.933s ago] {'id': UUID('92fc05d8-57e0-4dc5-ae1b-5befb77b4241'), 'organization_id': UUID('fee8c224-30c6-44fe-9a7d-510e41047ec7'), 'role_id': None, 'email': 'vendedor_f65384@empresa.com', 'full_name': 'Vendedor Teste', 'hashed_password': 'hash123', 'is_active': True, 'created_at': datetime.datetime(2026, 8, 23, 2, 1, 32, 113690, tzinfo=datetime.timezone.utc), 'updated_at': datetime.datetime(2026, 8, 23, 2, 1, 32, 113692, tzinfo=datetime.timezone.utc)}
[2026-08-22 23:01:32] [INFO   ] [sqlalchemy.engine.Engine:2718] [MainThread] - COMMIT
[2026-08-22 23:01:32] [INFO   ] [sqlalchemy.engine.Engine:2712] [MainThread] - BEGIN (implicit)
[2026-08-22 23:01:32] [INFO   ] [sqlalchemy.engine.Engine:1848] [MainThread] - SELECT "user".id, "user".organization_id, "user".role_id, "user".email, "user".full_name, "user".hashed_password, "user".is_active, "user".created_at, "user".updated_at 
FROM "user" 
WHERE "user".id = %(pk_1)s::UUID
[2026-08-22 23:01:32] [INFO   ] [sqlalchemy.engine.Engine:1848] [MainThread] - [cached since 0.9286s ago] {'pk_1': UUID('92fc05d8-57e0-4dc5-ae1b-5befb77b4241')}
[2026-08-22 23:01:32] [INFO   ] [sqlalchemy.engine.Engine:1848] [MainThread] - INSERT INTO contact (id, organization_id, full_name, email, phone, mobile, document, position, notes, is_active, created_at, updated_at) VALUES (%(id)s::UUID, %(organization_id)s::UUID, %(full_name)s::VARCHAR, %(email)s::VARCHAR, %(phone)s::VARCHAR, %(mobile)s::VARCHAR, %(document)s::VARCHAR, %(position)s::VARCHAR, %(notes)s::VARCHAR, %(is_active)s, %(created_at)s::TIMESTAMP WITH TIME ZONE, %(updated_at)s::TIMESTAMP WITH TIME ZONE)
[2026-08-22 23:01:32] [INFO   ] [sqlalchemy.engine.Engine:1848] [MainThread] - [cached since 0.9279s ago] {'id': UUID('0a4fd48e-6b4d-4e46-8c82-502be84a2a4b'), 'organization_id': UUID('fee8c224-30c6-44fe-9a7d-510e41047ec7'), 'full_name': 'Dra. Roberta Martins', 'email': 'roberta@clinicamartins.com.br', 'phone': '11999887766', 'mobile': None, 'document': None, 'position': 'Contato Comercial (Lead)', 'notes': 'Origem Lead CRM: Indicação Médica', 'is_active': True, 'created_at': datetime.datetime(2026, 8, 23, 2, 1, 32, 118188, tzinfo=datetime.timezone.utc), 'updated_at': datetime.datetime(2026, 8, 23, 2, 1, 32, 118189, tzinfo=datetime.timezone.utc)}
[2026-08-22 23:01:32] [INFO   ] [sqlalchemy.engine.Engine:2718] [MainThread] - COMMIT
[2026-08-22 23:01:32] [INFO   ] [sqlalchemy.engine.Engine:2712] [MainThread] - BEGIN (implicit)
[2026-08-22 23:01:32] [INFO   ] [sqlalchemy.engine.Engine:1848] [MainThread] - SELECT contact.id, contact.organization_id, contact.full_name, contact.email, contact.phone, contact.mobile, contact.document, contact.position, contact.notes, contact.is_active, contact.created_at, contact.updated_at 
FROM contact 
WHERE contact.id = %(pk_1)s::UUID
[2026-08-22 23:01:32] [INFO   ] [sqlalchemy.engine.Engine:1848] [MainThread] - [cached since 0.924s ago] {'pk_1': UUID('0a4fd48e-6b4d-4e46-8c82-502be84a2a4b')}
[2026-08-22 23:01:32] [INFO   ] [sqlalchemy.engine.Engine:1848] [MainThread] - SELECT customer.id, customer.organization_id, customer.contact_id, customer.person_type, customer.document, customer.name, customer.trade_name, customer.state_registration, customer.email, customer.phone, customer.address_street, customer.address_number, customer.address_neighborhood, customer.address_city, customer.address_state, customer.address_zip_code, customer.credit_limit, customer.is_active, customer.notes, customer.created_at, customer.updated_at 
FROM customer 
WHERE customer.document = %(document_1)s::VARCHAR AND customer.organization_id = %(organization_id_1)s::UUID
[2026-08-22 23:01:32] [INFO   ] [sqlalchemy.engine.Engine:1848] [MainThread] - [cached since 0.923s ago] {'document_1': 'LEAD-9990099D', 'organization_id_1': UUID('fee8c224-30c6-44fe-9a7d-510e41047ec7')}
[2026-08-22 23:01:32] [INFO   ] [sqlalchemy.engine.Engine:1848] [MainThread] - INSERT INTO customer (id, organization_id, contact_id, person_type, document, name, trade_name, state_registration, email, phone, address_street, address_number, address_neighborhood, address_city, address_state, address_zip_code, credit_limit, is_active, notes, created_at, updated_at) VALUES (%(id)s::UUID, %(organization_id)s::UUID, %(contact_id)s::UUID, %(person_type)s::VARCHAR, %(document)s::VARCHAR, %(name)s::VARCHAR, %(trade_name)s::VARCHAR, %(state_registration)s::VARCHAR, %(email)s::VARCHAR, %(phone)s::VARCHAR, %(address_street)s::VARCHAR, %(address_number)s::VARCHAR, %(address_neighborhood)s::VARCHAR, %(address_city)s::VARCHAR, %(address_state)s::VARCHAR, %(address_zip_code)s::VARCHAR, %(credit_limit)s, %(is_active)s, %(notes)s::VARCHAR, %(created_at)s::TIMESTAMP WITH TIME ZONE, %(updated_at)s::TIMESTAMP WITH TIME ZONE)
[2026-08-22 23:01:32] [INFO   ] [sqlalchemy.engine.Engine:1848] [MainThread] - [cached since 0.9166s ago] {'id': UUID('86382206-24df-4e47-98c4-f5a9bc2de480'), 'organization_id': UUID('fee8c224-30c6-44fe-9a7d-510e41047ec7'), 'contact_id': UUID('0a4fd48e-6b4d-4e46-8c82-502be84a2a4b'), 'person_type': 'PJ', 'document': 'LEAD-9990099D', 'name': 'Clínica Médica Martins Ltda', 'trade_name': 'Dra. Roberta Martins', 'state_registration': None, 'email': 'roberta@clinicamartins.com.br', 'phone': '11999887766', 'address_street': None, 'address_number': None, 'address_neighborhood': None, 'address_city': None, 'address_state': None, 'address_zip_code': None, 'credit_limit': Decimal('0.00'), 'is_active': True, 'notes': 'Criado automaticamente a partir de Lead CRM (Indicação Médica)', 'created_at': datetime.datetime(2026, 8, 23, 2, 1, 32, 123422, tzinfo=datetime.timezone.utc), 'updated_at': datetime.datetime(2026, 8, 23, 2, 1, 32, 123423, tzinfo=datetime.timezone.utc)}
[2026-08-22 23:01:32] [INFO   ] [sqlalchemy.engine.Engine:2718] [MainThread] - COMMIT
[2026-08-22 23:01:32] [INFO   ] [sqlalchemy.engine.Engine:2712] [MainThread] - BEGIN (implicit)
[2026-08-22 23:01:32] [INFO   ] [sqlalchemy.engine.Engine:1848] [MainThread] - SELECT customer.id, customer.organization_id, customer.contact_id, customer.person_type, customer.document, customer.name, customer.trade_name, customer.state_registration, customer.email, customer.phone, customer.address_street, customer.address_number, customer.address_neighborhood, customer.address_city, customer.address_state, customer.address_zip_code, customer.credit_limit, customer.is_active, customer.notes, customer.created_at, customer.updated_at 
FROM customer 
WHERE customer.id = %(pk_1)s::UUID
[2026-08-22 23:01:32] [INFO   ] [sqlalchemy.engine.Engine:1848] [MainThread] - [cached since 0.9141s ago] {'pk_1': UUID('86382206-24df-4e47-98c4-f5a9bc2de480')}
[2026-08-22 23:01:32] [INFO   ] [sqlalchemy.engine.Engine:1848] [MainThread] - INSERT INTO lead (id, organization_id, customer_id, name, company_name, email, phone, source, status, notes, assigned_to_id, created_at, updated_at) VALUES (%(id)s::UUID, %(organization_id)s::UUID, %(customer_id)s::UUID, %(name)s::VARCHAR, %(company_name)s::VARCHAR, %(email)s::VARCHAR, %(phone)s::VARCHAR, %(source)s::VARCHAR, %(status)s::VARCHAR, %(notes)s::VARCHAR, %(assigned_to_id)s::UUID, %(created_at)s::TIMESTAMP WITH TIME ZONE, %(updated_at)s::TIMESTAMP WITH TIME ZONE)
[2026-08-22 23:01:32] [INFO   ] [sqlalchemy.engine.Engine:1848] [MainThread] - [cached since 0.9138s ago] {'id': UUID('6c66b206-42cc-4b16-82f4-1a6aeab75d52'), 'organization_id': UUID('fee8c224-30c6-44fe-9a7d-510e41047ec7'), 'customer_id': UUID('86382206-24df-4e47-98c4-f5a9bc2de480'), 'name': 'Dra. Roberta Martins', 'company_name': 'Clínica Médica Martins Ltda', 'email': 'roberta@clinicamartins.com.br', 'phone': '11999887766', 'source': 'Indicação Médica', 'status': 'NEW', 'notes': None, 'assigned_to_id': None, 'created_at': datetime.datetime(2026, 8, 23, 2, 1, 32, 127936, tzinfo=datetime.timezone.utc), 'updated_at': datetime.datetime(2026, 8, 23, 2, 1, 32, 127937, tzinfo=datetime.timezone.utc)}
[2026-08-22 23:01:32] [INFO   ] [sqlalchemy.engine.Engine:2718] [MainThread] - COMMIT
[2026-08-22 23:01:32] [INFO   ] [sqlalchemy.engine.Engine:2712] [MainThread] - BEGIN (implicit)
[2026-08-22 23:01:32] [INFO   ] [sqlalchemy.engine.Engine:1848] [MainThread] - SELECT lead.id, lead.organization_id, lead.customer_id, lead.name, lead.company_name, lead.email, lead.phone, lead.source, lead.status, lead.notes, lead.assigned_to_id, lead.created_at, lead.updated_at 
FROM lead 
WHERE lead.id = %(pk_1)s::UUID
[2026-08-22 23:01:32] [INFO   ] [sqlalchemy.engine.Engine:1848] [MainThread] - [cached since 0.9091s ago] {'pk_1': UUID('6c66b206-42cc-4b16-82f4-1a6aeab75d52')}
[2026-08-22 23:01:32] [INFO   ] [sqlalchemy.engine.Engine:1848] [MainThread] - SELECT lead.id, lead.organization_id, lead.customer_id, lead.name, lead.company_name, lead.email, lead.phone, lead.source, lead.status, lead.notes, lead.assigned_to_id, lead.created_at, lead.updated_at 
FROM lead 
WHERE lead.id = %(id_1)s::UUID AND lead.organization_id = %(organization_id_1)s::UUID
[2026-08-22 23:01:32] [INFO   ] [sqlalchemy.engine.Engine:1848] [MainThread] - [generated in 0.00011s] {'id_1': UUID('6c66b206-42cc-4b16-82f4-1a6aeab75d52'), 'organization_id_1': UUID('fee8c224-30c6-44fe-9a7d-510e41047ec7')}
[2026-08-22 23:01:32] [INFO   ] [sqlalchemy.engine.Engine:1848] [MainThread] - INSERT INTO contact (id, organization_id, full_name, email, phone, mobile, document, position, notes, is_active, created_at, updated_at) VALUES (%(id)s::UUID, %(organization_id)s::UUID, %(full_name)s::VARCHAR, %(email)s::VARCHAR, %(phone)s::VARCHAR, %(mobile)s::VARCHAR, %(document)s::VARCHAR, %(position)s::VARCHAR, %(notes)s::VARCHAR, %(is_active)s, %(created_at)s::TIMESTAMP WITH TIME ZONE, %(updated_at)s::TIMESTAMP WITH TIME ZONE)
[2026-08-22 23:01:32] [INFO   ] [sqlalchemy.engine.Engine:1848] [MainThread] - [cached since 0.9432s ago] {'id': UUID('af96ddd9-ea80-4b5a-93a5-e9aa24efd587'), 'organization_id': UUID('fee8c224-30c6-44fe-9a7d-510e41047ec7'), 'full_name': 'Dra. Roberta Martins', 'email': 'roberta@clinicamartins.com.br', 'phone': '11999887766', 'mobile': None, 'document': None, 'position': 'Contato Comercial (Lead)', 'notes': 'Origem Lead CRM: Indicação Médica', 'is_active': True, 'created_at': datetime.datetime(2026, 8, 23, 2, 1, 32, 133524, tzinfo=datetime.timezone.utc), 'updated_at': datetime.datetime(2026, 8, 23, 2, 1, 32, 133525, tzinfo=datetime.timezone.utc)}
[2026-08-22 23:01:32] [INFO   ] [sqlalchemy.engine.Engine:2718] [MainThread] - COMMIT
[2026-08-22 23:01:32] [INFO   ] [sqlalchemy.engine.Engine:2712] [MainThread] - BEGIN (implicit)
[2026-08-22 23:01:32] [INFO   ] [sqlalchemy.engine.Engine:1848] [MainThread] - SELECT contact.id, contact.organization_id, contact.full_name, contact.email, contact.phone, contact.mobile, contact.document, contact.position, contact.notes, contact.is_active, contact.created_at, contact.updated_at 
FROM contact 
WHERE contact.id = %(pk_1)s::UUID
[2026-08-22 23:01:32] [INFO   ] [sqlalchemy.engine.Engine:1848] [MainThread] - [cached since 0.9393s ago] {'pk_1': UUID('af96ddd9-ea80-4b5a-93a5-e9aa24efd587')}
[2026-08-22 23:01:32] [INFO   ] [sqlalchemy.engine.Engine:1848] [MainThread] - SELECT customer.id, customer.organization_id, customer.contact_id, customer.person_type, customer.document, customer.name, customer.trade_name, customer.state_registration, customer.email, customer.phone, customer.address_street, customer.address_number, customer.address_neighborhood, customer.address_city, customer.address_state, customer.address_zip_code, customer.credit_limit, customer.is_active, customer.notes, customer.created_at, customer.updated_at 
FROM customer 
WHERE customer.document = %(document_1)s::VARCHAR AND customer.organization_id = %(organization_id_1)s::UUID
[2026-08-22 23:01:32] [INFO   ] [sqlalchemy.engine.Engine:1848] [MainThread] - [cached since 0.9382s ago] {'document_1': 'LEAD-17AE4B6A', 'organization_id_1': UUID('fee8c224-30c6-44fe-9a7d-510e41047ec7')}
[2026-08-22 23:01:32] [INFO   ] [sqlalchemy.engine.Engine:1848] [MainThread] - INSERT INTO customer (id, organization_id, contact_id, person_type, document, name, trade_name, state_registration, email, phone, address_street, address_number, address_neighborhood, address_city, address_state, address_zip_code, credit_limit, is_active, notes, created_at, updated_at) VALUES (%(id)s::UUID, %(organization_id)s::UUID, %(contact_id)s::UUID, %(person_type)s::VARCHAR, %(document)s::VARCHAR, %(name)s::VARCHAR, %(trade_name)s::VARCHAR, %(state_registration)s::VARCHAR, %(email)s::VARCHAR, %(phone)s::VARCHAR, %(address_street)s::VARCHAR, %(address_number)s::VARCHAR, %(address_neighborhood)s::VARCHAR, %(address_city)s::VARCHAR, %(address_state)s::VARCHAR, %(address_zip_code)s::VARCHAR, %(credit_limit)s, %(is_active)s, %(notes)s::VARCHAR, %(created_at)s::TIMESTAMP WITH TIME ZONE, %(updated_at)s::TIMESTAMP WITH TIME ZONE)
[2026-08-22 23:01:32] [INFO   ] [sqlalchemy.engine.Engine:1848] [MainThread] - [cached since 0.9318s ago] {'id': UUID('1d819590-4cfe-4b27-8c33-b5b4e5d1b773'), 'organization_id': UUID('fee8c224-30c6-44fe-9a7d-510e41047ec7'), 'contact_id': UUID('af96ddd9-ea80-4b5a-93a5-e9aa24efd587'), 'person_type': 'PJ', 'document': 'LEAD-17AE4B6A', 'name': 'Clínica Médica Martins Ltda', 'trade_name': 'Dra. Roberta Martins', 'state_registration': None, 'email': 'roberta@clinicamartins.com.br', 'phone': '11999887766', 'address_street': None, 'address_number': None, 'address_neighborhood': None, 'address_city': None, 'address_state': None, 'address_zip_code': None, 'credit_limit': Decimal('0.00'), 'is_active': True, 'notes': 'Convertido a partir do Lead CRM #6c66b206 (Indicação Médica)', 'created_at': datetime.datetime(2026, 8, 23, 2, 1, 32, 138616, tzinfo=datetime.timezone.utc), 'updated_at': datetime.datetime(2026, 8, 23, 2, 1, 32, 138617, tzinfo=datetime.timezone.utc)}
[2026-08-22 23:01:32] [INFO   ] [sqlalchemy.engine.Engine:2718] [MainThread] - COMMIT
[2026-08-22 23:01:32] [INFO   ] [sqlalchemy.engine.Engine:2712] [MainThread] - BEGIN (implicit)
[2026-08-22 23:01:32] [INFO   ] [sqlalchemy.engine.Engine:1848] [MainThread] - SELECT customer.id, customer.organization_id, customer.contact_id, customer.person_type, customer.document, customer.name, customer.trade_name, customer.state_registration, customer.email, customer.phone, customer.address_street, customer.address_number, customer.address_neighborhood, customer.address_city, customer.address_state, customer.address_zip_code, customer.credit_limit, customer.is_active, customer.notes, customer.created_at, customer.updated_at 
FROM customer 
WHERE customer.id = %(pk_1)s::UUID
[2026-08-22 23:01:32] [INFO   ] [sqlalchemy.engine.Engine:1848] [MainThread] - [cached since 0.9293s ago] {'pk_1': UUID('1d819590-4cfe-4b27-8c33-b5b4e5d1b773')}
[2026-08-22 23:01:32] [INFO   ] [sqlalchemy.engine.Engine:1848] [MainThread] - UPDATE lead SET status=%(status)s::VARCHAR, updated_at=%(updated_at)s::TIMESTAMP WITH TIME ZONE WHERE lead.id = %(lead_id)s::UUID
[2026-08-22 23:01:32] [INFO   ] [sqlalchemy.engine.Engine:1848] [MainThread] - [generated in 0.00014s] {'status': 'CONVERTED', 'updated_at': datetime.datetime(2026, 8, 23, 2, 1, 32, 143224, tzinfo=datetime.timezone.utc), 'lead_id': UUID('6c66b206-42cc-4b16-82f4-1a6aeab75d52')}
[2026-08-22 23:01:32] [INFO   ] [sqlalchemy.engine.Engine:2718] [MainThread] - COMMIT
[2026-08-22 23:01:32] [INFO   ] [sqlalchemy.engine.Engine:2712] [MainThread] - BEGIN (implicit)
[2026-08-22 23:01:32] [INFO   ] [sqlalchemy.engine.Engine:1848] [MainThread] - SELECT lead.id, lead.organization_id, lead.customer_id, lead.name, lead.company_name, lead.email, lead.phone, lead.source, lead.status, lead.notes, lead.assigned_to_id, lead.created_at, lead.updated_at 
FROM lead 
WHERE lead.id = %(pk_1)s::UUID
[2026-08-22 23:01:32] [INFO   ] [sqlalchemy.engine.Engine:1848] [MainThread] - [cached since 0.9243s ago] {'pk_1': UUID('6c66b206-42cc-4b16-82f4-1a6aeab75d52')}
[2026-08-22 23:01:32] [INFO   ] [sqlalchemy.engine.Engine:2715] [MainThread] - ROLLBACK
[2026-08-22 23:01:32] [INFO   ] [sqlalchemy.engine.Engine:2712] [MainThread] - BEGIN (implicit)
[2026-08-22 23:01:32] [INFO   ] [sqlalchemy.engine.Engine:1848] [MainThread] - INSERT INTO organization (id, name, is_active, created_at, updated_at) VALUES (%(id)s::UUID, %(name)s::VARCHAR, %(is_active)s, %(created_at)s::TIMESTAMP WITH TIME ZONE, %(updated_at)s::TIMESTAMP WITH TIME ZONE)
[2026-08-22 23:01:32] [INFO   ] [sqlalchemy.engine.Engine:1848] [MainThread] - [cached since 0.9832s ago] {'id': UUID('31ad462d-899e-495d-b557-1b89f5c60954'), 'name': 'Matriz Teste 701eae', 'is_active': True, 'created_at': datetime.datetime(2026, 8, 23, 2, 1, 32, 149404, tzinfo=datetime.timezone.utc), 'updated_at': datetime.datetime(2026, 8, 23, 2, 1, 32, 149405, tzinfo=datetime.timezone.utc)}
[2026-08-22 23:01:32] [INFO   ] [sqlalchemy.engine.Engine:2718] [MainThread] - COMMIT
[2026-08-22 23:01:32] [INFO   ] [sqlalchemy.engine.Engine:2712] [MainThread] - BEGIN (implicit)
[2026-08-22 23:01:32] [INFO   ] [sqlalchemy.engine.Engine:1848] [MainThread] - SELECT organization.id, organization.name, organization.is_active, organization.created_at, organization.updated_at 
FROM organization 
WHERE organization.id = %(pk_1)s::UUID
[2026-08-22 23:01:32] [INFO   ] [sqlalchemy.engine.Engine:1848] [MainThread] - [cached since 0.9762s ago] {'pk_1': UUID('31ad462d-899e-495d-b557-1b89f5c60954')}
[2026-08-22 23:01:32] [INFO   ] [sqlalchemy.engine.Engine:1848] [MainThread] - INSERT INTO "user" (id, organization_id, role_id, email, full_name, hashed_password, is_active, created_at, updated_at) VALUES (%(id)s::UUID, %(organization_id)s::UUID, %(role_id)s::UUID, %(email)s::VARCHAR, %(full_name)s::VARCHAR, %(hashed_password)s::VARCHAR, %(is_active)s, %(created_at)s::TIMESTAMP WITH TIME ZONE, %(updated_at)s::TIMESTAMP WITH TIME ZONE)
[2026-08-22 23:01:32] [INFO   ] [sqlalchemy.engine.Engine:1848] [MainThread] - [cached since 0.9731s ago] {'id': UUID('a249f2a4-88e8-4b34-b351-a956ccd428dc'), 'organization_id': UUID('31ad462d-899e-495d-b557-1b89f5c60954'), 'role_id': None, 'email': 'vendedor_1234ff@empresa.com', 'full_name': 'Vendedor Teste', 'hashed_password': 'hash123', 'is_active': True, 'created_at': datetime.datetime(2026, 8, 23, 2, 1, 32, 153801, tzinfo=datetime.timezone.utc), 'updated_at': datetime.datetime(2026, 8, 23, 2, 1, 32, 153802, tzinfo=datetime.timezone.utc)}
[2026-08-22 23:01:32] [INFO   ] [sqlalchemy.engine.Engine:2718] [MainThread] - COMMIT
[2026-08-22 23:01:32] [INFO   ] [sqlalchemy.engine.Engine:2712] [MainThread] - BEGIN (implicit)
[2026-08-22 23:01:32] [INFO   ] [sqlalchemy.engine.Engine:1848] [MainThread] - SELECT "user".id, "user".organization_id, "user".role_id, "user".email, "user".full_name, "user".hashed_password, "user".is_active, "user".created_at, "user".updated_at 
FROM "user" 
WHERE "user".id = %(pk_1)s::UUID
[2026-08-22 23:01:32] [INFO   ] [sqlalchemy.engine.Engine:1848] [MainThread] - [cached since 0.9687s ago] {'pk_1': UUID('a249f2a4-88e8-4b34-b351-a956ccd428dc')}
[2026-08-22 23:01:32] [INFO   ] [sqlalchemy.engine.Engine:1848] [MainThread] - INSERT INTO product_category (id, organization_id, name, code, description, is_active, created_at, updated_at) VALUES (%(id)s::UUID, %(organization_id)s::UUID, %(name)s::VARCHAR, %(code)s::VARCHAR, %(description)s::VARCHAR, %(is_active)s, %(created_at)s::TIMESTAMP WITH TIME ZONE, %(updated_at)s::TIMESTAMP WITH TIME ZONE)
[2026-08-22 23:01:32] [INFO   ] [sqlalchemy.engine.Engine:1848] [MainThread] - [cached since 0.8394s ago] {'id': UUID('124e8f2b-980d-46a1-ab51-7620d82b4cb4'), 'organization_id': UUID('31ad462d-899e-495d-b557-1b89f5c60954'), 'name': 'Cat_aa61', 'code': 'CED1', 'description': None, 'is_active': True, 'created_at': datetime.datetime(2026, 8, 23, 2, 1, 32, 158008, tzinfo=datetime.timezone.utc), 'updated_at': datetime.datetime(2026, 8, 23, 2, 1, 32, 158009, tzinfo=datetime.timezone.utc)}
[2026-08-22 23:01:32] [INFO   ] [sqlalchemy.engine.Engine:2718] [MainThread] - COMMIT
[2026-08-22 23:01:32] [INFO   ] [sqlalchemy.engine.Engine:2712] [MainThread] - BEGIN (implicit)
[2026-08-22 23:01:32] [INFO   ] [sqlalchemy.engine.Engine:1848] [MainThread] - SELECT product_category.id, product_category.organization_id, product_category.name, product_category.code, product_category.description, product_category.is_active, product_category.created_at, product_category.updated_at 
FROM product_category 
WHERE product_category.id = %(pk_1)s::UUID
[2026-08-22 23:01:32] [INFO   ] [sqlalchemy.engine.Engine:1848] [MainThread] - [cached since 0.8346s ago] {'pk_1': UUID('124e8f2b-980d-46a1-ab51-7620d82b4cb4')}
[2026-08-22 23:01:32] [INFO   ] [sqlalchemy.engine.Engine:1848] [MainThread] - INSERT INTO product (id, organization_id, category_id, sku, name, description, unit_of_measure, reference_price, cost_price, sale_price, external_code, brand, barcode, ncm, is_perishable, requires_batch, shelf_life_days, current_stock, min_stock, max_stock, storage_location, is_active, created_at, updated_at) VALUES (%(id)s::UUID, %(organization_id)s::UUID, %(category_id)s::UUID, %(sku)s::VARCHAR, %(name)s::VARCHAR, %(description)s::VARCHAR, %(unit_of_measure)s::VARCHAR, %(reference_price)s, %(cost_price)s, %(sale_price)s, %(external_code)s::VARCHAR, %(brand)s::VARCHAR, %(barcode)s::VARCHAR, %(ncm)s::VARCHAR, %(is_perishable)s, %(requires_batch)s, %(shelf_life_days)s::INTEGER, %(current_stock)s, %(min_stock)s, %(max_stock)s, %(storage_location)s::VARCHAR, %(is_active)s, %(created_at)s::TIMESTAMP WITH TIME ZONE, %(updated_at)s::TIMESTAMP WITH TIME ZONE)
[2026-08-22 23:01:32] [INFO   ] [sqlalchemy.engine.Engine:1848] [MainThread] - [cached since 0.8336s ago] {'id': UUID('fc7cf7f2-e000-4e34-afc7-a84b099f7a2a'), 'organization_id': UUID('31ad462d-899e-495d-b557-1b89f5c60954'), 'category_id': UUID('124e8f2b-980d-46a1-ab51-7620d82b4cb4'), 'sku': 'SKU-33AD62', 'name': 'Dipirona 500mg', 'description': None, 'unit_of_measure': 'UN', 'reference_price': Decimal('12.50'), 'cost_price': Decimal('0.0000'), 'sale_price': Decimal('0.0000'), 'external_code': None, 'brand': None, 'barcode': None, 'ncm': None, 'is_perishable': False, 'requires_batch': False, 'shelf_life_days': None, 'current_stock': Decimal('100'), 'min_stock': Decimal('10'), 'max_stock': Decimal('200'), 'storage_location': None, 'is_active': True, 'created_at': datetime.datetime(2026, 8, 23, 2, 1, 32, 162601, tzinfo=datetime.timezone.utc), 'updated_at': datetime.datetime(2026, 8, 23, 2, 1, 32, 162602, tzinfo=datetime.timezone.utc)}
[2026-08-22 23:01:32] [INFO   ] [sqlalchemy.engine.Engine:2718] [MainThread] - COMMIT
[2026-08-22 23:01:32] [INFO   ] [sqlalchemy.engine.Engine:2712] [MainThread] - BEGIN (implicit)
[2026-08-22 23:01:32] [INFO   ] [sqlalchemy.engine.Engine:1848] [MainThread] - SELECT product.id, product.organization_id, product.category_id, product.sku, product.name, product.description, product.unit_of_measure, product.reference_price, product.cost_price, product.sale_price, product.external_code, product.brand, product.barcode, product.ncm, product.is_perishable, product.requires_batch, product.shelf_life_days, product.current_stock, product.min_stock, product.max_stock, product.storage_location, product.is_active, product.created_at, product.updated_at 
FROM product 
WHERE product.id = %(pk_1)s::UUID
[2026-08-22 23:01:32] [INFO   ] [sqlalchemy.engine.Engine:1848] [MainThread] - [cached since 0.8267s ago] {'pk_1': UUID('fc7cf7f2-e000-4e34-afc7-a84b099f7a2a')}
[2026-08-22 23:01:32] [INFO   ] [sqlalchemy.engine.Engine:1848] [MainThread] - SELECT customer.id, customer.organization_id, customer.contact_id, customer.person_type, customer.document, customer.name, customer.trade_name, customer.state_registration, customer.email, customer.phone, customer.address_street, customer.address_number, customer.address_neighborhood, customer.address_city, customer.address_state, customer.address_zip_code, customer.credit_limit, customer.is_active, customer.notes, customer.created_at, customer.updated_at 
FROM customer 
WHERE customer.document = %(document_1)s::VARCHAR AND customer.organization_id = %(organization_id_1)s::UUID
[2026-08-22 23:01:32] [INFO   ] [sqlalchemy.engine.Engine:1848] [MainThread] - [cached since 0.9684s ago] {'document_1': 'OPP-0E9A3222', 'organization_id_1': UUID('31ad462d-899e-495d-b557-1b89f5c60954')}
[2026-08-22 23:01:32] [INFO   ] [sqlalchemy.engine.Engine:1848] [MainThread] - INSERT INTO customer (id, organization_id, contact_id, person_type, document, name, trade_name, state_registration, email, phone, address_street, address_number, address_neighborhood, address_city, address_state, address_zip_code, credit_limit, is_active, notes, created_at, updated_at) VALUES (%(id)s::UUID, %(organization_id)s::UUID, %(contact_id)s::UUID, %(person_type)s::VARCHAR, %(document)s::VARCHAR, %(name)s::VARCHAR, %(trade_name)s::VARCHAR, %(state_registration)s::VARCHAR, %(email)s::VARCHAR, %(phone)s::VARCHAR, %(address_street)s::VARCHAR, %(address_number)s::VARCHAR, %(address_neighborhood)s::VARCHAR, %(address_city)s::VARCHAR, %(address_state)s::VARCHAR, %(address_zip_code)s::VARCHAR, %(credit_limit)s, %(is_active)s, %(notes)s::VARCHAR, %(created_at)s::TIMESTAMP WITH TIME ZONE, %(updated_at)s::TIMESTAMP WITH TIME ZONE)
[2026-08-22 23:01:32] [INFO   ] [sqlalchemy.engine.Engine:1848] [MainThread] - [cached since 0.9621s ago] {'id': UUID('9602409f-697d-4bf2-84d6-e360753e537b'), 'organization_id': UUID('31ad462d-899e-495d-b557-1b89f5c60954'), 'contact_id': None, 'person_type': 'PJ', 'document': 'OPP-0E9A3222', 'name': 'Hospital Regional do Sul', 'trade_name': None, 'state_registration': None, 'email': None, 'phone': None, 'address_street': None, 'address_number': None, 'address_neighborhood': None, 'address_city': None, 'address_state': None, 'address_zip_code': None, 'credit_limit': Decimal('0.00'), 'is_active': True, 'notes': 'Criado automaticamente na criação de Oportunidade Comercial', 'created_at': datetime.datetime(2026, 8, 23, 2, 1, 32, 168878, tzinfo=datetime.timezone.utc), 'updated_at': datetime.datetime(2026, 8, 23, 2, 1, 32, 168880, tzinfo=datetime.timezone.utc)}
[2026-08-22 23:01:32] [INFO   ] [sqlalchemy.engine.Engine:2718] [MainThread] - COMMIT
[2026-08-22 23:01:32] [INFO   ] [sqlalchemy.engine.Engine:2712] [MainThread] - BEGIN (implicit)
[2026-08-22 23:01:32] [INFO   ] [sqlalchemy.engine.Engine:1848] [MainThread] - SELECT customer.id, customer.organization_id, customer.contact_id, customer.person_type, customer.document, customer.name, customer.trade_name, customer.state_registration, customer.email, customer.phone, customer.address_street, customer.address_number, customer.address_neighborhood, customer.address_city, customer.address_state, customer.address_zip_code, customer.credit_limit, customer.is_active, customer.notes, customer.created_at, customer.updated_at 
FROM customer 
WHERE customer.id = %(pk_1)s::UUID
[2026-08-22 23:01:32] [INFO   ] [sqlalchemy.engine.Engine:1848] [MainThread] - [cached since 0.9597s ago] {'pk_1': UUID('9602409f-697d-4bf2-84d6-e360753e537b')}
[2026-08-22 23:01:32] [INFO   ] [sqlalchemy.engine.Engine:1848] [MainThread] - INSERT INTO opportunity (id, organization_id, lead_id, customer_id, contact_id, title, customer_name, estimated_amount, probability_percent, expected_closing_date, stage, loss_reason, assigned_to_id, created_at, updated_at) VALUES (%(id)s::UUID, %(organization_id)s::UUID, %(lead_id)s::UUID, %(customer_id)s::UUID, %(contact_id)s::UUID, %(title)s::VARCHAR, %(customer_name)s::VARCHAR, %(estimated_amount)s, %(probability_percent)s::INTEGER, %(expected_closing_date)s::DATE, %(stage)s::VARCHAR, %(loss_reason)s::VARCHAR, %(assigned_to_id)s::UUID, %(created_at)s::TIMESTAMP WITH TIME ZONE, %(updated_at)s::TIMESTAMP WITH TIME ZONE)
[2026-08-22 23:01:32] [INFO   ] [sqlalchemy.engine.Engine:1848] [MainThread] - [cached since 0.9479s ago] {'id': UUID('518451e8-655b-4c42-8d29-a8399d4ddd9f'), 'organization_id': UUID('31ad462d-899e-495d-b557-1b89f5c60954'), 'lead_id': None, 'customer_id': UUID('9602409f-697d-4bf2-84d6-e360753e537b'), 'contact_id': None, 'title': 'Aquisição de 500 caixas de Dipirona', 'customer_name': 'Hospital Regional do Sul', 'estimated_amount': Decimal('6250.00'), 'probability_percent': 70, 'expected_closing_date': datetime.date(2026, 9, 11), 'stage': 'QUALIFICATION', 'loss_reason': None, 'assigned_to_id': None, 'created_at': datetime.datetime(2026, 8, 23, 2, 1, 32, 173416, tzinfo=datetime.timezone.utc), 'updated_at': datetime.datetime(2026, 8, 23, 2, 1, 32, 173418, tzinfo=datetime.timezone.utc)}
[2026-08-22 23:01:32] [INFO   ] [sqlalchemy.engine.Engine:2718] [MainThread] - COMMIT
[2026-08-22 23:01:32] [INFO   ] [sqlalchemy.engine.Engine:2712] [MainThread] - BEGIN (implicit)
[2026-08-22 23:01:32] [INFO   ] [sqlalchemy.engine.Engine:1848] [MainThread] - SELECT opportunity.id, opportunity.organization_id, opportunity.lead_id, opportunity.customer_id, opportunity.contact_id, opportunity.title, opportunity.customer_name, opportunity.estimated_amount, opportunity.probability_percent, opportunity.expected_closing_date, opportunity.stage, opportunity.loss_reason, opportunity.assigned_to_id, opportunity.created_at, opportunity.updated_at 
FROM opportunity 
WHERE opportunity.id = %(pk_1)s::UUID
[2026-08-22 23:01:32] [INFO   ] [sqlalchemy.engine.Engine:1848] [MainThread] - [cached since 0.9426s ago] {'pk_1': UUID('518451e8-655b-4c42-8d29-a8399d4ddd9f')}
[2026-08-22 23:01:32] [INFO   ] [sqlalchemy.engine.Engine:1848] [MainThread] - SELECT opportunity.id, opportunity.organization_id, opportunity.lead_id, opportunity.customer_id, opportunity.contact_id, opportunity.title, opportunity.customer_name, opportunity.estimated_amount, opportunity.probability_percent, opportunity.expected_closing_date, opportunity.stage, opportunity.loss_reason, opportunity.assigned_to_id, opportunity.created_at, opportunity.updated_at 
FROM opportunity 
WHERE opportunity.id = %(id_1)s::UUID AND opportunity.organization_id = %(organization_id_1)s::UUID
[2026-08-22 23:01:32] [INFO   ] [sqlalchemy.engine.Engine:1848] [MainThread] - [cached since 0.942s ago] {'id_1': UUID('518451e8-655b-4c42-8d29-a8399d4ddd9f'), 'organization_id_1': UUID('31ad462d-899e-495d-b557-1b89f5c60954')}
[2026-08-22 23:01:32] [INFO   ] [sqlalchemy.engine.Engine:1848] [MainThread] - SELECT customer.id, customer.organization_id, customer.contact_id, customer.person_type, customer.document, customer.name, customer.trade_name, customer.state_registration, customer.email, customer.phone, customer.address_street, customer.address_number, customer.address_neighborhood, customer.address_city, customer.address_state, customer.address_zip_code, customer.credit_limit, customer.is_active, customer.notes, customer.created_at, customer.updated_at 
FROM customer 
WHERE customer.id = %(id_1)s::UUID AND customer.organization_id = %(organization_id_1)s::UUID
[2026-08-22 23:01:32] [INFO   ] [sqlalchemy.engine.Engine:1848] [MainThread] - [cached since 0.955s ago] {'id_1': UUID('9602409f-697d-4bf2-84d6-e360753e537b'), 'organization_id_1': UUID('31ad462d-899e-495d-b557-1b89f5c60954')}
[2026-08-22 23:01:32] [INFO   ] [sqlalchemy.engine.Engine:1848] [MainThread] - SELECT opportunity.id, opportunity.organization_id, opportunity.lead_id, opportunity.customer_id, opportunity.contact_id, opportunity.title, opportunity.customer_name, opportunity.estimated_amount, opportunity.probability_percent, opportunity.expected_closing_date, opportunity.stage, opportunity.loss_reason, opportunity.assigned_to_id, opportunity.created_at, opportunity.updated_at 
FROM opportunity 
WHERE opportunity.id = %(id_1)s::UUID AND opportunity.organization_id = %(organization_id_1)s::UUID
[2026-08-22 23:01:32] [INFO   ] [sqlalchemy.engine.Engine:1848] [MainThread] - [cached since 0.9438s ago] {'id_1': UUID('518451e8-655b-4c42-8d29-a8399d4ddd9f'), 'organization_id_1': UUID('31ad462d-899e-495d-b557-1b89f5c60954')}
[2026-08-22 23:01:32] [INFO   ] [sqlalchemy.engine.Engine:1848] [MainThread] - SELECT product.id, product.organization_id, product.category_id, product.sku, product.name, product.description, product.unit_of_measure, product.reference_price, product.cost_price, product.sale_price, product.external_code, product.brand, product.barcode, product.ncm, product.is_perishable, product.requires_batch, product.shelf_life_days, product.current_stock, product.min_stock, product.max_stock, product.storage_location, product.is_active, product.created_at, product.updated_at 
FROM product 
WHERE product.id = %(id_1)s::UUID AND product.organization_id = %(organization_id_1)s::UUID
[2026-08-22 23:01:32] [INFO   ] [sqlalchemy.engine.Engine:1848] [MainThread] - [cached since 0.8387s ago] {'id_1': UUID('fc7cf7f2-e000-4e34-afc7-a84b099f7a2a'), 'organization_id_1': UUID('31ad462d-899e-495d-b557-1b89f5c60954')}
[2026-08-22 23:01:32] [INFO   ] [sqlalchemy.engine.Engine:1848] [MainThread] - SELECT product_category.id AS product_category_id, product_category.organization_id AS product_category_organization_id, product_category.name AS product_category_name, product_category.code AS product_category_code, product_category.description AS product_category_description, product_category.is_active AS product_category_is_active, product_category.created_at AS product_category_created_at, product_category.updated_at AS product_category_updated_at 
FROM product_category 
WHERE product_category.id IN (%(primary_keys_1)s::UUID)
[2026-08-22 23:01:32] [INFO   ] [sqlalchemy.engine.Engine:1848] [MainThread] - [cached since 0.8378s ago] {'primary_keys_1': UUID('124e8f2b-980d-46a1-ab51-7620d82b4cb4')}
[2026-08-22 23:01:32] [INFO   ] [sqlalchemy.engine.Engine:1848] [MainThread] - SELECT business_document.id, business_document.organization_id, business_document.document_type, business_document.native_id, business_document.document_number, business_document.current_status, business_document.issued_at, business_document.created_by_id, business_document.created_at, business_document.updated_at 
FROM business_document 
WHERE business_document.organization_id = %(organization_id_1)s::UUID AND business_document.document_type = %(document_type_1)s::VARCHAR AND business_document.native_id = %(native_id_1)s::UUID
[2026-08-22 23:01:32] [INFO   ] [sqlalchemy.engine.Engine:1848] [MainThread] - [cached since 0.8374s ago] {'organization_id_1': UUID('31ad462d-899e-495d-b557-1b89f5c60954'), 'document_type_1': 'SALES_QUOTE', 'native_id_1': UUID('d78eea64-446d-49b9-b0d7-34489083af81')}
[2026-08-22 23:01:32] [INFO   ] [sqlalchemy.engine.Engine:1848] [MainThread] - INSERT INTO business_document (id, organization_id, document_type, native_id, document_number, current_status, issued_at, created_by_id, created_at, updated_at) VALUES (%(id)s::UUID, %(organization_id)s::UUID, %(document_type)s::VARCHAR, %(native_id)s::UUID, %(document_number)s::VARCHAR, %(current_status)s::VARCHAR, %(issued_at)s::TIMESTAMP WITH TIME ZONE, %(created_by_id)s::UUID, %(created_at)s::TIMESTAMP WITH TIME ZONE, %(updated_at)s::TIMESTAMP WITH TIME ZONE)
[2026-08-22 23:01:32] [INFO   ] [sqlalchemy.engine.Engine:1848] [MainThread] - [cached since 0.8317s ago] {'id': UUID('c2669629-1182-4e52-b3bf-4a134eefb548'), 'organization_id': UUID('31ad462d-899e-495d-b557-1b89f5c60954'), 'document_type': 'SALES_QUOTE', 'native_id': UUID('d78eea64-446d-49b9-b0d7-34489083af81'), 'document_number': 'ORC-20260822-0F9C', 'current_status': 'DRAFT', 'issued_at': None, 'created_by_id': UUID('a249f2a4-88e8-4b34-b351-a956ccd428dc'), 'created_at': datetime.datetime(2026, 8, 23, 2, 1, 32, 184027, tzinfo=datetime.timezone.utc), 'updated_at': datetime.datetime(2026, 8, 23, 2, 1, 32, 184028, tzinfo=datetime.timezone.utc)}
[2026-08-22 23:01:32] [INFO   ] [sqlalchemy.engine.Engine:1848] [MainThread] - INSERT INTO sales_quote (id, organization_id, customer_id, opportunity_id, document_id, quote_number, customer_name, customer_document, customer_email, customer_phone, total_amount, discount_amount, net_amount, payment_terms, valid_until, status, notes, created_by_id, created_at, updated_at) VALUES (%(id)s::UUID, %(organization_id)s::UUID, %(customer_id)s::UUID, %(opportunity_id)s::UUID, %(document_id)s::UUID, %(quote_number)s::VARCHAR, %(customer_name)s::VARCHAR, %(customer_document)s::VARCHAR, %(customer_email)s::VARCHAR, %(customer_phone)s::VARCHAR, %(total_amount)s, %(discount_amount)s, %(net_amount)s, %(payment_terms)s::VARCHAR, %(valid_until)s::DATE, %(status)s::VARCHAR, %(notes)s::VARCHAR, %(created_by_id)s::UUID, %(created_at)s::TIMESTAMP WITH TIME ZONE, %(updated_at)s::TIMESTAMP WITH TIME ZONE)
[2026-08-22 23:01:32] [INFO   ] [sqlalchemy.engine.Engine:1848] [MainThread] - [cached since 0.8289s ago] {'id': UUID('d78eea64-446d-49b9-b0d7-34489083af81'), 'organization_id': UUID('31ad462d-899e-495d-b557-1b89f5c60954'), 'customer_id': UUID('9602409f-697d-4bf2-84d6-e360753e537b'), 'opportunity_id': UUID('518451e8-655b-4c42-8d29-a8399d4ddd9f'), 'document_id': UUID('c2669629-1182-4e52-b3bf-4a134eefb548'), 'quote_number': 'ORC-20260822-0F9C', 'customer_name': 'Hospital Regional do Sul', 'customer_document': None, 'customer_email': None, 'customer_phone': None, 'total_amount': Decimal('6250.00'), 'discount_amount': Decimal('0.00'), 'net_amount': Decimal('6250.00'), 'payment_terms': '30 DDL', 'valid_until': datetime.date(2026, 9, 11), 'status': 'DRAFT', 'notes': "Cotação originada da Oportunidade CRM 'Aquisição de 500 caixas de Dipirona' (Valor Estimado: R$ 6250.00)", 'created_by_id': UUID('a249f2a4-88e8-4b34-b351-a956ccd428dc'), 'created_at': datetime.datetime(2026, 8, 23, 2, 1, 32, 185177, tzinfo=datetime.timezone.utc), 'updated_at': datetime.datetime(2026, 8, 23, 2, 1, 32, 185178, tzinfo=datetime.timezone.utc)}
[2026-08-22 23:01:32] [INFO   ] [sqlalchemy.engine.Engine:1848] [MainThread] - INSERT INTO sales_quote_item (id, quote_id, product_id, quantity, unit_price, discount_amount, total_price, notes) VALUES (%(id)s::UUID, %(quote_id)s::UUID, %(product_id)s::UUID, %(quantity)s, %(unit_price)s, %(discount_amount)s, %(total_price)s, %(notes)s::VARCHAR)
[2026-08-22 23:01:32] [INFO   ] [sqlalchemy.engine.Engine:1848] [MainThread] - [cached since 0.8238s ago] {'id': UUID('00fc0b08-3cc5-4010-8633-52e426be7edd'), 'quote_id': UUID('d78eea64-446d-49b9-b0d7-34489083af81'), 'product_id': UUID('fc7cf7f2-e000-4e34-afc7-a84b099f7a2a'), 'quantity': Decimal('500'), 'unit_price': Decimal('12.5'), 'discount_amount': Decimal('0'), 'total_price': Decimal('6250.0'), 'notes': None}
[2026-08-22 23:01:32] [INFO   ] [sqlalchemy.engine.Engine:1848] [MainThread] - SELECT sales_quote.id, sales_quote.organization_id, sales_quote.customer_id, sales_quote.opportunity_id, sales_quote.document_id, sales_quote.quote_number, sales_quote.customer_name, sales_quote.customer_document, sales_quote.customer_email, sales_quote.customer_phone, sales_quote.total_amount, sales_quote.discount_amount, sales_quote.net_amount, sales_quote.payment_terms, sales_quote.valid_until, sales_quote.status, sales_quote.notes, sales_quote.created_by_id, sales_quote.created_at, sales_quote.updated_at 
FROM sales_quote 
WHERE sales_quote.id = %(pk_1)s::UUID
[2026-08-22 23:01:32] [INFO   ] [sqlalchemy.engine.Engine:1848] [MainThread] - [cached since 0.8204s ago] {'pk_1': UUID('d78eea64-446d-49b9-b0d7-34489083af81')}
[2026-08-22 23:01:32] [INFO   ] [sqlalchemy.engine.Engine:1848] [MainThread] - SELECT sales_quote_item.id AS sales_quote_item_id, sales_quote_item.quote_id AS sales_quote_item_quote_id, sales_quote_item.product_id AS sales_quote_item_product_id, sales_quote_item.quantity AS sales_quote_item_quantity, sales_quote_item.unit_price AS sales_quote_item_unit_price, sales_quote_item.discount_amount AS sales_quote_item_discount_amount, sales_quote_item.total_price AS sales_quote_item_total_price, sales_quote_item.notes AS sales_quote_item_notes 
FROM sales_quote_item 
WHERE %(param_1)s::UUID = sales_quote_item.quote_id
[2026-08-22 23:01:32] [INFO   ] [sqlalchemy.engine.Engine:1848] [MainThread] - [cached since 0.8196s ago] {'param_1': UUID('d78eea64-446d-49b9-b0d7-34489083af81')}
[2026-08-22 23:01:32] [INFO   ] [sqlalchemy.engine.Engine:1848] [MainThread] - SELECT document_event.id, document_event.organization_id, document_event.document_id, document_event.event_type, document_event.previous_status, document_event.new_status, document_event.event_metadata, document_event.idempotency_key, document_event.created_by_id, document_event.created_at 
FROM document_event 
WHERE document_event.organization_id = %(organization_id_1)s::UUID AND document_event.idempotency_key = %(idempotency_key_1)s::VARCHAR
[2026-08-22 23:01:32] [INFO   ] [sqlalchemy.engine.Engine:1848] [MainThread] - [cached since 0.8187s ago] {'organization_id_1': UUID('31ad462d-899e-495d-b557-1b89f5c60954'), 'idempotency_key_1': 'sales-quote:d78eea64-446d-49b9-b0d7-34489083af81:created'}
[2026-08-22 23:01:32] [INFO   ] [sqlalchemy.engine.Engine:1848] [MainThread] - UPDATE business_document SET issued_at=%(issued_at)s::TIMESTAMP WITH TIME ZONE, updated_at=%(updated_at)s::TIMESTAMP WITH TIME ZONE WHERE business_document.id = %(business_document_id)s::UUID
[2026-08-22 23:01:32] [INFO   ] [sqlalchemy.engine.Engine:1848] [MainThread] - [cached since 0.8148s ago] {'issued_at': datetime.datetime(2026, 8, 23, 2, 1, 32, 185177, tzinfo=datetime.timezone.utc), 'updated_at': datetime.datetime(2026, 8, 23, 2, 1, 32, 190224, tzinfo=datetime.timezone.utc), 'business_document_id': UUID('c2669629-1182-4e52-b3bf-4a134eefb548')}
[2026-08-22 23:01:32] [INFO   ] [sqlalchemy.engine.Engine:1848] [MainThread] - INSERT INTO document_event (id, organization_id, document_id, event_type, previous_status, new_status, event_metadata, idempotency_key, created_by_id, created_at) VALUES (%(id)s::UUID, %(organization_id)s::UUID, %(document_id)s::UUID, %(event_type)s::VARCHAR, %(previous_status)s::VARCHAR, %(new_status)s::VARCHAR, %(event_metadata)s::JSON, %(idempotency_key)s::VARCHAR, %(created_by_id)s::UUID, %(created_at)s::TIMESTAMP WITH TIME ZONE)
[2026-08-22 23:01:32] [INFO   ] [sqlalchemy.engine.Engine:1848] [MainThread] - [cached since 0.8119s ago] {'id': UUID('bf57ecac-abf6-4742-b371-0fe74858640e'), 'organization_id': UUID('31ad462d-899e-495d-b557-1b89f5c60954'), 'document_id': UUID('c2669629-1182-4e52-b3bf-4a134eefb548'), 'event_type': 'CREATED', 'previous_status': None, 'new_status': 'DRAFT', 'event_metadata': Json({}), 'idempotency_key': 'sales-quote:d78eea64-446d-49b9-b0d7-34489083af81:created', 'created_by_id': UUID('a249f2a4-88e8-4b34-b351-a956ccd428dc'), 'created_at': datetime.datetime(2026, 8, 23, 2, 1, 32, 191050, tzinfo=datetime.timezone.utc)}
[2026-08-22 23:01:32] [INFO   ] [sqlalchemy.engine.Engine:1848] [MainThread] - UPDATE opportunity SET stage=%(stage)s::VARCHAR, updated_at=%(updated_at)s::TIMESTAMP WITH TIME ZONE WHERE opportunity.id = %(opportunity_id)s::UUID
[2026-08-22 23:01:32] [INFO   ] [sqlalchemy.engine.Engine:1848] [MainThread] - [cached since 0.9544s ago] {'stage': 'PROPOSAL', 'updated_at': datetime.datetime(2026, 8, 23, 2, 1, 32, 192196, tzinfo=datetime.timezone.utc), 'opportunity_id': UUID('518451e8-655b-4c42-8d29-a8399d4ddd9f')}
[2026-08-22 23:01:32] [INFO   ] [sqlalchemy.engine.Engine:1848] [MainThread] - SELECT opportunity.id, opportunity.organization_id, opportunity.lead_id, opportunity.customer_id, opportunity.contact_id, opportunity.title, opportunity.customer_name, opportunity.estimated_amount, opportunity.probability_percent, opportunity.expected_closing_date, opportunity.stage, opportunity.loss_reason, opportunity.assigned_to_id, opportunity.created_at, opportunity.updated_at 
FROM opportunity 
WHERE opportunity.id = %(pk_1)s::UUID
[2026-08-22 23:01:32] [INFO   ] [sqlalchemy.engine.Engine:1848] [MainThread] - [cached since 0.9591s ago] {'pk_1': UUID('518451e8-655b-4c42-8d29-a8399d4ddd9f')}
[2026-08-22 23:01:32] [INFO   ] [sqlalchemy.engine.Engine:1848] [MainThread] - SELECT sales_quote.id, sales_quote.organization_id, sales_quote.customer_id, sales_quote.opportunity_id, sales_quote.document_id, sales_quote.quote_number, sales_quote.customer_name, sales_quote.customer_document, sales_quote.customer_email, sales_quote.customer_phone, sales_quote.total_amount, sales_quote.discount_amount, sales_quote.net_amount, sales_quote.payment_terms, sales_quote.valid_until, sales_quote.status, sales_quote.notes, sales_quote.created_by_id, sales_quote.created_at, sales_quote.updated_at 
FROM sales_quote 
WHERE sales_quote.id = %(id_1)s::UUID AND sales_quote.organization_id = %(organization_id_1)s::UUID FOR UPDATE
[2026-08-22 23:01:32] [INFO   ] [sqlalchemy.engine.Engine:1848] [MainThread] - [cached since 0.5776s ago] {'id_1': UUID('d78eea64-446d-49b9-b0d7-34489083af81'), 'organization_id_1': UUID('31ad462d-899e-495d-b557-1b89f5c60954')}
[2026-08-22 23:01:32] [INFO   ] [sqlalchemy.engine.Engine:1848] [MainThread] - SELECT opportunity.id AS opportunity_id, opportunity.organization_id AS opportunity_organization_id, opportunity.lead_id AS opportunity_lead_id, opportunity.customer_id AS opportunity_customer_id, opportunity.contact_id AS opportunity_contact_id, opportunity.title AS opportunity_title, opportunity.customer_name AS opportunity_customer_name, opportunity.estimated_amount AS opportunity_estimated_amount, opportunity.probability_percent AS opportunity_probability_percent, opportunity.expected_closing_date AS opportunity_expected_closing_date, opportunity.stage AS opportunity_stage, opportunity.loss_reason AS opportunity_loss_reason, opportunity.assigned_to_id AS opportunity_assigned_to_id, opportunity.created_at AS opportunity_created_at, opportunity.updated_at AS opportunity_updated_at 
FROM opportunity 
WHERE opportunity.id IN (%(primary_keys_1)s::UUID)
[2026-08-22 23:01:32] [INFO   ] [sqlalchemy.engine.Engine:1848] [MainThread] - [generated in 0.00015s] {'primary_keys_1': UUID('518451e8-655b-4c42-8d29-a8399d4ddd9f')}
[2026-08-22 23:01:32] [INFO   ] [sqlalchemy.engine.Engine:1848] [MainThread] - SELECT sales_quote_item.quote_id AS sales_quote_item_quote_id, sales_quote_item.id AS sales_quote_item_id, sales_quote_item.product_id AS sales_quote_item_product_id, sales_quote_item.quantity AS sales_quote_item_quantity, sales_quote_item.unit_price AS sales_quote_item_unit_price, sales_quote_item.discount_amount AS sales_quote_item_discount_amount, sales_quote_item.total_price AS sales_quote_item_total_price, sales_quote_item.notes AS sales_quote_item_notes 
FROM sales_quote_item 
WHERE sales_quote_item.quote_id IN (%(primary_keys_1)s::UUID)
[2026-08-22 23:01:32] [INFO   ] [sqlalchemy.engine.Engine:1848] [MainThread] - [cached since 0.5784s ago] {'primary_keys_1': UUID('d78eea64-446d-49b9-b0d7-34489083af81')}
[2026-08-22 23:01:32] [INFO   ] [sqlalchemy.engine.Engine:1848] [MainThread] - SELECT business_document.id, business_document.organization_id, business_document.document_type, business_document.native_id, business_document.document_number, business_document.current_status, business_document.issued_at, business_document.created_by_id, business_document.created_at, business_document.updated_at 
FROM business_document 
WHERE business_document.organization_id = %(organization_id_1)s::UUID AND business_document.document_type = %(document_type_1)s::VARCHAR AND business_document.native_id = %(native_id_1)s::UUID
[2026-08-22 23:01:32] [INFO   ] [sqlalchemy.engine.Engine:1848] [MainThread] - [cached since 0.8521s ago] {'organization_id_1': UUID('31ad462d-899e-495d-b557-1b89f5c60954'), 'document_type_1': 'SALES_QUOTE', 'native_id_1': UUID('d78eea64-446d-49b9-b0d7-34489083af81')}
[2026-08-22 23:01:32] [INFO   ] [sqlalchemy.engine.Engine:1848] [MainThread] - SELECT document_relation.parent_document_id AS document_relation_parent_document_id, document_relation.id AS document_relation_id, document_relation.organization_id AS document_relation_organization_id, document_relation.child_document_id AS document_relation_child_document_id, document_relation.relation_type AS document_relation_relation_type, document_relation.relation_metadata AS document_relation_relation_metadata, document_relation.created_by_id AS document_relation_created_by_id, document_relation.created_at AS document_relation_created_at 
FROM document_relation 
WHERE document_relation.parent_document_id IN (%(primary_keys_1)s::UUID)
[2026-08-22 23:01:32] [INFO   ] [sqlalchemy.engine.Engine:1848] [MainThread] - [cached since 0.5679s ago] {'primary_keys_1': UUID('c2669629-1182-4e52-b3bf-4a134eefb548')}
[2026-08-22 23:01:32] [INFO   ] [sqlalchemy.engine.Engine:1848] [MainThread] - SELECT business_document_1.id AS business_document_1_id, document_event.id AS document_event_id, document_event.organization_id AS document_event_organization_id, document_event.document_id AS document_event_document_id, document_event.event_type AS document_event_event_type, document_event.previous_status AS document_event_previous_status, document_event.new_status AS document_event_new_status, document_event.event_metadata AS document_event_event_metadata, document_event.idempotency_key AS document_event_idempotency_key, document_event.created_by_id AS document_event_created_by_id, document_event.created_at AS document_event_created_at 
FROM business_document AS business_document_1 JOIN document_event ON business_document_1.organization_id = document_event.organization_id AND business_document_1.id = document_event.document_id 
WHERE business_document_1.id IN (%(primary_keys_1)s::UUID) ORDER BY document_event.created_at
[2026-08-22 23:01:32] [INFO   ] [sqlalchemy.engine.Engine:1848] [MainThread] - [cached since 0.5614s ago] {'primary_keys_1': UUID('c2669629-1182-4e52-b3bf-4a134eefb548')}
[2026-08-22 23:01:32] [INFO   ] [sqlalchemy.engine.Engine:1848] [MainThread] - SELECT document_relation.child_document_id AS document_relation_child_document_id, document_relation.id AS document_relation_id, document_relation.organization_id AS document_relation_organization_id, document_relation.parent_document_id AS document_relation_parent_document_id, document_relation.relation_type AS document_relation_relation_type, document_relation.relation_metadata AS document_relation_relation_metadata, document_relation.created_by_id AS document_relation_created_by_id, document_relation.created_at AS document_relation_created_at 
FROM document_relation 
WHERE document_relation.child_document_id IN (%(primary_keys_1)s::UUID)
[2026-08-22 23:01:32] [INFO   ] [sqlalchemy.engine.Engine:1848] [MainThread] - [cached since 0.5608s ago] {'primary_keys_1': UUID('c2669629-1182-4e52-b3bf-4a134eefb548')}
[2026-08-22 23:01:32] [INFO   ] [sqlalchemy.engine.Engine:1848] [MainThread] - SELECT document_event.id, document_event.organization_id, document_event.document_id, document_event.event_type, document_event.previous_status, document_event.new_status, document_event.event_metadata, document_event.idempotency_key, document_event.created_by_id, document_event.created_at 
FROM document_event 
WHERE document_event.organization_id = %(organization_id_1)s::UUID AND document_event.idempotency_key = %(idempotency_key_1)s::VARCHAR
[2026-08-22 23:01:32] [INFO   ] [sqlalchemy.engine.Engine:1848] [MainThread] - [cached since 0.8312s ago] {'organization_id_1': UUID('31ad462d-899e-495d-b557-1b89f5c60954'), 'idempotency_key_1': 'sales-quote:d78eea64-446d-49b9-b0d7-34489083af81:status:draft:approved'}
[2026-08-22 23:01:32] [INFO   ] [sqlalchemy.engine.Engine:1848] [MainThread] - INSERT INTO document_event (id, organization_id, document_id, event_type, previous_status, new_status, event_metadata, idempotency_key, created_by_id, created_at) VALUES (%(id)s::UUID, %(organization_id)s::UUID, %(document_id)s::UUID, %(event_type)s::VARCHAR, %(previous_status)s::VARCHAR, %(new_status)s::VARCHAR, %(event_metadata)s::JSON, %(idempotency_key)s::VARCHAR, %(created_by_id)s::UUID, %(created_at)s::TIMESTAMP WITH TIME ZONE)
[2026-08-22 23:01:32] [INFO   ] [sqlalchemy.engine.Engine:1848] [MainThread] - [cached since 0.8237s ago] {'id': UUID('d7dfcd55-1c75-4db8-9e4f-0720a7477915'), 'organization_id': UUID('31ad462d-899e-495d-b557-1b89f5c60954'), 'document_id': UUID('c2669629-1182-4e52-b3bf-4a134eefb548'), 'event_type': 'STATUS_CHANGED', 'previous_status': 'DRAFT', 'new_status': 'APPROVED', 'event_metadata': Json({'quote_id': 'd78eea64-446d-49b9-b0 ... (52 chars)), 'idempotency_key': 'sales-quote:d78eea64-446d-49b9-b0d7-34489083af81:status:draft:approved', 'created_by_id': UUID('a249f2a4-88e8-4b34-b351-a956ccd428dc'), 'created_at': datetime.datetime(2026, 8, 23, 2, 1, 32, 202869, tzinfo=datetime.timezone.utc)}
[2026-08-22 23:01:32] [INFO   ] [sqlalchemy.engine.Engine:1848] [MainThread] - UPDATE sales_quote SET status=%(status)s::VARCHAR, updated_at=%(updated_at)s::TIMESTAMP WITH TIME ZONE WHERE sales_quote.id = %(sales_quote_id)s::UUID
[2026-08-22 23:01:32] [INFO   ] [sqlalchemy.engine.Engine:1848] [MainThread] - [cached since 0.5603s ago] {'status': 'APPROVED', 'updated_at': datetime.datetime(2026, 8, 23, 2, 1, 32, 203749, tzinfo=datetime.timezone.utc), 'sales_quote_id': UUID('d78eea64-446d-49b9-b0d7-34489083af81')}
[2026-08-22 23:01:32] [INFO   ] [sqlalchemy.engine.Engine:1848] [MainThread] - UPDATE business_document SET current_status=%(current_status)s::VARCHAR, updated_at=%(updated_at)s::TIMESTAMP WITH TIME ZONE WHERE business_document.id = %(business_document_id)s::UUID
[2026-08-22 23:01:32] [INFO   ] [sqlalchemy.engine.Engine:1848] [MainThread] - [cached since 0.5604s ago] {'current_status': 'APPROVED', 'updated_at': datetime.datetime(2026, 8, 23, 2, 1, 32, 205066, tzinfo=datetime.timezone.utc), 'business_document_id': UUID('c2669629-1182-4e52-b3bf-4a134eefb548')}
[2026-08-22 23:01:32] [INFO   ] [sqlalchemy.engine.Engine:1848] [MainThread] - SELECT sales_quote.id, sales_quote.organization_id, sales_quote.customer_id, sales_quote.opportunity_id, sales_quote.document_id, sales_quote.quote_number, sales_quote.customer_name, sales_quote.customer_document, sales_quote.customer_email, sales_quote.customer_phone, sales_quote.total_amount, sales_quote.discount_amount, sales_quote.net_amount, sales_quote.payment_terms, sales_quote.valid_until, sales_quote.status, sales_quote.notes, sales_quote.created_by_id, sales_quote.created_at, sales_quote.updated_at 
FROM sales_quote 
WHERE sales_quote.id = %(id_1)s::UUID AND sales_quote.organization_id = %(organization_id_1)s::UUID FOR UPDATE
[2026-08-22 23:01:32] [INFO   ] [sqlalchemy.engine.Engine:1848] [MainThread] - [cached since 0.5894s ago] {'id_1': UUID('d78eea64-446d-49b9-b0d7-34489083af81'), 'organization_id_1': UUID('31ad462d-899e-495d-b557-1b89f5c60954')}
[2026-08-22 23:01:32] [INFO   ] [sqlalchemy.engine.Engine:1848] [MainThread] - SELECT opportunity.id AS opportunity_id, opportunity.organization_id AS opportunity_organization_id, opportunity.lead_id AS opportunity_lead_id, opportunity.customer_id AS opportunity_customer_id, opportunity.contact_id AS opportunity_contact_id, opportunity.title AS opportunity_title, opportunity.customer_name AS opportunity_customer_name, opportunity.estimated_amount AS opportunity_estimated_amount, opportunity.probability_percent AS opportunity_probability_percent, opportunity.expected_closing_date AS opportunity_expected_closing_date, opportunity.stage AS opportunity_stage, opportunity.loss_reason AS opportunity_loss_reason, opportunity.assigned_to_id AS opportunity_assigned_to_id, opportunity.created_at AS opportunity_created_at, opportunity.updated_at AS opportunity_updated_at 
FROM opportunity 
WHERE opportunity.id IN (%(primary_keys_1)s::UUID)
[2026-08-22 23:01:32] [INFO   ] [sqlalchemy.engine.Engine:1848] [MainThread] - [cached since 0.01147s ago] {'primary_keys_1': UUID('518451e8-655b-4c42-8d29-a8399d4ddd9f')}
[2026-08-22 23:01:32] [INFO   ] [sqlalchemy.engine.Engine:1848] [MainThread] - SELECT sales_quote_item.quote_id AS sales_quote_item_quote_id, sales_quote_item.id AS sales_quote_item_id, sales_quote_item.product_id AS sales_quote_item_product_id, sales_quote_item.quantity AS sales_quote_item_quantity, sales_quote_item.unit_price AS sales_quote_item_unit_price, sales_quote_item.discount_amount AS sales_quote_item_discount_amount, sales_quote_item.total_price AS sales_quote_item_total_price, sales_quote_item.notes AS sales_quote_item_notes 
FROM sales_quote_item 
WHERE sales_quote_item.quote_id IN (%(primary_keys_1)s::UUID)
[2026-08-22 23:01:32] [INFO   ] [sqlalchemy.engine.Engine:1848] [MainThread] - [cached since 0.5896s ago] {'primary_keys_1': UUID('d78eea64-446d-49b9-b0d7-34489083af81')}
[2026-08-22 23:01:32] [INFO   ] [sqlalchemy.engine.Engine:1848] [MainThread] - SELECT sales_order.id, sales_order.organization_id, sales_order.customer_id, sales_order.sales_quote_id, sales_order.opportunity_id, sales_order.document_id, sales_order.order_number, sales_order.customer_name, sales_order.customer_document, sales_order.total_amount, sales_order.discount_amount, sales_order.net_amount, sales_order.payment_terms, sales_order.delivery_status, sales_order.billing_status, sales_order.status, sales_order.notes, sales_order.created_by_id, sales_order.created_at, sales_order.updated_at 
FROM sales_order 
WHERE sales_order.sales_quote_id = %(sales_quote_id_1)s::UUID AND sales_order.organization_id = %(organization_id_1)s::UUID
[2026-08-22 23:01:32] [INFO   ] [sqlalchemy.engine.Engine:1848] [MainThread] - [cached since 0.5892s ago] {'sales_quote_id_1': UUID('d78eea64-446d-49b9-b0d7-34489083af81'), 'organization_id_1': UUID('31ad462d-899e-495d-b557-1b89f5c60954')}
[2026-08-22 23:01:32] [INFO   ] [sqlalchemy.engine.Engine:1848] [MainThread] - SELECT customer.id, customer.organization_id, customer.contact_id, customer.person_type, customer.document, customer.name, customer.trade_name, customer.state_registration, customer.email, customer.phone, customer.address_street, customer.address_number, customer.address_neighborhood, customer.address_city, customer.address_state, customer.address_zip_code, customer.credit_limit, customer.is_active, customer.notes, customer.created_at, customer.updated_at 
FROM customer 
WHERE customer.id = %(id_1)s::UUID AND customer.organization_id = %(organization_id_1)s::UUID
[2026-08-22 23:01:32] [INFO   ] [sqlalchemy.engine.Engine:1848] [MainThread] - [cached since 0.9862s ago] {'id_1': UUID('9602409f-697d-4bf2-84d6-e360753e537b'), 'organization_id_1': UUID('31ad462d-899e-495d-b557-1b89f5c60954')}
[2026-08-22 23:01:32] [INFO   ] [sqlalchemy.engine.Engine:1848] [MainThread] - SELECT opportunity.id, opportunity.organization_id, opportunity.lead_id, opportunity.customer_id, opportunity.contact_id, opportunity.title, opportunity.customer_name, opportunity.estimated_amount, opportunity.probability_percent, opportunity.expected_closing_date, opportunity.stage, opportunity.loss_reason, opportunity.assigned_to_id, opportunity.created_at, opportunity.updated_at 
FROM opportunity 
WHERE opportunity.id = %(id_1)s::UUID AND opportunity.organization_id = %(organization_id_1)s::UUID
[2026-08-22 23:01:32] [INFO   ] [sqlalchemy.engine.Engine:1848] [MainThread] - [cached since 0.975s ago] {'id_1': UUID('518451e8-655b-4c42-8d29-a8399d4ddd9f'), 'organization_id_1': UUID('31ad462d-899e-495d-b557-1b89f5c60954')}
[2026-08-22 23:01:32] [INFO   ] [sqlalchemy.engine.Engine:1848] [MainThread] - SELECT product.id, product.organization_id, product.category_id, product.sku, product.name, product.description, product.unit_of_measure, product.reference_price, product.cost_price, product.sale_price, product.external_code, product.brand, product.barcode, product.ncm, product.is_perishable, product.requires_batch, product.shelf_life_days, product.current_stock, product.min_stock, product.max_stock, product.storage_location, product.is_active, product.created_at, product.updated_at 
FROM product 
WHERE product.id = %(id_1)s::UUID AND product.organization_id = %(organization_id_1)s::UUID
[2026-08-22 23:01:32] [INFO   ] [sqlalchemy.engine.Engine:1848] [MainThread] - [cached since 0.8699s ago] {'id_1': UUID('fc7cf7f2-e000-4e34-afc7-a84b099f7a2a'), 'organization_id_1': UUID('31ad462d-899e-495d-b557-1b89f5c60954')}
[2026-08-22 23:01:32] [INFO   ] [sqlalchemy.engine.Engine:1848] [MainThread] - SELECT product_category.id AS product_category_id, product_category.organization_id AS product_category_organization_id, product_category.name AS product_category_name, product_category.code AS product_category_code, product_category.description AS product_category_description, product_category.is_active AS product_category_is_active, product_category.created_at AS product_category_created_at, product_category.updated_at AS product_category_updated_at 
FROM product_category 
WHERE product_category.id IN (%(primary_keys_1)s::UUID)
[2026-08-22 23:01:32] [INFO   ] [sqlalchemy.engine.Engine:1848] [MainThread] - [cached since 0.869s ago] {'primary_keys_1': UUID('124e8f2b-980d-46a1-ab51-7620d82b4cb4')}
[2026-08-22 23:01:32] [INFO   ] [sqlalchemy.engine.Engine:1848] [MainThread] - SELECT business_document.id, business_document.organization_id, business_document.document_type, business_document.native_id, business_document.document_number, business_document.current_status, business_document.issued_at, business_document.created_by_id, business_document.created_at, business_document.updated_at 
FROM business_document 
WHERE business_document.organization_id = %(organization_id_1)s::UUID AND business_document.document_type = %(document_type_1)s::VARCHAR AND business_document.native_id = %(native_id_1)s::UUID
[2026-08-22 23:01:32] [INFO   ] [sqlalchemy.engine.Engine:1848] [MainThread] - [cached since 0.8685s ago] {'organization_id_1': UUID('31ad462d-899e-495d-b557-1b89f5c60954'), 'document_type_1': 'SALES_QUOTE', 'native_id_1': UUID('d78eea64-446d-49b9-b0d7-34489083af81')}
[2026-08-22 23:01:32] [INFO   ] [sqlalchemy.engine.Engine:1848] [MainThread] - SELECT document_relation.parent_document_id AS document_relation_parent_document_id, document_relation.id AS document_relation_id, document_relation.organization_id AS document_relation_organization_id, document_relation.child_document_id AS document_relation_child_document_id, document_relation.relation_type AS document_relation_relation_type, document_relation.relation_metadata AS document_relation_relation_metadata, document_relation.created_by_id AS document_relation_created_by_id, document_relation.created_at AS document_relation_created_at 
FROM document_relation 
WHERE document_relation.parent_document_id IN (%(primary_keys_1)s::UUID)
[2026-08-22 23:01:32] [INFO   ] [sqlalchemy.engine.Engine:1848] [MainThread] - [cached since 0.5844s ago] {'primary_keys_1': UUID('c2669629-1182-4e52-b3bf-4a134eefb548')}
[2026-08-22 23:01:32] [INFO   ] [sqlalchemy.engine.Engine:1848] [MainThread] - SELECT business_document_1.id AS business_document_1_id, document_event.id AS document_event_id, document_event.organization_id AS document_event_organization_id, document_event.document_id AS document_event_document_id, document_event.event_type AS document_event_event_type, document_event.previous_status AS document_event_previous_status, document_event.new_status AS document_event_new_status, document_event.event_metadata AS document_event_event_metadata, document_event.idempotency_key AS document_event_idempotency_key, document_event.created_by_id AS document_event_created_by_id, document_event.created_at AS document_event_created_at 
FROM business_document AS business_document_1 JOIN document_event ON business_document_1.organization_id = document_event.organization_id AND business_document_1.id = document_event.document_id 
WHERE business_document_1.id IN (%(primary_keys_1)s::UUID) ORDER BY document_event.created_at
[2026-08-22 23:01:32] [INFO   ] [sqlalchemy.engine.Engine:1848] [MainThread] - [cached since 0.5779s ago] {'primary_keys_1': UUID('c2669629-1182-4e52-b3bf-4a134eefb548')}
[2026-08-22 23:01:32] [INFO   ] [sqlalchemy.engine.Engine:1848] [MainThread] - SELECT document_relation.child_document_id AS document_relation_child_document_id, document_relation.id AS document_relation_id, document_relation.organization_id AS document_relation_organization_id, document_relation.parent_document_id AS document_relation_parent_document_id, document_relation.relation_type AS document_relation_relation_type, document_relation.relation_metadata AS document_relation_relation_metadata, document_relation.created_by_id AS document_relation_created_by_id, document_relation.created_at AS document_relation_created_at 
FROM document_relation 
WHERE document_relation.child_document_id IN (%(primary_keys_1)s::UUID)
[2026-08-22 23:01:32] [INFO   ] [sqlalchemy.engine.Engine:1848] [MainThread] - [cached since 0.5773s ago] {'primary_keys_1': UUID('c2669629-1182-4e52-b3bf-4a134eefb548')}
[2026-08-22 23:01:32] [INFO   ] [sqlalchemy.engine.Engine:1848] [MainThread] - SELECT business_document.id, business_document.organization_id, business_document.document_type, business_document.native_id, business_document.document_number, business_document.current_status, business_document.issued_at, business_document.created_by_id, business_document.created_at, business_document.updated_at 
FROM business_document 
WHERE business_document.organization_id = %(organization_id_1)s::UUID AND business_document.document_type = %(document_type_1)s::VARCHAR AND business_document.native_id = %(native_id_1)s::UUID
[2026-08-22 23:01:32] [INFO   ] [sqlalchemy.engine.Engine:1848] [MainThread] - [cached since 0.8727s ago] {'organization_id_1': UUID('31ad462d-899e-495d-b557-1b89f5c60954'), 'document_type_1': 'SALES_ORDER', 'native_id_1': UUID('6813cc4d-9019-4ac1-a729-eb132a040a7a')}
[2026-08-22 23:01:32] [INFO   ] [sqlalchemy.engine.Engine:1848] [MainThread] - INSERT INTO business_document (id, organization_id, document_type, native_id, document_number, current_status, issued_at, created_by_id, created_at, updated_at) VALUES (%(id)s::UUID, %(organization_id)s::UUID, %(document_type)s::VARCHAR, %(native_id)s::UUID, %(document_number)s::VARCHAR, %(current_status)s::VARCHAR, %(issued_at)s::TIMESTAMP WITH TIME ZONE, %(created_by_id)s::UUID, %(created_at)s::TIMESTAMP WITH TIME ZONE, %(updated_at)s::TIMESTAMP WITH TIME ZONE)
[2026-08-22 23:01:32] [INFO   ] [sqlalchemy.engine.Engine:1848] [MainThread] - [cached since 0.8671s ago] {'id': UUID('0db1c050-6a7e-4cf9-b1c0-202f8d44bd68'), 'organization_id': UUID('31ad462d-899e-495d-b557-1b89f5c60954'), 'document_type': 'SALES_ORDER', 'native_id': UUID('6813cc4d-9019-4ac1-a729-eb132a040a7a'), 'document_number': 'PED-20260822-7378', 'current_status': 'CONFIRMED', 'issued_at': None, 'created_by_id': UUID('a249f2a4-88e8-4b34-b351-a956ccd428dc'), 'created_at': datetime.datetime(2026, 8, 23, 2, 1, 32, 219382, tzinfo=datetime.timezone.utc), 'updated_at': datetime.datetime(2026, 8, 23, 2, 1, 32, 219383, tzinfo=datetime.timezone.utc)}
[2026-08-22 23:01:32] [INFO   ] [sqlalchemy.engine.Engine:1848] [MainThread] - SELECT document_relation.id, document_relation.organization_id, document_relation.parent_document_id, document_relation.child_document_id, document_relation.relation_type, document_relation.relation_metadata, document_relation.created_by_id, document_relation.created_at 
FROM document_relation 
WHERE document_relation.parent_document_id = %(parent_document_id_1)s::UUID AND document_relation.child_document_id = %(child_document_id_1)s::UUID AND document_relation.relation_type = %(relation_type_1)s::VARCHAR
[2026-08-22 23:01:32] [INFO   ] [sqlalchemy.engine.Engine:1848] [MainThread] - [cached since 0.5599s ago] {'parent_document_id_1': UUID('c2669629-1182-4e52-b3bf-4a134eefb548'), 'child_document_id_1': UUID('0db1c050-6a7e-4cf9-b1c0-202f8d44bd68'), 'relation_type_1': 'CONVERTED_TO'}
[2026-08-22 23:01:32] [INFO   ] [sqlalchemy.engine.Engine:1848] [MainThread] - INSERT INTO document_relation (id, organization_id, parent_document_id, child_document_id, relation_type, relation_metadata, created_by_id, created_at) VALUES (%(id)s::UUID, %(organization_id)s::UUID, %(parent_document_id)s::UUID, %(child_document_id)s::UUID, %(relation_type)s::VARCHAR, %(relation_metadata)s::JSON, %(created_by_id)s::UUID, %(created_at)s::TIMESTAMP WITH TIME ZONE)
[2026-08-22 23:01:32] [INFO   ] [sqlalchemy.engine.Engine:1848] [MainThread] - [cached since 0.5595s ago] {'id': UUID('1e0db98e-55b1-47cc-9c37-471f8ec75eac'), 'organization_id': UUID('31ad462d-899e-495d-b557-1b89f5c60954'), 'parent_document_id': UUID('c2669629-1182-4e52-b3bf-4a134eefb548'), 'child_document_id': UUID('0db1c050-6a7e-4cf9-b1c0-202f8d44bd68'), 'relation_type': 'CONVERTED_TO', 'relation_metadata': Json({'quote_id': 'd78eea64-446d-49b9-b0 ... (104 chars)), 'created_by_id': UUID('a249f2a4-88e8-4b34-b351-a956ccd428dc'), 'created_at': datetime.datetime(2026, 8, 23, 2, 1, 32, 221341, tzinfo=datetime.timezone.utc)}
[2026-08-22 23:01:32] [INFO   ] [sqlalchemy.engine.Engine:1848] [MainThread] - SELECT document_event.id, document_event.organization_id, document_event.document_id, document_event.event_type, document_event.previous_status, document_event.new_status, document_event.event_metadata, document_event.idempotency_key, document_event.created_by_id, document_event.created_at 
FROM document_event 
WHERE document_event.organization_id = %(organization_id_1)s::UUID AND document_event.idempotency_key = %(idempotency_key_1)s::VARCHAR
[2026-08-22 23:01:32] [INFO   ] [sqlalchemy.engine.Engine:1848] [MainThread] - [cached since 0.852s ago] {'organization_id_1': UUID('31ad462d-899e-495d-b557-1b89f5c60954'), 'idempotency_key_1': 'sales-order:6813cc4d-9019-4ac1-a729-eb132a040a7a:created'}
[2026-08-22 23:01:32] [INFO   ] [sqlalchemy.engine.Engine:1848] [MainThread] - INSERT INTO document_event (id, organization_id, document_id, event_type, previous_status, new_status, event_metadata, idempotency_key, created_by_id, created_at) VALUES (%(id)s::UUID, %(organization_id)s::UUID, %(document_id)s::UUID, %(event_type)s::VARCHAR, %(previous_status)s::VARCHAR, %(new_status)s::VARCHAR, %(event_metadata)s::JSON, %(idempotency_key)s::VARCHAR, %(created_by_id)s::UUID, %(created_at)s::TIMESTAMP WITH TIME ZONE)
[2026-08-22 23:01:32] [INFO   ] [sqlalchemy.engine.Engine:1848] [MainThread] - [cached since 0.8443s ago] {'id': UUID('5fb06828-5ba4-4127-9da9-c5fa836a78b2'), 'organization_id': UUID('31ad462d-899e-495d-b557-1b89f5c60954'), 'document_id': UUID('0db1c050-6a7e-4cf9-b1c0-202f8d44bd68'), 'event_type': 'CREATED', 'previous_status': None, 'new_status': 'CONFIRMED', 'event_metadata': Json({'origin': 'SALES_QUOTE', 'quote_id ... (77 chars)), 'idempotency_key': 'sales-order:6813cc4d-9019-4ac1-a729-eb132a040a7a:created', 'created_by_id': UUID('a249f2a4-88e8-4b34-b351-a956ccd428dc'), 'created_at': datetime.datetime(2026, 8, 23, 2, 1, 32, 223411, tzinfo=datetime.timezone.utc)}
[2026-08-22 23:01:32] [INFO   ] [sqlalchemy.engine.Engine:1848] [MainThread] - SELECT document_event.id, document_event.organization_id, document_event.document_id, document_event.event_type, document_event.previous_status, document_event.new_status, document_event.event_metadata, document_event.idempotency_key, document_event.created_by_id, document_event.created_at 
FROM document_event 
WHERE document_event.organization_id = %(organization_id_1)s::UUID AND document_event.idempotency_key = %(idempotency_key_1)s::VARCHAR
[2026-08-22 23:01:32] [INFO   ] [sqlalchemy.engine.Engine:1848] [MainThread] - [cached since 0.8539s ago] {'organization_id_1': UUID('31ad462d-899e-495d-b557-1b89f5c60954'), 'idempotency_key_1': 'sales-quote:d78eea64-446d-49b9-b0d7-34489083af81:converted-to:6813cc4d-9019-4ac1-a729-eb132a040a7a'}
[2026-08-22 23:01:32] [INFO   ] [sqlalchemy.engine.Engine:1848] [MainThread] - INSERT INTO document_event (id, organization_id, document_id, event_type, previous_status, new_status, event_metadata, idempotency_key, created_by_id, created_at) VALUES (%(id)s::UUID, %(organization_id)s::UUID, %(document_id)s::UUID, %(event_type)s::VARCHAR, %(previous_status)s::VARCHAR, %(new_status)s::VARCHAR, %(event_metadata)s::JSON, %(idempotency_key)s::VARCHAR, %(created_by_id)s::UUID, %(created_at)s::TIMESTAMP WITH TIME ZONE)
[2026-08-22 23:01:32] [INFO   ] [sqlalchemy.engine.Engine:1848] [MainThread] - [cached since 0.8463s ago] {'id': UUID('dbb4ceea-1a36-4e2b-9dde-b7d3f2167a7b'), 'organization_id': UUID('31ad462d-899e-495d-b557-1b89f5c60954'), 'document_id': UUID('c2669629-1182-4e52-b3bf-4a134eefb548'), 'event_type': 'CONVERTED_TO_ORDER', 'previous_status': 'APPROVED', 'new_status': 'CONVERTED', 'event_metadata': Json({'order_id': '6813cc4d-9019-4ac1-a7 ... (52 chars)), 'idempotency_key': 'sales-quote:d78eea64-446d-49b9-b0d7-34489083af81:converted-to:6813cc4d-9019-4ac1-a729-eb132a040a7a', 'created_by_id': UUID('a249f2a4-88e8-4b34-b351-a956ccd428dc'), 'created_at': datetime.datetime(2026, 8, 23, 2, 1, 32, 225390, tzinfo=datetime.timezone.utc)}
[2026-08-22 23:01:32] [INFO   ] [sqlalchemy.engine.Engine:1848] [MainThread] - UPDATE opportunity SET stage=%(stage)s::VARCHAR, updated_at=%(updated_at)s::TIMESTAMP WITH TIME ZONE WHERE opportunity.id = %(opportunity_id)s::UUID
[2026-08-22 23:01:32] [INFO   ] [sqlalchemy.engine.Engine:1848] [MainThread] - [cached since 0.9892s ago] {'stage': 'WON', 'updated_at': datetime.datetime(2026, 8, 23, 2, 1, 32, 226943, tzinfo=datetime.timezone.utc), 'opportunity_id': UUID('518451e8-655b-4c42-8d29-a8399d4ddd9f')}
[2026-08-22 23:01:32] [INFO   ] [sqlalchemy.engine.Engine:1848] [MainThread] - UPDATE business_document SET current_status=%(current_status)s::VARCHAR, updated_at=%(updated_at)s::TIMESTAMP WITH TIME ZONE WHERE business_document.id = %(business_document_id)s::UUID
[2026-08-22 23:01:32] [INFO   ] [sqlalchemy.engine.Engine:1848] [MainThread] - [cached since 0.5832s ago] {'current_status': 'CONVERTED', 'updated_at': datetime.datetime(2026, 8, 23, 2, 1, 32, 227825, tzinfo=datetime.timezone.utc), 'business_document_id': UUID('c2669629-1182-4e52-b3bf-4a134eefb548')}
[2026-08-22 23:01:32] [INFO   ] [sqlalchemy.engine.Engine:1848] [MainThread] - INSERT INTO sales_order (id, organization_id, customer_id, sales_quote_id, opportunity_id, document_id, order_number, customer_name, customer_document, total_amount, discount_amount, net_amount, payment_terms, delivery_status, billing_status, status, notes, created_by_id, created_at, updated_at) VALUES (%(id)s::UUID, %(organization_id)s::UUID, %(customer_id)s::UUID, %(sales_quote_id)s::UUID, %(opportunity_id)s::UUID, %(document_id)s::UUID, %(order_number)s::VARCHAR, %(customer_name)s::VARCHAR, %(customer_document)s::VARCHAR, %(total_amount)s, %(discount_amount)s, %(net_amount)s, %(payment_terms)s::VARCHAR, %(delivery_status)s::VARCHAR, %(billing_status)s::VARCHAR, %(status)s::VARCHAR, %(notes)s::VARCHAR, %(created_by_id)s::UUID, %(created_at)s::TIMESTAMP WITH TIME ZONE, %(updated_at)s::TIMESTAMP WITH TIME ZONE)
[2026-08-22 23:01:32] [INFO   ] [sqlalchemy.engine.Engine:1848] [MainThread] - [cached since 0.8415s ago] {'id': UUID('6813cc4d-9019-4ac1-a729-eb132a040a7a'), 'organization_id': UUID('31ad462d-899e-495d-b557-1b89f5c60954'), 'customer_id': UUID('9602409f-697d-4bf2-84d6-e360753e537b'), 'sales_quote_id': UUID('d78eea64-446d-49b9-b0d7-34489083af81'), 'opportunity_id': UUID('518451e8-655b-4c42-8d29-a8399d4ddd9f'), 'document_id': UUID('0db1c050-6a7e-4cf9-b1c0-202f8d44bd68'), 'order_number': 'PED-20260822-7378', 'customer_name': 'Hospital Regional do Sul', 'customer_document': None, 'total_amount': Decimal('6250.00'), 'discount_amount': Decimal('0.00'), 'net_amount': Decimal('6250.00'), 'payment_terms': '30 DDL', 'delivery_status': 'PENDING', 'billing_status': 'PENDING', 'status': 'CONFIRMED', 'notes': "Convertido do Orçamento #ORC-20260822-0F9C. Cotação originada da Oportunidade CRM 'Aquisição de 500 caixas de Dipirona' (Valor Estimado: R$ 6250.00)", 'created_by_id': UUID('a249f2a4-88e8-4b34-b351-a956ccd428dc'), 'created_at': datetime.datetime(2026, 8, 23, 2, 1, 32, 228665, tzinfo=datetime.timezone.utc), 'updated_at': datetime.datetime(2026, 8, 23, 2, 1, 32, 228666, tzinfo=datetime.timezone.utc)}
[2026-08-22 23:01:32] [INFO   ] [sqlalchemy.engine.Engine:1848] [MainThread] - UPDATE sales_quote SET status=%(status)s::VARCHAR, updated_at=%(updated_at)s::TIMESTAMP WITH TIME ZONE WHERE sales_quote.id = %(sales_quote_id)s::UUID
[2026-08-22 23:01:32] [INFO   ] [sqlalchemy.engine.Engine:1848] [MainThread] - [cached since 0.5863s ago] {'status': 'CONVERTED', 'updated_at': datetime.datetime(2026, 8, 23, 2, 1, 32, 229778, tzinfo=datetime.timezone.utc), 'sales_quote_id': UUID('d78eea64-446d-49b9-b0d7-34489083af81')}
[2026-08-22 23:01:32] [INFO   ] [sqlalchemy.engine.Engine:1848] [MainThread] - INSERT INTO sales_order_item (id, sales_order_id, product_id, quantity, unit_price, discount_amount, total_price, notes) VALUES (%(id)s::UUID, %(sales_order_id)s::UUID, %(product_id)s::UUID, %(quantity)s, %(unit_price)s, %(discount_amount)s, %(total_price)s, %(notes)s::VARCHAR)
[2026-08-22 23:01:32] [INFO   ] [sqlalchemy.engine.Engine:1848] [MainThread] - [cached since 0.834s ago] {'id': UUID('3e187184-e36e-4daa-a34d-9c555dea6378'), 'sales_order_id': UUID('6813cc4d-9019-4ac1-a729-eb132a040a7a'), 'product_id': UUID('fc7cf7f2-e000-4e34-afc7-a84b099f7a2a'), 'quantity': Decimal('500.0000'), 'unit_price': Decimal('12.5000'), 'discount_amount': Decimal('0.0000'), 'total_price': Decimal('6250.00'), 'notes': None}
[2026-08-22 23:01:32] [INFO   ] [sqlalchemy.engine.Engine:1848] [MainThread] - SELECT sales_quote.id, sales_quote.organization_id, sales_quote.customer_id, sales_quote.opportunity_id, sales_quote.document_id, sales_quote.quote_number, sales_quote.customer_name, sales_quote.customer_document, sales_quote.customer_email, sales_quote.customer_phone, sales_quote.total_amount, sales_quote.discount_amount, sales_quote.net_amount, sales_quote.payment_terms, sales_quote.valid_until, sales_quote.status, sales_quote.notes, sales_quote.created_by_id, sales_quote.created_at, sales_quote.updated_at 
FROM sales_quote 
WHERE sales_quote.id = %(pk_1)s::UUID
[2026-08-22 23:01:32] [INFO   ] [sqlalchemy.engine.Engine:1848] [MainThread] - [cached since 0.8648s ago] {'pk_1': UUID('d78eea64-446d-49b9-b0d7-34489083af81')}
[2026-08-22 23:01:32] [INFO   ] [sqlalchemy.engine.Engine:1848] [MainThread] - SELECT sales_quote_item.id AS sales_quote_item_id, sales_quote_item.quote_id AS sales_quote_item_quote_id, sales_quote_item.product_id AS sales_quote_item_product_id, sales_quote_item.quantity AS sales_quote_item_quantity, sales_quote_item.unit_price AS sales_quote_item_unit_price, sales_quote_item.discount_amount AS sales_quote_item_discount_amount, sales_quote_item.total_price AS sales_quote_item_total_price, sales_quote_item.notes AS sales_quote_item_notes 
FROM sales_quote_item 
WHERE %(param_1)s::UUID = sales_quote_item.quote_id
[2026-08-22 23:01:32] [INFO   ] [sqlalchemy.engine.Engine:1848] [MainThread] - [cached since 0.864s ago] {'param_1': UUID('d78eea64-446d-49b9-b0d7-34489083af81')}
[2026-08-22 23:01:32] [INFO   ] [sqlalchemy.engine.Engine:1848] [MainThread] - SELECT opportunity.id, opportunity.organization_id, opportunity.lead_id, opportunity.customer_id, opportunity.contact_id, opportunity.title, opportunity.customer_name, opportunity.estimated_amount, opportunity.probability_percent, opportunity.expected_closing_date, opportunity.stage, opportunity.loss_reason, opportunity.assigned_to_id, opportunity.created_at, opportunity.updated_at 
FROM opportunity 
WHERE opportunity.id = %(pk_1)s::UUID
[2026-08-22 23:01:32] [INFO   ] [sqlalchemy.engine.Engine:1848] [MainThread] - [cached since 0.9996s ago] {'pk_1': UUID('518451e8-655b-4c42-8d29-a8399d4ddd9f')}
[2026-08-22 23:01:32] [INFO   ] [sqlalchemy.engine.Engine:2715] [MainThread] - ROLLBACK
[2026-08-22 23:01:32] [INFO   ] [sqlalchemy.engine.Engine:2712] [MainThread] - BEGIN (implicit)
[2026-08-22 23:01:32] [INFO   ] [sqlalchemy.engine.Engine:1848] [MainThread] - INSERT INTO organization (id, name, is_active, created_at, updated_at) VALUES (%(id)s::UUID, %(name)s::VARCHAR, %(is_active)s, %(created_at)s::TIMESTAMP WITH TIME ZONE, %(updated_at)s::TIMESTAMP WITH TIME ZONE)
[2026-08-22 23:01:32] [INFO   ] [sqlalchemy.engine.Engine:1848] [MainThread] - [cached since 1.071s ago] {'id': UUID('4b9e11c9-7df9-4f3a-989e-7b34ca8e9bc5'), 'name': 'Matriz Teste f0040d', 'is_active': True, 'created_at': datetime.datetime(2026, 8, 23, 2, 1, 32, 236773, tzinfo=datetime.timezone.utc), 'updated_at': datetime.datetime(2026, 8, 23, 2, 1, 32, 236775, tzinfo=datetime.timezone.utc)}
[2026-08-22 23:01:32] [INFO   ] [sqlalchemy.engine.Engine:2718] [MainThread] - COMMIT
[2026-08-22 23:01:32] [INFO   ] [sqlalchemy.engine.Engine:2712] [MainThread] - BEGIN (implicit)
[2026-08-22 23:01:32] [INFO   ] [sqlalchemy.engine.Engine:1848] [MainThread] - SELECT organization.id, organization.name, organization.is_active, organization.created_at, organization.updated_at 
FROM organization 
WHERE organization.id = %(pk_1)s::UUID
[2026-08-22 23:01:32] [INFO   ] [sqlalchemy.engine.Engine:1848] [MainThread] - [cached since 1.066s ago] {'pk_1': UUID('4b9e11c9-7df9-4f3a-989e-7b34ca8e9bc5')}
[2026-08-22 23:01:32] [INFO   ] [sqlalchemy.engine.Engine:1848] [MainThread] - INSERT INTO "user" (id, organization_id, role_id, email, full_name, hashed_password, is_active, created_at, updated_at) VALUES (%(id)s::UUID, %(organization_id)s::UUID, %(role_id)s::UUID, %(email)s::VARCHAR, %(full_name)s::VARCHAR, %(hashed_password)s::VARCHAR, %(is_active)s, %(created_at)s::TIMESTAMP WITH TIME ZONE, %(updated_at)s::TIMESTAMP WITH TIME ZONE)
[2026-08-22 23:01:32] [INFO   ] [sqlalchemy.engine.Engine:1848] [MainThread] - [cached since 1.063s ago] {'id': UUID('f26af366-3cf9-4499-adf2-3dd24417e361'), 'organization_id': UUID('4b9e11c9-7df9-4f3a-989e-7b34ca8e9bc5'), 'role_id': None, 'email': 'vendedor_70da85@empresa.com', 'full_name': 'Vendedor Teste', 'hashed_password': 'hash123', 'is_active': True, 'created_at': datetime.datetime(2026, 8, 23, 2, 1, 32, 243462, tzinfo=datetime.timezone.utc), 'updated_at': datetime.datetime(2026, 8, 23, 2, 1, 32, 243463, tzinfo=datetime.timezone.utc)}
[2026-08-22 23:01:32] [INFO   ] [sqlalchemy.engine.Engine:2718] [MainThread] - COMMIT
[2026-08-22 23:01:32] [INFO   ] [sqlalchemy.engine.Engine:2712] [MainThread] - BEGIN (implicit)
[2026-08-22 23:01:32] [INFO   ] [sqlalchemy.engine.Engine:1848] [MainThread] - SELECT "user".id, "user".organization_id, "user".role_id, "user".email, "user".full_name, "user".hashed_password, "user".is_active, "user".created_at, "user".updated_at 
FROM "user" 
WHERE "user".id = %(pk_1)s::UUID
[2026-08-22 23:01:32] [INFO   ] [sqlalchemy.engine.Engine:1848] [MainThread] - [cached since 1.058s ago] {'pk_1': UUID('f26af366-3cf9-4499-adf2-3dd24417e361')}
[2026-08-22 23:01:32] [INFO   ] [sqlalchemy.engine.Engine:1848] [MainThread] - INSERT INTO product_category (id, organization_id, name, code, description, is_active, created_at, updated_at) VALUES (%(id)s::UUID, %(organization_id)s::UUID, %(name)s::VARCHAR, %(code)s::VARCHAR, %(description)s::VARCHAR, %(is_active)s, %(created_at)s::TIMESTAMP WITH TIME ZONE, %(updated_at)s::TIMESTAMP WITH TIME ZONE)
[2026-08-22 23:01:32] [INFO   ] [sqlalchemy.engine.Engine:1848] [MainThread] - [cached since 0.9289s ago] {'id': UUID('53cb21ad-1a40-438e-9449-bd2995eac02e'), 'organization_id': UUID('4b9e11c9-7df9-4f3a-989e-7b34ca8e9bc5'), 'name': 'Cat_4766', 'code': 'CAB0', 'description': None, 'is_active': True, 'created_at': datetime.datetime(2026, 8, 23, 2, 1, 32, 247573, tzinfo=datetime.timezone.utc), 'updated_at': datetime.datetime(2026, 8, 23, 2, 1, 32, 247575, tzinfo=datetime.timezone.utc)}
[2026-08-22 23:01:32] [INFO   ] [sqlalchemy.engine.Engine:2718] [MainThread] - COMMIT
[2026-08-22 23:01:32] [INFO   ] [sqlalchemy.engine.Engine:2712] [MainThread] - BEGIN (implicit)
[2026-08-22 23:01:32] [INFO   ] [sqlalchemy.engine.Engine:1848] [MainThread] - SELECT product_category.id, product_category.organization_id, product_category.name, product_category.code, product_category.description, product_category.is_active, product_category.created_at, product_category.updated_at 
FROM product_category 
WHERE product_category.id = %(pk_1)s::UUID
[2026-08-22 23:01:32] [INFO   ] [sqlalchemy.engine.Engine:1848] [MainThread] - [cached since 0.9237s ago] {'pk_1': UUID('53cb21ad-1a40-438e-9449-bd2995eac02e')}
[2026-08-22 23:01:32] [INFO   ] [sqlalchemy.engine.Engine:1848] [MainThread] - INSERT INTO product (id, organization_id, category_id, sku, name, description, unit_of_measure, reference_price, cost_price, sale_price, external_code, brand, barcode, ncm, is_perishable, requires_batch, shelf_life_days, current_stock, min_stock, max_stock, storage_location, is_active, created_at, updated_at) VALUES (%(id)s::UUID, %(organization_id)s::UUID, %(category_id)s::UUID, %(sku)s::VARCHAR, %(name)s::VARCHAR, %(description)s::VARCHAR, %(unit_of_measure)s::VARCHAR, %(reference_price)s, %(cost_price)s, %(sale_price)s, %(external_code)s::VARCHAR, %(brand)s::VARCHAR, %(barcode)s::VARCHAR, %(ncm)s::VARCHAR, %(is_perishable)s, %(requires_batch)s, %(shelf_life_days)s::INTEGER, %(current_stock)s, %(min_stock)s, %(max_stock)s, %(storage_location)s::VARCHAR, %(is_active)s, %(created_at)s::TIMESTAMP WITH TIME ZONE, %(updated_at)s::TIMESTAMP WITH TIME ZONE)
[2026-08-22 23:01:32] [INFO   ] [sqlalchemy.engine.Engine:1848] [MainThread] - [cached since 0.9226s ago] {'id': UUID('6f469f01-8dc6-4b11-8c66-902c331b4a79'), 'organization_id': UUID('4b9e11c9-7df9-4f3a-989e-7b34ca8e9bc5'), 'category_id': UUID('53cb21ad-1a40-438e-9449-bd2995eac02e'), 'sku': 'SKU-67C9F7', 'name': 'Dipirona 500mg', 'description': None, 'unit_of_measure': 'UN', 'reference_price': Decimal('12.50'), 'cost_price': Decimal('0.0000'), 'sale_price': Decimal('0.0000'), 'external_code': None, 'brand': None, 'barcode': None, 'ncm': None, 'is_perishable': False, 'requires_batch': False, 'shelf_life_days': None, 'current_stock': Decimal('100'), 'min_stock': Decimal('10'), 'max_stock': Decimal('200'), 'storage_location': None, 'is_active': True, 'created_at': datetime.datetime(2026, 8, 23, 2, 1, 32, 251657, tzinfo=datetime.timezone.utc), 'updated_at': datetime.datetime(2026, 8, 23, 2, 1, 32, 251658, tzinfo=datetime.timezone.utc)}
[2026-08-22 23:01:32] [INFO   ] [sqlalchemy.engine.Engine:2718] [MainThread] - COMMIT
[2026-08-22 23:01:32] [INFO   ] [sqlalchemy.engine.Engine:2712] [MainThread] - BEGIN (implicit)
[2026-08-22 23:01:32] [INFO   ] [sqlalchemy.engine.Engine:1848] [MainThread] - SELECT product.id, product.organization_id, product.category_id, product.sku, product.name, product.description, product.unit_of_measure, product.reference_price, product.cost_price, product.sale_price, product.external_code, product.brand, product.barcode, product.ncm, product.is_perishable, product.requires_batch, product.shelf_life_days, product.current_stock, product.min_stock, product.max_stock, product.storage_location, product.is_active, product.created_at, product.updated_at 
FROM product 
WHERE product.id = %(pk_1)s::UUID
[2026-08-22 23:01:32] [INFO   ] [sqlalchemy.engine.Engine:1848] [MainThread] - [cached since 0.9152s ago] {'pk_1': UUID('6f469f01-8dc6-4b11-8c66-902c331b4a79')}
[2026-08-22 23:01:32] [INFO   ] [sqlalchemy.engine.Engine:1848] [MainThread] - INSERT INTO contact (id, organization_id, full_name, email, phone, mobile, document, position, notes, is_active, created_at, updated_at) VALUES (%(id)s::UUID, %(organization_id)s::UUID, %(full_name)s::VARCHAR, %(email)s::VARCHAR, %(phone)s::VARCHAR, %(mobile)s::VARCHAR, %(document)s::VARCHAR, %(position)s::VARCHAR, %(notes)s::VARCHAR, %(is_active)s, %(created_at)s::TIMESTAMP WITH TIME ZONE, %(updated_at)s::TIMESTAMP WITH TIME ZONE)
[2026-08-22 23:01:32] [INFO   ] [sqlalchemy.engine.Engine:1848] [MainThread] - [cached since 1.066s ago] {'id': UUID('029e8b02-5c12-4b4b-9d3e-7fa5f8b661ce'), 'organization_id': UUID('4b9e11c9-7df9-4f3a-989e-7b34ca8e9bc5'), 'full_name': 'Dr. Roberto Silva', 'email': 'roberto@visaoclinica.com.br', 'phone': '11977776666', 'mobile': None, 'document': None, 'position': 'Contato Comercial (Lead)', 'notes': 'Origem Lead CRM: Indicação Médica', 'is_active': True, 'created_at': datetime.datetime(2026, 8, 23, 2, 1, 32, 256172, tzinfo=datetime.timezone.utc), 'updated_at': datetime.datetime(2026, 8, 23, 2, 1, 32, 256173, tzinfo=datetime.timezone.utc)}
[2026-08-22 23:01:32] [INFO   ] [sqlalchemy.engine.Engine:2718] [MainThread] - COMMIT
[2026-08-22 23:01:32] [INFO   ] [sqlalchemy.engine.Engine:2712] [MainThread] - BEGIN (implicit)
[2026-08-22 23:01:32] [INFO   ] [sqlalchemy.engine.Engine:1848] [MainThread] - SELECT contact.id, contact.organization_id, contact.full_name, contact.email, contact.phone, contact.mobile, contact.document, contact.position, contact.notes, contact.is_active, contact.created_at, contact.updated_at 
FROM contact 
WHERE contact.id = %(pk_1)s::UUID
[2026-08-22 23:01:32] [INFO   ] [sqlalchemy.engine.Engine:1848] [MainThread] - [cached since 1.062s ago] {'pk_1': UUID('029e8b02-5c12-4b4b-9d3e-7fa5f8b661ce')}
[2026-08-22 23:01:32] [INFO   ] [sqlalchemy.engine.Engine:1848] [MainThread] - SELECT customer.id, customer.organization_id, customer.contact_id, customer.person_type, customer.document, customer.name, customer.trade_name, customer.state_registration, customer.email, customer.phone, customer.address_street, customer.address_number, customer.address_neighborhood, customer.address_city, customer.address_state, customer.address_zip_code, customer.credit_limit, customer.is_active, customer.notes, customer.created_at, customer.updated_at 
FROM customer 
WHERE customer.document = %(document_1)s::VARCHAR AND customer.organization_id = %(organization_id_1)s::UUID
[2026-08-22 23:01:32] [INFO   ] [sqlalchemy.engine.Engine:1848] [MainThread] - [cached since 1.061s ago] {'document_1': 'LEAD-187C1C66', 'organization_id_1': UUID('4b9e11c9-7df9-4f3a-989e-7b34ca8e9bc5')}
[2026-08-22 23:01:32] [INFO   ] [sqlalchemy.engine.Engine:1848] [MainThread] - INSERT INTO customer (id, organization_id, contact_id, person_type, document, name, trade_name, state_registration, email, phone, address_street, address_number, address_neighborhood, address_city, address_state, address_zip_code, credit_limit, is_active, notes, created_at, updated_at) VALUES (%(id)s::UUID, %(organization_id)s::UUID, %(contact_id)s::UUID, %(person_type)s::VARCHAR, %(document)s::VARCHAR, %(name)s::VARCHAR, %(trade_name)s::VARCHAR, %(state_registration)s::VARCHAR, %(email)s::VARCHAR, %(phone)s::VARCHAR, %(address_street)s::VARCHAR, %(address_number)s::VARCHAR, %(address_neighborhood)s::VARCHAR, %(address_city)s::VARCHAR, %(address_state)s::VARCHAR, %(address_zip_code)s::VARCHAR, %(credit_limit)s, %(is_active)s, %(notes)s::VARCHAR, %(created_at)s::TIMESTAMP WITH TIME ZONE, %(updated_at)s::TIMESTAMP WITH TIME ZONE)
[2026-08-22 23:01:32] [INFO   ] [sqlalchemy.engine.Engine:1848] [MainThread] - [cached since 1.055s ago] {'id': UUID('5ee3c246-64a7-475d-9350-b8562e34c24b'), 'organization_id': UUID('4b9e11c9-7df9-4f3a-989e-7b34ca8e9bc5'), 'contact_id': UUID('029e8b02-5c12-4b4b-9d3e-7fa5f8b661ce'), 'person_type': 'PJ', 'document': 'LEAD-187C1C66', 'name': 'Clínica Oftalmológica Visão Ltda', 'trade_name': 'Dr. Roberto Silva', 'state_registration': None, 'email': 'roberto@visaoclinica.com.br', 'phone': '11977776666', 'address_street': None, 'address_number': None, 'address_neighborhood': None, 'address_city': None, 'address_state': None, 'address_zip_code': None, 'credit_limit': Decimal('0.00'), 'is_active': True, 'notes': 'Criado automaticamente a partir de Lead CRM (Indicação Médica)', 'created_at': datetime.datetime(2026, 8, 23, 2, 1, 32, 261723, tzinfo=datetime.timezone.utc), 'updated_at': datetime.datetime(2026, 8, 23, 2, 1, 32, 261724, tzinfo=datetime.timezone.utc)}
[2026-08-22 23:01:32] [INFO   ] [sqlalchemy.engine.Engine:2718] [MainThread] - COMMIT
[2026-08-22 23:01:32] [INFO   ] [sqlalchemy.engine.Engine:2712] [MainThread] - BEGIN (implicit)
[2026-08-22 23:01:32] [INFO   ] [sqlalchemy.engine.Engine:1848] [MainThread] - SELECT customer.id, customer.organization_id, customer.contact_id, customer.person_type, customer.document, customer.name, customer.trade_name, customer.state_registration, customer.email, customer.phone, customer.address_street, customer.address_number, customer.address_neighborhood, customer.address_city, customer.address_state, customer.address_zip_code, customer.credit_limit, customer.is_active, customer.notes, customer.created_at, customer.updated_at 
FROM customer 
WHERE customer.id = %(pk_1)s::UUID
[2026-08-22 23:01:32] [INFO   ] [sqlalchemy.engine.Engine:1848] [MainThread] - [cached since 1.052s ago] {'pk_1': UUID('5ee3c246-64a7-475d-9350-b8562e34c24b')}
[2026-08-22 23:01:32] [INFO   ] [sqlalchemy.engine.Engine:1848] [MainThread] - INSERT INTO lead (id, organization_id, customer_id, name, company_name, email, phone, source, status, notes, assigned_to_id, created_at, updated_at) VALUES (%(id)s::UUID, %(organization_id)s::UUID, %(customer_id)s::UUID, %(name)s::VARCHAR, %(company_name)s::VARCHAR, %(email)s::VARCHAR, %(phone)s::VARCHAR, %(source)s::VARCHAR, %(status)s::VARCHAR, %(notes)s::VARCHAR, %(assigned_to_id)s::UUID, %(created_at)s::TIMESTAMP WITH TIME ZONE, %(updated_at)s::TIMESTAMP WITH TIME ZONE)
[2026-08-22 23:01:32] [INFO   ] [sqlalchemy.engine.Engine:1848] [MainThread] - [cached since 1.052s ago] {'id': UUID('c1e755f6-6dcc-45fb-94b6-f9e477ca03e1'), 'organization_id': UUID('4b9e11c9-7df9-4f3a-989e-7b34ca8e9bc5'), 'customer_id': UUID('5ee3c246-64a7-475d-9350-b8562e34c24b'), 'name': 'Dr. Roberto Silva', 'company_name': 'Clínica Oftalmológica Visão Ltda', 'email': 'roberto@visaoclinica.com.br', 'phone': '11977776666', 'source': 'Indicação Médica', 'status': 'NEW', 'notes': None, 'assigned_to_id': None, 'created_at': datetime.datetime(2026, 8, 23, 2, 1, 32, 266203, tzinfo=datetime.timezone.utc), 'updated_at': datetime.datetime(2026, 8, 23, 2, 1, 32, 266204, tzinfo=datetime.timezone.utc)}
[2026-08-22 23:01:32] [INFO   ] [sqlalchemy.engine.Engine:2718] [MainThread] - COMMIT
[2026-08-22 23:01:32] [INFO   ] [sqlalchemy.engine.Engine:2712] [MainThread] - BEGIN (implicit)
[2026-08-22 23:01:32] [INFO   ] [sqlalchemy.engine.Engine:1848] [MainThread] - SELECT lead.id, lead.organization_id, lead.customer_id, lead.name, lead.company_name, lead.email, lead.phone, lead.source, lead.status, lead.notes, lead.assigned_to_id, lead.created_at, lead.updated_at 
FROM lead 
WHERE lead.id = %(pk_1)s::UUID
[2026-08-22 23:01:32] [INFO   ] [sqlalchemy.engine.Engine:1848] [MainThread] - [cached since 1.047s ago] {'pk_1': UUID('c1e755f6-6dcc-45fb-94b6-f9e477ca03e1')}
[2026-08-22 23:01:32] [INFO   ] [sqlalchemy.engine.Engine:1848] [MainThread] - SELECT lead.id, lead.organization_id, lead.customer_id, lead.name, lead.company_name, lead.email, lead.phone, lead.source, lead.status, lead.notes, lead.assigned_to_id, lead.created_at, lead.updated_at 
FROM lead 
WHERE lead.id = %(id_1)s::UUID AND lead.organization_id = %(organization_id_1)s::UUID
[2026-08-22 23:01:32] [INFO   ] [sqlalchemy.engine.Engine:1848] [MainThread] - [cached since 0.138s ago] {'id_1': UUID('c1e755f6-6dcc-45fb-94b6-f9e477ca03e1'), 'organization_id_1': UUID('4b9e11c9-7df9-4f3a-989e-7b34ca8e9bc5')}
[2026-08-22 23:01:32] [INFO   ] [sqlalchemy.engine.Engine:1848] [MainThread] - INSERT INTO contact (id, organization_id, full_name, email, phone, mobile, document, position, notes, is_active, created_at, updated_at) VALUES (%(id)s::UUID, %(organization_id)s::UUID, %(full_name)s::VARCHAR, %(email)s::VARCHAR, %(phone)s::VARCHAR, %(mobile)s::VARCHAR, %(document)s::VARCHAR, %(position)s::VARCHAR, %(notes)s::VARCHAR, %(is_active)s, %(created_at)s::TIMESTAMP WITH TIME ZONE, %(updated_at)s::TIMESTAMP WITH TIME ZONE)
[2026-08-22 23:01:32] [INFO   ] [sqlalchemy.engine.Engine:1848] [MainThread] - [cached since 1.081s ago] {'id': UUID('1a9af421-7696-4fdc-9388-70566e0d0f30'), 'organization_id': UUID('4b9e11c9-7df9-4f3a-989e-7b34ca8e9bc5'), 'full_name': 'Dr. Roberto Silva', 'email': 'roberto@visaoclinica.com.br', 'phone': '11977776666', 'mobile': None, 'document': None, 'position': 'Contato Comercial (Lead)', 'notes': 'Origem Lead CRM: Indicação Médica', 'is_active': True, 'created_at': datetime.datetime(2026, 8, 23, 2, 1, 32, 271421, tzinfo=datetime.timezone.utc), 'updated_at': datetime.datetime(2026, 8, 23, 2, 1, 32, 271422, tzinfo=datetime.timezone.utc)}
[2026-08-22 23:01:32] [INFO   ] [sqlalchemy.engine.Engine:2718] [MainThread] - COMMIT
[2026-08-22 23:01:32] [INFO   ] [sqlalchemy.engine.Engine:2712] [MainThread] - BEGIN (implicit)
[2026-08-22 23:01:32] [INFO   ] [sqlalchemy.engine.Engine:1848] [MainThread] - SELECT contact.id, contact.organization_id, contact.full_name, contact.email, contact.phone, contact.mobile, contact.document, contact.position, contact.notes, contact.is_active, contact.created_at, contact.updated_at 
FROM contact 
WHERE contact.id = %(pk_1)s::UUID
[2026-08-22 23:01:32] [INFO   ] [sqlalchemy.engine.Engine:1848] [MainThread] - [cached since 1.077s ago] {'pk_1': UUID('1a9af421-7696-4fdc-9388-70566e0d0f30')}
[2026-08-22 23:01:32] [INFO   ] [sqlalchemy.engine.Engine:1848] [MainThread] - SELECT customer.id, customer.organization_id, customer.contact_id, customer.person_type, customer.document, customer.name, customer.trade_name, customer.state_registration, customer.email, customer.phone, customer.address_street, customer.address_number, customer.address_neighborhood, customer.address_city, customer.address_state, customer.address_zip_code, customer.credit_limit, customer.is_active, customer.notes, customer.created_at, customer.updated_at 
FROM customer 
WHERE customer.document = %(document_1)s::VARCHAR AND customer.organization_id = %(organization_id_1)s::UUID
[2026-08-22 23:01:32] [INFO   ] [sqlalchemy.engine.Engine:1848] [MainThread] - [cached since 1.076s ago] {'document_1': 'LEAD-4E1949B1', 'organization_id_1': UUID('4b9e11c9-7df9-4f3a-989e-7b34ca8e9bc5')}
[2026-08-22 23:01:32] [INFO   ] [sqlalchemy.engine.Engine:1848] [MainThread] - INSERT INTO customer (id, organization_id, contact_id, person_type, document, name, trade_name, state_registration, email, phone, address_street, address_number, address_neighborhood, address_city, address_state, address_zip_code, credit_limit, is_active, notes, created_at, updated_at) VALUES (%(id)s::UUID, %(organization_id)s::UUID, %(contact_id)s::UUID, %(person_type)s::VARCHAR, %(document)s::VARCHAR, %(name)s::VARCHAR, %(trade_name)s::VARCHAR, %(state_registration)s::VARCHAR, %(email)s::VARCHAR, %(phone)s::VARCHAR, %(address_street)s::VARCHAR, %(address_number)s::VARCHAR, %(address_neighborhood)s::VARCHAR, %(address_city)s::VARCHAR, %(address_state)s::VARCHAR, %(address_zip_code)s::VARCHAR, %(credit_limit)s, %(is_active)s, %(notes)s::VARCHAR, %(created_at)s::TIMESTAMP WITH TIME ZONE, %(updated_at)s::TIMESTAMP WITH TIME ZONE)
[2026-08-22 23:01:32] [INFO   ] [sqlalchemy.engine.Engine:1848] [MainThread] - [cached since 1.07s ago] {'id': UUID('3f06d280-231a-4a75-82a2-c49c3afcbc22'), 'organization_id': UUID('4b9e11c9-7df9-4f3a-989e-7b34ca8e9bc5'), 'contact_id': UUID('1a9af421-7696-4fdc-9388-70566e0d0f30'), 'person_type': 'PJ', 'document': 'LEAD-4E1949B1', 'name': 'Clínica Oftalmológica Visão Ltda', 'trade_name': 'Dr. Roberto Silva', 'state_registration': None, 'email': 'roberto@visaoclinica.com.br', 'phone': '11977776666', 'address_street': None, 'address_number': None, 'address_neighborhood': None, 'address_city': None, 'address_state': None, 'address_zip_code': None, 'credit_limit': Decimal('0.00'), 'is_active': True, 'notes': 'Convertido a partir do Lead CRM #c1e755f6 (Indicação Médica)', 'created_at': datetime.datetime(2026, 8, 23, 2, 1, 32, 276455, tzinfo=datetime.timezone.utc), 'updated_at': datetime.datetime(2026, 8, 23, 2, 1, 32, 276456, tzinfo=datetime.timezone.utc)}
[2026-08-22 23:01:32] [INFO   ] [sqlalchemy.engine.Engine:2718] [MainThread] - COMMIT
[2026-08-22 23:01:32] [INFO   ] [sqlalchemy.engine.Engine:2712] [MainThread] - BEGIN (implicit)
[2026-08-22 23:01:32] [INFO   ] [sqlalchemy.engine.Engine:1848] [MainThread] - SELECT customer.id, customer.organization_id, customer.contact_id, customer.person_type, customer.document, customer.name, customer.trade_name, customer.state_registration, customer.email, customer.phone, customer.address_street, customer.address_number, customer.address_neighborhood, customer.address_city, customer.address_state, customer.address_zip_code, customer.credit_limit, customer.is_active, customer.notes, customer.created_at, customer.updated_at 
FROM customer 
WHERE customer.id = %(pk_1)s::UUID
[2026-08-22 23:01:32] [INFO   ] [sqlalchemy.engine.Engine:1848] [MainThread] - [cached since 1.067s ago] {'pk_1': UUID('3f06d280-231a-4a75-82a2-c49c3afcbc22')}
[2026-08-22 23:01:32] [INFO   ] [sqlalchemy.engine.Engine:1848] [MainThread] - UPDATE lead SET status=%(status)s::VARCHAR, updated_at=%(updated_at)s::TIMESTAMP WITH TIME ZONE WHERE lead.id = %(lead_id)s::UUID
[2026-08-22 23:01:32] [INFO   ] [sqlalchemy.engine.Engine:1848] [MainThread] - [cached since 0.1377s ago] {'status': 'CONVERTED', 'updated_at': datetime.datetime(2026, 8, 23, 2, 1, 32, 280767, tzinfo=datetime.timezone.utc), 'lead_id': UUID('c1e755f6-6dcc-45fb-94b6-f9e477ca03e1')}
[2026-08-22 23:01:32] [INFO   ] [sqlalchemy.engine.Engine:2718] [MainThread] - COMMIT
[2026-08-22 23:01:32] [INFO   ] [sqlalchemy.engine.Engine:2712] [MainThread] - BEGIN (implicit)
[2026-08-22 23:01:32] [INFO   ] [sqlalchemy.engine.Engine:1848] [MainThread] - SELECT lead.id, lead.organization_id, lead.customer_id, lead.name, lead.company_name, lead.email, lead.phone, lead.source, lead.status, lead.notes, lead.assigned_to_id, lead.created_at, lead.updated_at 
FROM lead 
WHERE lead.id = %(pk_1)s::UUID
[2026-08-22 23:01:32] [INFO   ] [sqlalchemy.engine.Engine:1848] [MainThread] - [cached since 1.062s ago] {'pk_1': UUID('c1e755f6-6dcc-45fb-94b6-f9e477ca03e1')}
[2026-08-22 23:01:32] [INFO   ] [sqlalchemy.engine.Engine:1848] [MainThread] - SELECT customer.id, customer.organization_id, customer.contact_id, customer.person_type, customer.document, customer.name, customer.trade_name, customer.state_registration, customer.email, customer.phone, customer.address_street, customer.address_number, customer.address_neighborhood, customer.address_city, customer.address_state, customer.address_zip_code, customer.credit_limit, customer.is_active, customer.notes, customer.created_at, customer.updated_at 
FROM customer 
WHERE customer.id = %(id_1)s::UUID AND customer.organization_id = %(organization_id_1)s::UUID
[2026-08-22 23:01:32] [INFO   ] [sqlalchemy.engine.Engine:1848] [MainThread] - [cached since 1.061s ago] {'id_1': UUID('3f06d280-231a-4a75-82a2-c49c3afcbc22'), 'organization_id_1': UUID('4b9e11c9-7df9-4f3a-989e-7b34ca8e9bc5')}
[2026-08-22 23:01:32] [INFO   ] [sqlalchemy.engine.Engine:1848] [MainThread] - INSERT INTO opportunity (id, organization_id, lead_id, customer_id, contact_id, title, customer_name, estimated_amount, probability_percent, expected_closing_date, stage, loss_reason, assigned_to_id, created_at, updated_at) VALUES (%(id)s::UUID, %(organization_id)s::UUID, %(lead_id)s::UUID, %(customer_id)s::UUID, %(contact_id)s::UUID, %(title)s::VARCHAR, %(customer_name)s::VARCHAR, %(estimated_amount)s, %(probability_percent)s::INTEGER, %(expected_closing_date)s::DATE, %(stage)s::VARCHAR, %(loss_reason)s::VARCHAR, %(assigned_to_id)s::UUID, %(created_at)s::TIMESTAMP WITH TIME ZONE, %(updated_at)s::TIMESTAMP WITH TIME ZONE)
[2026-08-22 23:01:32] [INFO   ] [sqlalchemy.engine.Engine:1848] [MainThread] - [cached since 1.06s ago] {'id': UUID('24101335-11fe-45f7-99f2-1fa3719e31ac'), 'organization_id': UUID('4b9e11c9-7df9-4f3a-989e-7b34ca8e9bc5'), 'lead_id': UUID('c1e755f6-6dcc-45fb-94b6-f9e477ca03e1'), 'customer_id': UUID('3f06d280-231a-4a75-82a2-c49c3afcbc22'), 'contact_id': UUID('1a9af421-7696-4fdc-9388-70566e0d0f30'), 'title': 'Aquisição de Insumos Oftalmológicos', 'customer_name': 'Dr. Roberto Silva', 'estimated_amount': Decimal('15000.00'), 'probability_percent': 60, 'expected_closing_date': datetime.date(2026, 9, 21), 'stage': 'QUALIFICATION', 'loss_reason': None, 'assigned_to_id': None, 'created_at': datetime.datetime(2026, 8, 23, 2, 1, 32, 285761, tzinfo=datetime.timezone.utc), 'updated_at': datetime.datetime(2026, 8, 23, 2, 1, 32, 285763, tzinfo=datetime.timezone.utc)}
[2026-08-22 23:01:32] [INFO   ] [sqlalchemy.engine.Engine:2718] [MainThread] - COMMIT
[2026-08-22 23:01:32] [INFO   ] [sqlalchemy.engine.Engine:2712] [MainThread] - BEGIN (implicit)
[2026-08-22 23:01:32] [INFO   ] [sqlalchemy.engine.Engine:1848] [MainThread] - SELECT opportunity.id, opportunity.organization_id, opportunity.lead_id, opportunity.customer_id, opportunity.contact_id, opportunity.title, opportunity.customer_name, opportunity.estimated_amount, opportunity.probability_percent, opportunity.expected_closing_date, opportunity.stage, opportunity.loss_reason, opportunity.assigned_to_id, opportunity.created_at, opportunity.updated_at 
FROM opportunity 
WHERE opportunity.id = %(pk_1)s::UUID
[2026-08-22 23:01:32] [INFO   ] [sqlalchemy.engine.Engine:1848] [MainThread] - [cached since 1.055s ago] {'pk_1': UUID('24101335-11fe-45f7-99f2-1fa3719e31ac')}
[2026-08-22 23:01:32] [INFO   ] [sqlalchemy.engine.Engine:1848] [MainThread] - SELECT customer.id, customer.organization_id, customer.contact_id, customer.person_type, customer.document, customer.name, customer.trade_name, customer.state_registration, customer.email, customer.phone, customer.address_street, customer.address_number, customer.address_neighborhood, customer.address_city, customer.address_state, customer.address_zip_code, customer.credit_limit, customer.is_active, customer.notes, customer.created_at, customer.updated_at 
FROM customer 
WHERE customer.id = %(id_1)s::UUID AND customer.organization_id = %(organization_id_1)s::UUID
[2026-08-22 23:01:32] [INFO   ] [sqlalchemy.engine.Engine:1848] [MainThread] - [cached since 1.066s ago] {'id_1': UUID('3f06d280-231a-4a75-82a2-c49c3afcbc22'), 'organization_id_1': UUID('4b9e11c9-7df9-4f3a-989e-7b34ca8e9bc5')}
[2026-08-22 23:01:32] [INFO   ] [sqlalchemy.engine.Engine:1848] [MainThread] - SELECT opportunity.id, opportunity.organization_id, opportunity.lead_id, opportunity.customer_id, opportunity.contact_id, opportunity.title, opportunity.customer_name, opportunity.estimated_amount, opportunity.probability_percent, opportunity.expected_closing_date, opportunity.stage, opportunity.loss_reason, opportunity.assigned_to_id, opportunity.created_at, opportunity.updated_at 
FROM opportunity 
WHERE opportunity.id = %(id_1)s::UUID AND opportunity.organization_id = %(organization_id_1)s::UUID
[2026-08-22 23:01:32] [INFO   ] [sqlalchemy.engine.Engine:1848] [MainThread] - [cached since 1.055s ago] {'id_1': UUID('24101335-11fe-45f7-99f2-1fa3719e31ac'), 'organization_id_1': UUID('4b9e11c9-7df9-4f3a-989e-7b34ca8e9bc5')}
[2026-08-22 23:01:32] [INFO   ] [sqlalchemy.engine.Engine:1848] [MainThread] - SELECT product.id, product.organization_id, product.category_id, product.sku, product.name, product.description, product.unit_of_measure, product.reference_price, product.cost_price, product.sale_price, product.external_code, product.brand, product.barcode, product.ncm, product.is_perishable, product.requires_batch, product.shelf_life_days, product.current_stock, product.min_stock, product.max_stock, product.storage_location, product.is_active, product.created_at, product.updated_at 
FROM product 
WHERE product.id = %(id_1)s::UUID AND product.organization_id = %(organization_id_1)s::UUID
[2026-08-22 23:01:32] [INFO   ] [sqlalchemy.engine.Engine:1848] [MainThread] - [cached since 0.95s ago] {'id_1': UUID('6f469f01-8dc6-4b11-8c66-902c331b4a79'), 'organization_id_1': UUID('4b9e11c9-7df9-4f3a-989e-7b34ca8e9bc5')}
[2026-08-22 23:01:32] [INFO   ] [sqlalchemy.engine.Engine:1848] [MainThread] - SELECT product_category.id AS product_category_id, product_category.organization_id AS product_category_organization_id, product_category.name AS product_category_name, product_category.code AS product_category_code, product_category.description AS product_category_description, product_category.is_active AS product_category_is_active, product_category.created_at AS product_category_created_at, product_category.updated_at AS product_category_updated_at 
FROM product_category 
WHERE product_category.id IN (%(primary_keys_1)s::UUID)
[2026-08-22 23:01:32] [INFO   ] [sqlalchemy.engine.Engine:1848] [MainThread] - [cached since 0.9492s ago] {'primary_keys_1': UUID('53cb21ad-1a40-438e-9449-bd2995eac02e')}
[2026-08-22 23:01:32] [INFO   ] [sqlalchemy.engine.Engine:1848] [MainThread] - SELECT business_document.id, business_document.organization_id, business_document.document_type, business_document.native_id, business_document.document_number, business_document.current_status, business_document.issued_at, business_document.created_by_id, business_document.created_at, business_document.updated_at 
FROM business_document 
WHERE business_document.organization_id = %(organization_id_1)s::UUID AND business_document.document_type = %(document_type_1)s::VARCHAR AND business_document.native_id = %(native_id_1)s::UUID
[2026-08-22 23:01:32] [INFO   ] [sqlalchemy.engine.Engine:1848] [MainThread] - [cached since 0.9486s ago] {'organization_id_1': UUID('4b9e11c9-7df9-4f3a-989e-7b34ca8e9bc5'), 'document_type_1': 'SALES_QUOTE', 'native_id_1': UUID('76935896-f9f5-4566-8226-8177395ea186')}
[2026-08-22 23:01:32] [INFO   ] [sqlalchemy.engine.Engine:1848] [MainThread] - INSERT INTO business_document (id, organization_id, document_type, native_id, document_number, current_status, issued_at, created_by_id, created_at, updated_at) VALUES (%(id)s::UUID, %(organization_id)s::UUID, %(document_type)s::VARCHAR, %(native_id)s::UUID, %(document_number)s::VARCHAR, %(current_status)s::VARCHAR, %(issued_at)s::TIMESTAMP WITH TIME ZONE, %(created_by_id)s::UUID, %(created_at)s::TIMESTAMP WITH TIME ZONE, %(updated_at)s::TIMESTAMP WITH TIME ZONE)
[2026-08-22 23:01:32] [INFO   ] [sqlalchemy.engine.Engine:1848] [MainThread] - [cached since 0.943s ago] {'id': UUID('55dc9aa8-02d0-4bc2-b7cf-7f85ac8dbe0e'), 'organization_id': UUID('4b9e11c9-7df9-4f3a-989e-7b34ca8e9bc5'), 'document_type': 'SALES_QUOTE', 'native_id': UUID('76935896-f9f5-4566-8226-8177395ea186'), 'document_number': 'ORC-20260822-404C', 'current_status': 'DRAFT', 'issued_at': None, 'created_by_id': UUID('f26af366-3cf9-4499-adf2-3dd24417e361'), 'created_at': datetime.datetime(2026, 8, 23, 2, 1, 32, 295265, tzinfo=datetime.timezone.utc), 'updated_at': datetime.datetime(2026, 8, 23, 2, 1, 32, 295266, tzinfo=datetime.timezone.utc)}
[2026-08-22 23:01:32] [INFO   ] [sqlalchemy.engine.Engine:1848] [MainThread] - INSERT INTO sales_quote (id, organization_id, customer_id, opportunity_id, document_id, quote_number, customer_name, customer_document, customer_email, customer_phone, total_amount, discount_amount, net_amount, payment_terms, valid_until, status, notes, created_by_id, created_at, updated_at) VALUES (%(id)s::UUID, %(organization_id)s::UUID, %(customer_id)s::UUID, %(opportunity_id)s::UUID, %(document_id)s::UUID, %(quote_number)s::VARCHAR, %(customer_name)s::VARCHAR, %(customer_document)s::VARCHAR, %(customer_email)s::VARCHAR, %(customer_phone)s::VARCHAR, %(total_amount)s, %(discount_amount)s, %(net_amount)s, %(payment_terms)s::VARCHAR, %(valid_until)s::DATE, %(status)s::VARCHAR, %(notes)s::VARCHAR, %(created_by_id)s::UUID, %(created_at)s::TIMESTAMP WITH TIME ZONE, %(updated_at)s::TIMESTAMP WITH TIME ZONE)
[2026-08-22 23:01:32] [INFO   ] [sqlalchemy.engine.Engine:1848] [MainThread] - [cached since 0.9402s ago] {'id': UUID('76935896-f9f5-4566-8226-8177395ea186'), 'organization_id': UUID('4b9e11c9-7df9-4f3a-989e-7b34ca8e9bc5'), 'customer_id': UUID('3f06d280-231a-4a75-82a2-c49c3afcbc22'), 'opportunity_id': UUID('24101335-11fe-45f7-99f2-1fa3719e31ac'), 'document_id': UUID('55dc9aa8-02d0-4bc2-b7cf-7f85ac8dbe0e'), 'quote_number': 'ORC-20260822-404C', 'customer_name': 'Clínica Oftalmológica Visão Ltda', 'customer_document': None, 'customer_email': None, 'customer_phone': None, 'total_amount': Decimal('1250.00'), 'discount_amount': Decimal('50.00'), 'net_amount': Decimal('1200.00'), 'payment_terms': '30 DDL', 'valid_until': datetime.date(2026, 9, 6), 'status': 'DRAFT', 'notes': None, 'created_by_id': UUID('f26af366-3cf9-4499-adf2-3dd24417e361'), 'created_at': datetime.datetime(2026, 8, 23, 2, 1, 32, 296437, tzinfo=datetime.timezone.utc), 'updated_at': datetime.datetime(2026, 8, 23, 2, 1, 32, 296439, tzinfo=datetime.timezone.utc)}
[2026-08-22 23:01:32] [INFO   ] [sqlalchemy.engine.Engine:1848] [MainThread] - INSERT INTO sales_quote_item (id, quote_id, product_id, quantity, unit_price, discount_amount, total_price, notes) VALUES (%(id)s::UUID, %(quote_id)s::UUID, %(product_id)s::UUID, %(quantity)s, %(unit_price)s, %(discount_amount)s, %(total_price)s, %(notes)s::VARCHAR)
[2026-08-22 23:01:32] [INFO   ] [sqlalchemy.engine.Engine:1848] [MainThread] - [cached since 0.9349s ago] {'id': UUID('fa675d71-7f0b-4aca-9c82-83f441708704'), 'quote_id': UUID('76935896-f9f5-4566-8226-8177395ea186'), 'product_id': UUID('6f469f01-8dc6-4b11-8c66-902c331b4a79'), 'quantity': Decimal('100'), 'unit_price': Decimal('12.50'), 'discount_amount': Decimal('50.00'), 'total_price': Decimal('1200.00'), 'notes': None}
[2026-08-22 23:01:32] [INFO   ] [sqlalchemy.engine.Engine:1848] [MainThread] - SELECT sales_quote.id, sales_quote.organization_id, sales_quote.customer_id, sales_quote.opportunity_id, sales_quote.document_id, sales_quote.quote_number, sales_quote.customer_name, sales_quote.customer_document, sales_quote.customer_email, sales_quote.customer_phone, sales_quote.total_amount, sales_quote.discount_amount, sales_quote.net_amount, sales_quote.payment_terms, sales_quote.valid_until, sales_quote.status, sales_quote.notes, sales_quote.created_by_id, sales_quote.created_at, sales_quote.updated_at 
FROM sales_quote 
WHERE sales_quote.id = %(pk_1)s::UUID
[2026-08-22 23:01:32] [INFO   ] [sqlalchemy.engine.Engine:1848] [MainThread] - [cached since 0.9316s ago] {'pk_1': UUID('76935896-f9f5-4566-8226-8177395ea186')}
[2026-08-22 23:01:32] [INFO   ] [sqlalchemy.engine.Engine:1848] [MainThread] - SELECT sales_quote_item.id AS sales_quote_item_id, sales_quote_item.quote_id AS sales_quote_item_quote_id, sales_quote_item.product_id AS sales_quote_item_product_id, sales_quote_item.quantity AS sales_quote_item_quantity, sales_quote_item.unit_price AS sales_quote_item_unit_price, sales_quote_item.discount_amount AS sales_quote_item_discount_amount, sales_quote_item.total_price AS sales_quote_item_total_price, sales_quote_item.notes AS sales_quote_item_notes 
FROM sales_quote_item 
WHERE %(param_1)s::UUID = sales_quote_item.quote_id
[2026-08-22 23:01:32] [INFO   ] [sqlalchemy.engine.Engine:1848] [MainThread] - [cached since 0.9307s ago] {'param_1': UUID('76935896-f9f5-4566-8226-8177395ea186')}
[2026-08-22 23:01:32] [INFO   ] [sqlalchemy.engine.Engine:1848] [MainThread] - SELECT document_event.id, document_event.organization_id, document_event.document_id, document_event.event_type, document_event.previous_status, document_event.new_status, document_event.event_metadata, document_event.idempotency_key, document_event.created_by_id, document_event.created_at 
FROM document_event 
WHERE document_event.organization_id = %(organization_id_1)s::UUID AND document_event.idempotency_key = %(idempotency_key_1)s::VARCHAR
[2026-08-22 23:01:32] [INFO   ] [sqlalchemy.engine.Engine:1848] [MainThread] - [cached since 0.9299s ago] {'organization_id_1': UUID('4b9e11c9-7df9-4f3a-989e-7b34ca8e9bc5'), 'idempotency_key_1': 'sales-quote:76935896-f9f5-4566-8226-8177395ea186:created'}
[2026-08-22 23:01:32] [INFO   ] [sqlalchemy.engine.Engine:1848] [MainThread] - UPDATE business_document SET issued_at=%(issued_at)s::TIMESTAMP WITH TIME ZONE, updated_at=%(updated_at)s::TIMESTAMP WITH TIME ZONE WHERE business_document.id = %(business_document_id)s::UUID
[2026-08-22 23:01:32] [INFO   ] [sqlalchemy.engine.Engine:1848] [MainThread] - [cached since 0.926s ago] {'issued_at': datetime.datetime(2026, 8, 23, 2, 1, 32, 296437, tzinfo=datetime.timezone.utc), 'updated_at': datetime.datetime(2026, 8, 23, 2, 1, 32, 301364, tzinfo=datetime.timezone.utc), 'business_document_id': UUID('55dc9aa8-02d0-4bc2-b7cf-7f85ac8dbe0e')}
[2026-08-22 23:01:32] [INFO   ] [sqlalchemy.engine.Engine:1848] [MainThread] - INSERT INTO document_event (id, organization_id, document_id, event_type, previous_status, new_status, event_metadata, idempotency_key, created_by_id, created_at) VALUES (%(id)s::UUID, %(organization_id)s::UUID, %(document_id)s::UUID, %(event_type)s::VARCHAR, %(previous_status)s::VARCHAR, %(new_status)s::VARCHAR, %(event_metadata)s::JSON, %(idempotency_key)s::VARCHAR, %(created_by_id)s::UUID, %(created_at)s::TIMESTAMP WITH TIME ZONE)
[2026-08-22 23:01:32] [INFO   ] [sqlalchemy.engine.Engine:1848] [MainThread] - [cached since 0.923s ago] {'id': UUID('fb1ba3b4-76e7-4935-b3ff-6ac31a656767'), 'organization_id': UUID('4b9e11c9-7df9-4f3a-989e-7b34ca8e9bc5'), 'document_id': UUID('55dc9aa8-02d0-4bc2-b7cf-7f85ac8dbe0e'), 'event_type': 'CREATED', 'previous_status': None, 'new_status': 'DRAFT', 'event_metadata': Json({}), 'idempotency_key': 'sales-quote:76935896-f9f5-4566-8226-8177395ea186:created', 'created_by_id': UUID('f26af366-3cf9-4499-adf2-3dd24417e361'), 'created_at': datetime.datetime(2026, 8, 23, 2, 1, 32, 302182, tzinfo=datetime.timezone.utc)}
[2026-08-22 23:01:32] [INFO   ] [sqlalchemy.engine.Engine:1848] [MainThread] - SELECT customer.id, customer.organization_id, customer.contact_id, customer.person_type, customer.document, customer.name, customer.trade_name, customer.state_registration, customer.email, customer.phone, customer.address_street, customer.address_number, customer.address_neighborhood, customer.address_city, customer.address_state, customer.address_zip_code, customer.credit_limit, customer.is_active, customer.notes, customer.created_at, customer.updated_at 
FROM customer 
WHERE customer.id = %(id_1)s::UUID AND customer.organization_id = %(organization_id_1)s::UUID
[2026-08-22 23:01:32] [INFO   ] [sqlalchemy.engine.Engine:1848] [MainThread] - [cached since 1.079s ago] {'id_1': UUID('3f06d280-231a-4a75-82a2-c49c3afcbc22'), 'organization_id_1': UUID('4b9e11c9-7df9-4f3a-989e-7b34ca8e9bc5')}
[2026-08-22 23:01:32] [INFO   ] [sqlalchemy.engine.Engine:1848] [MainThread] - SELECT opportunity.id, opportunity.organization_id, opportunity.lead_id, opportunity.customer_id, opportunity.contact_id, opportunity.title, opportunity.customer_name, opportunity.estimated_amount, opportunity.probability_percent, opportunity.expected_closing_date, opportunity.stage, opportunity.loss_reason, opportunity.assigned_to_id, opportunity.created_at, opportunity.updated_at 
FROM opportunity 
WHERE opportunity.id = %(id_1)s::UUID AND opportunity.organization_id = %(organization_id_1)s::UUID
[2026-08-22 23:01:32] [INFO   ] [sqlalchemy.engine.Engine:1848] [MainThread] - [cached since 1.068s ago] {'id_1': UUID('24101335-11fe-45f7-99f2-1fa3719e31ac'), 'organization_id_1': UUID('4b9e11c9-7df9-4f3a-989e-7b34ca8e9bc5')}
[2026-08-22 23:01:32] [INFO   ] [sqlalchemy.engine.Engine:1848] [MainThread] - SELECT product.id, product.organization_id, product.category_id, product.sku, product.name, product.description, product.unit_of_measure, product.reference_price, product.cost_price, product.sale_price, product.external_code, product.brand, product.barcode, product.ncm, product.is_perishable, product.requires_batch, product.shelf_life_days, product.current_stock, product.min_stock, product.max_stock, product.storage_location, product.is_active, product.created_at, product.updated_at 
FROM product 
WHERE product.id = %(id_1)s::UUID AND product.organization_id = %(organization_id_1)s::UUID
[2026-08-22 23:01:32] [INFO   ] [sqlalchemy.engine.Engine:1848] [MainThread] - [cached since 0.9632s ago] {'id_1': UUID('6f469f01-8dc6-4b11-8c66-902c331b4a79'), 'organization_id_1': UUID('4b9e11c9-7df9-4f3a-989e-7b34ca8e9bc5')}
[2026-08-22 23:01:32] [INFO   ] [sqlalchemy.engine.Engine:1848] [MainThread] - SELECT product_category.id AS product_category_id, product_category.organization_id AS product_category_organization_id, product_category.name AS product_category_name, product_category.code AS product_category_code, product_category.description AS product_category_description, product_category.is_active AS product_category_is_active, product_category.created_at AS product_category_created_at, product_category.updated_at AS product_category_updated_at 
FROM product_category 
WHERE product_category.id IN (%(primary_keys_1)s::UUID)
[2026-08-22 23:01:32] [INFO   ] [sqlalchemy.engine.Engine:1848] [MainThread] - [cached since 0.9622s ago] {'primary_keys_1': UUID('53cb21ad-1a40-438e-9449-bd2995eac02e')}
[2026-08-22 23:01:32] [INFO   ] [sqlalchemy.engine.Engine:1848] [MainThread] - SELECT business_document.id, business_document.organization_id, business_document.document_type, business_document.native_id, business_document.document_number, business_document.current_status, business_document.issued_at, business_document.created_by_id, business_document.created_at, business_document.updated_at 
FROM business_document 
WHERE business_document.organization_id = %(organization_id_1)s::UUID AND business_document.document_type = %(document_type_1)s::VARCHAR AND business_document.native_id = %(native_id_1)s::UUID
[2026-08-22 23:01:32] [INFO   ] [sqlalchemy.engine.Engine:1848] [MainThread] - [cached since 0.9616s ago] {'organization_id_1': UUID('4b9e11c9-7df9-4f3a-989e-7b34ca8e9bc5'), 'document_type_1': 'SALES_QUOTE', 'native_id_1': UUID('a980ad11-aaf4-4a68-b809-17ca27b3a0ff')}
[2026-08-22 23:01:32] [INFO   ] [sqlalchemy.engine.Engine:1848] [MainThread] - INSERT INTO business_document (id, organization_id, document_type, native_id, document_number, current_status, issued_at, created_by_id, created_at, updated_at) VALUES (%(id)s::UUID, %(organization_id)s::UUID, %(document_type)s::VARCHAR, %(native_id)s::UUID, %(document_number)s::VARCHAR, %(current_status)s::VARCHAR, %(issued_at)s::TIMESTAMP WITH TIME ZONE, %(created_by_id)s::UUID, %(created_at)s::TIMESTAMP WITH TIME ZONE, %(updated_at)s::TIMESTAMP WITH TIME ZONE)
[2026-08-22 23:01:32] [INFO   ] [sqlalchemy.engine.Engine:1848] [MainThread] - [cached since 0.9558s ago] {'id': UUID('edd32304-4b7b-4598-9b26-8068271c9a90'), 'organization_id': UUID('4b9e11c9-7df9-4f3a-989e-7b34ca8e9bc5'), 'document_type': 'SALES_QUOTE', 'native_id': UUID('a980ad11-aaf4-4a68-b809-17ca27b3a0ff'), 'document_number': 'ORC-20260822-0562', 'current_status': 'DRAFT', 'issued_at': None, 'created_by_id': UUID('f26af366-3cf9-4499-adf2-3dd24417e361'), 'created_at': datetime.datetime(2026, 8, 23, 2, 1, 32, 308135, tzinfo=datetime.timezone.utc), 'updated_at': datetime.datetime(2026, 8, 23, 2, 1, 32, 308136, tzinfo=datetime.timezone.utc)}
[2026-08-22 23:01:32] [INFO   ] [sqlalchemy.engine.Engine:1848] [MainThread] - INSERT INTO sales_quote (id, organization_id, customer_id, opportunity_id, document_id, quote_number, customer_name, customer_document, customer_email, customer_phone, total_amount, discount_amount, net_amount, payment_terms, valid_until, status, notes, created_by_id, created_at, updated_at) VALUES (%(id)s::UUID, %(organization_id)s::UUID, %(customer_id)s::UUID, %(opportunity_id)s::UUID, %(document_id)s::UUID, %(quote_number)s::VARCHAR, %(customer_name)s::VARCHAR, %(customer_document)s::VARCHAR, %(customer_email)s::VARCHAR, %(customer_phone)s::VARCHAR, %(total_amount)s, %(discount_amount)s, %(net_amount)s, %(payment_terms)s::VARCHAR, %(valid_until)s::DATE, %(status)s::VARCHAR, %(notes)s::VARCHAR, %(created_by_id)s::UUID, %(created_at)s::TIMESTAMP WITH TIME ZONE, %(updated_at)s::TIMESTAMP WITH TIME ZONE)
[2026-08-22 23:01:32] [INFO   ] [sqlalchemy.engine.Engine:1848] [MainThread] - [cached since 0.953s ago] {'id': UUID('a980ad11-aaf4-4a68-b809-17ca27b3a0ff'), 'organization_id': UUID('4b9e11c9-7df9-4f3a-989e-7b34ca8e9bc5'), 'customer_id': UUID('3f06d280-231a-4a75-82a2-c49c3afcbc22'), 'opportunity_id': UUID('24101335-11fe-45f7-99f2-1fa3719e31ac'), 'document_id': UUID('edd32304-4b7b-4598-9b26-8068271c9a90'), 'quote_number': 'ORC-20260822-0562', 'customer_name': 'Clínica Oftalmológica Visão Ltda', 'customer_document': None, 'customer_email': None, 'customer_phone': None, 'total_amount': Decimal('2400.00'), 'discount_amount': Decimal('100.00'), 'net_amount': Decimal('2300.00'), 'payment_terms': '30/60 DDL', 'valid_until': datetime.date(2026, 9, 6), 'status': 'DRAFT', 'notes': None, 'created_by_id': UUID('f26af366-3cf9-4499-adf2-3dd24417e361'), 'created_at': datetime.datetime(2026, 8, 23, 2, 1, 32, 309213, tzinfo=datetime.timezone.utc), 'updated_at': datetime.datetime(2026, 8, 23, 2, 1, 32, 309214, tzinfo=datetime.timezone.utc)}
[2026-08-22 23:01:32] [INFO   ] [sqlalchemy.engine.Engine:1848] [MainThread] - INSERT INTO sales_quote_item (id, quote_id, product_id, quantity, unit_price, discount_amount, total_price, notes) VALUES (%(id)s::UUID, %(quote_id)s::UUID, %(product_id)s::UUID, %(quantity)s, %(unit_price)s, %(discount_amount)s, %(total_price)s, %(notes)s::VARCHAR)
[2026-08-22 23:01:32] [INFO   ] [sqlalchemy.engine.Engine:1848] [MainThread] - [cached since 0.9478s ago] {'id': UUID('ae13cc3c-e102-4aa8-b1fa-ab9deab8148d'), 'quote_id': UUID('a980ad11-aaf4-4a68-b809-17ca27b3a0ff'), 'product_id': UUID('6f469f01-8dc6-4b11-8c66-902c331b4a79'), 'quantity': Decimal('200'), 'unit_price': Decimal('12.00'), 'discount_amount': Decimal('100.00'), 'total_price': Decimal('2300.00'), 'notes': None}
[2026-08-22 23:01:32] [INFO   ] [sqlalchemy.engine.Engine:1848] [MainThread] - SELECT sales_quote.id, sales_quote.organization_id, sales_quote.customer_id, sales_quote.opportunity_id, sales_quote.document_id, sales_quote.quote_number, sales_quote.customer_name, sales_quote.customer_document, sales_quote.customer_email, sales_quote.customer_phone, sales_quote.total_amount, sales_quote.discount_amount, sales_quote.net_amount, sales_quote.payment_terms, sales_quote.valid_until, sales_quote.status, sales_quote.notes, sales_quote.created_by_id, sales_quote.created_at, sales_quote.updated_at 
FROM sales_quote 
WHERE sales_quote.id = %(pk_1)s::UUID
[2026-08-22 23:01:32] [INFO   ] [sqlalchemy.engine.Engine:1848] [MainThread] - [cached since 0.9443s ago] {'pk_1': UUID('a980ad11-aaf4-4a68-b809-17ca27b3a0ff')}
[2026-08-22 23:01:32] [INFO   ] [sqlalchemy.engine.Engine:1848] [MainThread] - SELECT sales_quote_item.id AS sales_quote_item_id, sales_quote_item.quote_id AS sales_quote_item_quote_id, sales_quote_item.product_id AS sales_quote_item_product_id, sales_quote_item.quantity AS sales_quote_item_quantity, sales_quote_item.unit_price AS sales_quote_item_unit_price, sales_quote_item.discount_amount AS sales_quote_item_discount_amount, sales_quote_item.total_price AS sales_quote_item_total_price, sales_quote_item.notes AS sales_quote_item_notes 
FROM sales_quote_item 
WHERE %(param_1)s::UUID = sales_quote_item.quote_id
[2026-08-22 23:01:32] [INFO   ] [sqlalchemy.engine.Engine:1848] [MainThread] - [cached since 0.9434s ago] {'param_1': UUID('a980ad11-aaf4-4a68-b809-17ca27b3a0ff')}
[2026-08-22 23:01:32] [INFO   ] [sqlalchemy.engine.Engine:1848] [MainThread] - SELECT document_event.id, document_event.organization_id, document_event.document_id, document_event.event_type, document_event.previous_status, document_event.new_status, document_event.event_metadata, document_event.idempotency_key, document_event.created_by_id, document_event.created_at 
FROM document_event 
WHERE document_event.organization_id = %(organization_id_1)s::UUID AND document_event.idempotency_key = %(idempotency_key_1)s::VARCHAR
[2026-08-22 23:01:32] [INFO   ] [sqlalchemy.engine.Engine:1848] [MainThread] - [cached since 0.9426s ago] {'organization_id_1': UUID('4b9e11c9-7df9-4f3a-989e-7b34ca8e9bc5'), 'idempotency_key_1': 'sales-quote:a980ad11-aaf4-4a68-b809-17ca27b3a0ff:created'}
[2026-08-22 23:01:32] [INFO   ] [sqlalchemy.engine.Engine:1848] [MainThread] - UPDATE business_document SET issued_at=%(issued_at)s::TIMESTAMP WITH TIME ZONE, updated_at=%(updated_at)s::TIMESTAMP WITH TIME ZONE WHERE business_document.id = %(business_document_id)s::UUID
[2026-08-22 23:01:32] [INFO   ] [sqlalchemy.engine.Engine:1848] [MainThread] - [cached since 0.9386s ago] {'issued_at': datetime.datetime(2026, 8, 23, 2, 1, 32, 309213, tzinfo=datetime.timezone.utc), 'updated_at': datetime.datetime(2026, 8, 23, 2, 1, 32, 314038, tzinfo=datetime.timezone.utc), 'business_document_id': UUID('edd32304-4b7b-4598-9b26-8068271c9a90')}
[2026-08-22 23:01:32] [INFO   ] [sqlalchemy.engine.Engine:1848] [MainThread] - INSERT INTO document_event (id, organization_id, document_id, event_type, previous_status, new_status, event_metadata, idempotency_key, created_by_id, created_at) VALUES (%(id)s::UUID, %(organization_id)s::UUID, %(document_id)s::UUID, %(event_type)s::VARCHAR, %(previous_status)s::VARCHAR, %(new_status)s::VARCHAR, %(event_metadata)s::JSON, %(idempotency_key)s::VARCHAR, %(created_by_id)s::UUID, %(created_at)s::TIMESTAMP WITH TIME ZONE)
[2026-08-22 23:01:32] [INFO   ] [sqlalchemy.engine.Engine:1848] [MainThread] - [cached since 0.9357s ago] {'id': UUID('2c8d3a9e-e9e2-4d58-a02e-3c7187e2ac6c'), 'organization_id': UUID('4b9e11c9-7df9-4f3a-989e-7b34ca8e9bc5'), 'document_id': UUID('edd32304-4b7b-4598-9b26-8068271c9a90'), 'event_type': 'CREATED', 'previous_status': None, 'new_status': 'DRAFT', 'event_metadata': Json({}), 'idempotency_key': 'sales-quote:a980ad11-aaf4-4a68-b809-17ca27b3a0ff:created', 'created_by_id': UUID('f26af366-3cf9-4499-adf2-3dd24417e361'), 'created_at': datetime.datetime(2026, 8, 23, 2, 1, 32, 314824, tzinfo=datetime.timezone.utc)}
[2026-08-22 23:01:32] [INFO   ] [sqlalchemy.engine.Engine:1848] [MainThread] - SELECT sales_quote.id, sales_quote.organization_id, sales_quote.customer_id, sales_quote.opportunity_id, sales_quote.document_id, sales_quote.quote_number, sales_quote.customer_name, sales_quote.customer_document, sales_quote.customer_email, sales_quote.customer_phone, sales_quote.total_amount, sales_quote.discount_amount, sales_quote.net_amount, sales_quote.payment_terms, sales_quote.valid_until, sales_quote.status, sales_quote.notes, sales_quote.created_by_id, sales_quote.created_at, sales_quote.updated_at 
FROM sales_quote 
WHERE sales_quote.organization_id = %(organization_id_1)s::UUID ORDER BY sales_quote.created_at DESC
[2026-08-22 23:01:32] [INFO   ] [sqlalchemy.engine.Engine:1848] [MainThread] - [cached since 0.3173s ago] {'organization_id_1': UUID('4b9e11c9-7df9-4f3a-989e-7b34ca8e9bc5')}
[2026-08-22 23:01:32] [INFO   ] [sqlalchemy.engine.Engine:1848] [MainThread] - SELECT opportunity.id AS opportunity_id, opportunity.organization_id AS opportunity_organization_id, opportunity.lead_id AS opportunity_lead_id, opportunity.customer_id AS opportunity_customer_id, opportunity.contact_id AS opportunity_contact_id, opportunity.title AS opportunity_title, opportunity.customer_name AS opportunity_customer_name, opportunity.estimated_amount AS opportunity_estimated_amount, opportunity.probability_percent AS opportunity_probability_percent, opportunity.expected_closing_date AS opportunity_expected_closing_date, opportunity.stage AS opportunity_stage, opportunity.loss_reason AS opportunity_loss_reason, opportunity.assigned_to_id AS opportunity_assigned_to_id, opportunity.created_at AS opportunity_created_at, opportunity.updated_at AS opportunity_updated_at 
FROM opportunity 
WHERE opportunity.id IN (%(primary_keys_1)s::UUID)
[2026-08-22 23:01:32] [INFO   ] [sqlalchemy.engine.Engine:1848] [MainThread] - [cached since 0.1214s ago] {'primary_keys_1': UUID('24101335-11fe-45f7-99f2-1fa3719e31ac')}
[2026-08-22 23:01:32] [INFO   ] [sqlalchemy.engine.Engine:1848] [MainThread] - SELECT sales_quote_item.quote_id AS sales_quote_item_quote_id, sales_quote_item.id AS sales_quote_item_id, sales_quote_item.product_id AS sales_quote_item_product_id, sales_quote_item.quantity AS sales_quote_item_quantity, sales_quote_item.unit_price AS sales_quote_item_unit_price, sales_quote_item.discount_amount AS sales_quote_item_discount_amount, sales_quote_item.total_price AS sales_quote_item_total_price, sales_quote_item.notes AS sales_quote_item_notes 
FROM sales_quote_item 
WHERE sales_quote_item.quote_id IN (%(primary_keys_1)s::UUID, %(primary_keys_2)s::UUID)
[2026-08-22 23:01:32] [INFO   ] [sqlalchemy.engine.Engine:1848] [MainThread] - [cached since 0.6996s ago] {'primary_keys_1': UUID('a980ad11-aaf4-4a68-b809-17ca27b3a0ff'), 'primary_keys_2': UUID('76935896-f9f5-4566-8226-8177395ea186')}
[2026-08-22 23:01:32] [INFO   ] [sqlalchemy.engine.Engine:1848] [MainThread] - SELECT sales_quote.id, sales_quote.organization_id, sales_quote.customer_id, sales_quote.opportunity_id, sales_quote.document_id, sales_quote.quote_number, sales_quote.customer_name, sales_quote.customer_document, sales_quote.customer_email, sales_quote.customer_phone, sales_quote.total_amount, sales_quote.discount_amount, sales_quote.net_amount, sales_quote.payment_terms, sales_quote.valid_until, sales_quote.status, sales_quote.notes, sales_quote.created_by_id, sales_quote.created_at, sales_quote.updated_at 
FROM sales_quote 
WHERE sales_quote.id = %(id_1)s::UUID AND sales_quote.organization_id = %(organization_id_1)s::UUID FOR UPDATE
[2026-08-22 23:01:32] [INFO   ] [sqlalchemy.engine.Engine:1848] [MainThread] - [cached since 0.7023s ago] {'id_1': UUID('a980ad11-aaf4-4a68-b809-17ca27b3a0ff'), 'organization_id_1': UUID('4b9e11c9-7df9-4f3a-989e-7b34ca8e9bc5')}
[2026-08-22 23:01:32] [INFO   ] [sqlalchemy.engine.Engine:1848] [MainThread] - SELECT opportunity.id AS opportunity_id, opportunity.organization_id AS opportunity_organization_id, opportunity.lead_id AS opportunity_lead_id, opportunity.customer_id AS opportunity_customer_id, opportunity.contact_id AS opportunity_contact_id, opportunity.title AS opportunity_title, opportunity.customer_name AS opportunity_customer_name, opportunity.estimated_amount AS opportunity_estimated_amount, opportunity.probability_percent AS opportunity_probability_percent, opportunity.expected_closing_date AS opportunity_expected_closing_date, opportunity.stage AS opportunity_stage, opportunity.loss_reason AS opportunity_loss_reason, opportunity.assigned_to_id AS opportunity_assigned_to_id, opportunity.created_at AS opportunity_created_at, opportunity.updated_at AS opportunity_updated_at 
FROM opportunity 
WHERE opportunity.id IN (%(primary_keys_1)s::UUID)
[2026-08-22 23:01:32] [INFO   ] [sqlalchemy.engine.Engine:1848] [MainThread] - [cached since 0.1243s ago] {'primary_keys_1': UUID('24101335-11fe-45f7-99f2-1fa3719e31ac')}
[2026-08-22 23:01:32] [INFO   ] [sqlalchemy.engine.Engine:1848] [MainThread] - SELECT sales_quote_item.quote_id AS sales_quote_item_quote_id, sales_quote_item.id AS sales_quote_item_id, sales_quote_item.product_id AS sales_quote_item_product_id, sales_quote_item.quantity AS sales_quote_item_quantity, sales_quote_item.unit_price AS sales_quote_item_unit_price, sales_quote_item.discount_amount AS sales_quote_item_discount_amount, sales_quote_item.total_price AS sales_quote_item_total_price, sales_quote_item.notes AS sales_quote_item_notes 
FROM sales_quote_item 
WHERE sales_quote_item.quote_id IN (%(primary_keys_1)s::UUID)
[2026-08-22 23:01:32] [INFO   ] [sqlalchemy.engine.Engine:1848] [MainThread] - [cached since 0.7024s ago] {'primary_keys_1': UUID('a980ad11-aaf4-4a68-b809-17ca27b3a0ff')}
[2026-08-22 23:01:32] [INFO   ] [sqlalchemy.engine.Engine:1848] [MainThread] - SELECT business_document.id, business_document.organization_id, business_document.document_type, business_document.native_id, business_document.document_number, business_document.current_status, business_document.issued_at, business_document.created_by_id, business_document.created_at, business_document.updated_at 
FROM business_document 
WHERE business_document.organization_id = %(organization_id_1)s::UUID AND business_document.document_type = %(document_type_1)s::VARCHAR AND business_document.native_id = %(native_id_1)s::UUID
[2026-08-22 23:01:32] [INFO   ] [sqlalchemy.engine.Engine:1848] [MainThread] - [cached since 0.9761s ago] {'organization_id_1': UUID('4b9e11c9-7df9-4f3a-989e-7b34ca8e9bc5'), 'document_type_1': 'SALES_QUOTE', 'native_id_1': UUID('a980ad11-aaf4-4a68-b809-17ca27b3a0ff')}
[2026-08-22 23:01:32] [INFO   ] [sqlalchemy.engine.Engine:1848] [MainThread] - SELECT document_relation.parent_document_id AS document_relation_parent_document_id, document_relation.id AS document_relation_id, document_relation.organization_id AS document_relation_organization_id, document_relation.child_document_id AS document_relation_child_document_id, document_relation.relation_type AS document_relation_relation_type, document_relation.relation_metadata AS document_relation_relation_metadata, document_relation.created_by_id AS document_relation_created_by_id, document_relation.created_at AS document_relation_created_at 
FROM document_relation 
WHERE document_relation.parent_document_id IN (%(primary_keys_1)s::UUID)
[2026-08-22 23:01:32] [INFO   ] [sqlalchemy.engine.Engine:1848] [MainThread] - [cached since 0.6918s ago] {'primary_keys_1': UUID('edd32304-4b7b-4598-9b26-8068271c9a90')}
[2026-08-22 23:01:32] [INFO   ] [sqlalchemy.engine.Engine:1848] [MainThread] - SELECT business_document_1.id AS business_document_1_id, document_event.id AS document_event_id, document_event.organization_id AS document_event_organization_id, document_event.document_id AS document_event_document_id, document_event.event_type AS document_event_event_type, document_event.previous_status AS document_event_previous_status, document_event.new_status AS document_event_new_status, document_event.event_metadata AS document_event_event_metadata, document_event.idempotency_key AS document_event_idempotency_key, document_event.created_by_id AS document_event_created_by_id, document_event.created_at AS document_event_created_at 
FROM business_document AS business_document_1 JOIN document_event ON business_document_1.organization_id = document_event.organization_id AND business_document_1.id = document_event.document_id 
WHERE business_document_1.id IN (%(primary_keys_1)s::UUID) ORDER BY document_event.created_at
[2026-08-22 23:01:32] [INFO   ] [sqlalchemy.engine.Engine:1848] [MainThread] - [cached since 0.6854s ago] {'primary_keys_1': UUID('edd32304-4b7b-4598-9b26-8068271c9a90')}
[2026-08-22 23:01:32] [INFO   ] [sqlalchemy.engine.Engine:1848] [MainThread] - SELECT document_relation.child_document_id AS document_relation_child_document_id, document_relation.id AS document_relation_id, document_relation.organization_id AS document_relation_organization_id, document_relation.parent_document_id AS document_relation_parent_document_id, document_relation.relation_type AS document_relation_relation_type, document_relation.relation_metadata AS document_relation_relation_metadata, document_relation.created_by_id AS document_relation_created_by_id, document_relation.created_at AS document_relation_created_at 
FROM document_relation 
WHERE document_relation.child_document_id IN (%(primary_keys_1)s::UUID)
[2026-08-22 23:01:32] [INFO   ] [sqlalchemy.engine.Engine:1848] [MainThread] - [cached since 0.6847s ago] {'primary_keys_1': UUID('edd32304-4b7b-4598-9b26-8068271c9a90')}
[2026-08-22 23:01:32] [INFO   ] [sqlalchemy.engine.Engine:1848] [MainThread] - SELECT document_event.id, document_event.organization_id, document_event.document_id, document_event.event_type, document_event.previous_status, document_event.new_status, document_event.event_metadata, document_event.idempotency_key, document_event.created_by_id, document_event.created_at 
FROM document_event 
WHERE document_event.organization_id = %(organization_id_1)s::UUID AND document_event.idempotency_key = %(idempotency_key_1)s::VARCHAR
[2026-08-22 23:01:32] [INFO   ] [sqlalchemy.engine.Engine:1848] [MainThread] - [cached since 0.9551s ago] {'organization_id_1': UUID('4b9e11c9-7df9-4f3a-989e-7b34ca8e9bc5'), 'idempotency_key_1': 'sales-quote:a980ad11-aaf4-4a68-b809-17ca27b3a0ff:status:draft:approved'}
[2026-08-22 23:01:32] [INFO   ] [sqlalchemy.engine.Engine:1848] [MainThread] - INSERT INTO document_event (id, organization_id, document_id, event_type, previous_status, new_status, event_metadata, idempotency_key, created_by_id, created_at) VALUES (%(id)s::UUID, %(organization_id)s::UUID, %(document_id)s::UUID, %(event_type)s::VARCHAR, %(previous_status)s::VARCHAR, %(new_status)s::VARCHAR, %(event_metadata)s::JSON, %(idempotency_key)s::VARCHAR, %(created_by_id)s::UUID, %(created_at)s::TIMESTAMP WITH TIME ZONE)
[2026-08-22 23:01:32] [INFO   ] [sqlalchemy.engine.Engine:1848] [MainThread] - [cached since 0.9477s ago] {'id': UUID('63902ea1-e1fd-419c-8eb5-9442e347b6e7'), 'organization_id': UUID('4b9e11c9-7df9-4f3a-989e-7b34ca8e9bc5'), 'document_id': UUID('edd32304-4b7b-4598-9b26-8068271c9a90'), 'event_type': 'STATUS_CHANGED', 'previous_status': 'DRAFT', 'new_status': 'APPROVED', 'event_metadata': Json({'quote_id': 'a980ad11-aaf4-4a68-b8 ... (52 chars)), 'idempotency_key': 'sales-quote:a980ad11-aaf4-4a68-b809-17ca27b3a0ff:status:draft:approved', 'created_by_id': UUID('f26af366-3cf9-4499-adf2-3dd24417e361'), 'created_at': datetime.datetime(2026, 8, 23, 2, 1, 32, 326834, tzinfo=datetime.timezone.utc)}
[2026-08-22 23:01:32] [INFO   ] [sqlalchemy.engine.Engine:1848] [MainThread] - UPDATE sales_quote SET status=%(status)s::VARCHAR, updated_at=%(updated_at)s::TIMESTAMP WITH TIME ZONE WHERE sales_quote.id = %(sales_quote_id)s::UUID
[2026-08-22 23:01:32] [INFO   ] [sqlalchemy.engine.Engine:1848] [MainThread] - [cached since 0.6843s ago] {'status': 'APPROVED', 'updated_at': datetime.datetime(2026, 8, 23, 2, 1, 32, 327728, tzinfo=datetime.timezone.utc), 'sales_quote_id': UUID('a980ad11-aaf4-4a68-b809-17ca27b3a0ff')}
[2026-08-22 23:01:32] [INFO   ] [sqlalchemy.engine.Engine:1848] [MainThread] - UPDATE business_document SET current_status=%(current_status)s::VARCHAR, updated_at=%(updated_at)s::TIMESTAMP WITH TIME ZONE WHERE business_document.id = %(business_document_id)s::UUID
[2026-08-22 23:01:32] [INFO   ] [sqlalchemy.engine.Engine:1848] [MainThread] - [cached since 0.6842s ago] {'current_status': 'APPROVED', 'updated_at': datetime.datetime(2026, 8, 23, 2, 1, 32, 328911, tzinfo=datetime.timezone.utc), 'business_document_id': UUID('edd32304-4b7b-4598-9b26-8068271c9a90')}
[2026-08-22 23:01:32] [INFO   ] [sqlalchemy.engine.Engine:1848] [MainThread] - SELECT sales_quote.id, sales_quote.organization_id, sales_quote.customer_id, sales_quote.opportunity_id, sales_quote.document_id, sales_quote.quote_number, sales_quote.customer_name, sales_quote.customer_document, sales_quote.customer_email, sales_quote.customer_phone, sales_quote.total_amount, sales_quote.discount_amount, sales_quote.net_amount, sales_quote.payment_terms, sales_quote.valid_until, sales_quote.status, sales_quote.notes, sales_quote.created_by_id, sales_quote.created_at, sales_quote.updated_at 
FROM sales_quote 
WHERE sales_quote.id = %(id_1)s::UUID AND sales_quote.organization_id = %(organization_id_1)s::UUID FOR UPDATE
[2026-08-22 23:01:32] [INFO   ] [sqlalchemy.engine.Engine:1848] [MainThread] - [cached since 0.7133s ago] {'id_1': UUID('a980ad11-aaf4-4a68-b809-17ca27b3a0ff'), 'organization_id_1': UUID('4b9e11c9-7df9-4f3a-989e-7b34ca8e9bc5')}
[2026-08-22 23:01:32] [INFO   ] [sqlalchemy.engine.Engine:1848] [MainThread] - SELECT opportunity.id AS opportunity_id, opportunity.organization_id AS opportunity_organization_id, opportunity.lead_id AS opportunity_lead_id, opportunity.customer_id AS opportunity_customer_id, opportunity.contact_id AS opportunity_contact_id, opportunity.title AS opportunity_title, opportunity.customer_name AS opportunity_customer_name, opportunity.estimated_amount AS opportunity_estimated_amount, opportunity.probability_percent AS opportunity_probability_percent, opportunity.expected_closing_date AS opportunity_expected_closing_date, opportunity.stage AS opportunity_stage, opportunity.loss_reason AS opportunity_loss_reason, opportunity.assigned_to_id AS opportunity_assigned_to_id, opportunity.created_at AS opportunity_created_at, opportunity.updated_at AS opportunity_updated_at 
FROM opportunity 
WHERE opportunity.id IN (%(primary_keys_1)s::UUID)
[2026-08-22 23:01:32] [INFO   ] [sqlalchemy.engine.Engine:1848] [MainThread] - [cached since 0.1353s ago] {'primary_keys_1': UUID('24101335-11fe-45f7-99f2-1fa3719e31ac')}
[2026-08-22 23:01:32] [INFO   ] [sqlalchemy.engine.Engine:1848] [MainThread] - SELECT sales_quote_item.quote_id AS sales_quote_item_quote_id, sales_quote_item.id AS sales_quote_item_id, sales_quote_item.product_id AS sales_quote_item_product_id, sales_quote_item.quantity AS sales_quote_item_quantity, sales_quote_item.unit_price AS sales_quote_item_unit_price, sales_quote_item.discount_amount AS sales_quote_item_discount_amount, sales_quote_item.total_price AS sales_quote_item_total_price, sales_quote_item.notes AS sales_quote_item_notes 
FROM sales_quote_item 
WHERE sales_quote_item.quote_id IN (%(primary_keys_1)s::UUID)
[2026-08-22 23:01:32] [INFO   ] [sqlalchemy.engine.Engine:1848] [MainThread] - [cached since 0.7135s ago] {'primary_keys_1': UUID('a980ad11-aaf4-4a68-b809-17ca27b3a0ff')}
[2026-08-22 23:01:32] [INFO   ] [sqlalchemy.engine.Engine:1848] [MainThread] - SELECT sales_order.id, sales_order.organization_id, sales_order.customer_id, sales_order.sales_quote_id, sales_order.opportunity_id, sales_order.document_id, sales_order.order_number, sales_order.customer_name, sales_order.customer_document, sales_order.total_amount, sales_order.discount_amount, sales_order.net_amount, sales_order.payment_terms, sales_order.delivery_status, sales_order.billing_status, sales_order.status, sales_order.notes, sales_order.created_by_id, sales_order.created_at, sales_order.updated_at 
FROM sales_order 
WHERE sales_order.sales_quote_id = %(sales_quote_id_1)s::UUID AND sales_order.organization_id = %(organization_id_1)s::UUID
[2026-08-22 23:01:32] [INFO   ] [sqlalchemy.engine.Engine:1848] [MainThread] - [cached since 0.713s ago] {'sales_quote_id_1': UUID('a980ad11-aaf4-4a68-b809-17ca27b3a0ff'), 'organization_id_1': UUID('4b9e11c9-7df9-4f3a-989e-7b34ca8e9bc5')}
[2026-08-22 23:01:32] [INFO   ] [sqlalchemy.engine.Engine:1848] [MainThread] - SELECT customer.id, customer.organization_id, customer.contact_id, customer.person_type, customer.document, customer.name, customer.trade_name, customer.state_registration, customer.email, customer.phone, customer.address_street, customer.address_number, customer.address_neighborhood, customer.address_city, customer.address_state, customer.address_zip_code, customer.credit_limit, customer.is_active, customer.notes, customer.created_at, customer.updated_at 
FROM customer 
WHERE customer.id = %(id_1)s::UUID AND customer.organization_id = %(organization_id_1)s::UUID
[2026-08-22 23:01:32] [INFO   ] [sqlalchemy.engine.Engine:1848] [MainThread] - [cached since 1.11s ago] {'id_1': UUID('3f06d280-231a-4a75-82a2-c49c3afcbc22'), 'organization_id_1': UUID('4b9e11c9-7df9-4f3a-989e-7b34ca8e9bc5')}
[2026-08-22 23:01:32] [INFO   ] [sqlalchemy.engine.Engine:1848] [MainThread] - SELECT opportunity.id, opportunity.organization_id, opportunity.lead_id, opportunity.customer_id, opportunity.contact_id, opportunity.title, opportunity.customer_name, opportunity.estimated_amount, opportunity.probability_percent, opportunity.expected_closing_date, opportunity.stage, opportunity.loss_reason, opportunity.assigned_to_id, opportunity.created_at, opportunity.updated_at 
FROM opportunity 
WHERE opportunity.id = %(id_1)s::UUID AND opportunity.organization_id = %(organization_id_1)s::UUID
[2026-08-22 23:01:32] [INFO   ] [sqlalchemy.engine.Engine:1848] [MainThread] - [cached since 1.099s ago] {'id_1': UUID('24101335-11fe-45f7-99f2-1fa3719e31ac'), 'organization_id_1': UUID('4b9e11c9-7df9-4f3a-989e-7b34ca8e9bc5')}
[2026-08-22 23:01:32] [INFO   ] [sqlalchemy.engine.Engine:1848] [MainThread] - SELECT product.id, product.organization_id, product.category_id, product.sku, product.name, product.description, product.unit_of_measure, product.reference_price, product.cost_price, product.sale_price, product.external_code, product.brand, product.barcode, product.ncm, product.is_perishable, product.requires_batch, product.shelf_life_days, product.current_stock, product.min_stock, product.max_stock, product.storage_location, product.is_active, product.created_at, product.updated_at 
FROM product 
WHERE product.id = %(id_1)s::UUID AND product.organization_id = %(organization_id_1)s::UUID
[2026-08-22 23:01:32] [INFO   ] [sqlalchemy.engine.Engine:1848] [MainThread] - [cached since 0.9935s ago] {'id_1': UUID('6f469f01-8dc6-4b11-8c66-902c331b4a79'), 'organization_id_1': UUID('4b9e11c9-7df9-4f3a-989e-7b34ca8e9bc5')}
[2026-08-22 23:01:32] [INFO   ] [sqlalchemy.engine.Engine:1848] [MainThread] - SELECT product_category.id AS product_category_id, product_category.organization_id AS product_category_organization_id, product_category.name AS product_category_name, product_category.code AS product_category_code, product_category.description AS product_category_description, product_category.is_active AS product_category_is_active, product_category.created_at AS product_category_created_at, product_category.updated_at AS product_category_updated_at 
FROM product_category 
WHERE product_category.id IN (%(primary_keys_1)s::UUID)
[2026-08-22 23:01:32] [INFO   ] [sqlalchemy.engine.Engine:1848] [MainThread] - [cached since 0.9925s ago] {'primary_keys_1': UUID('53cb21ad-1a40-438e-9449-bd2995eac02e')}
[2026-08-22 23:01:32] [INFO   ] [sqlalchemy.engine.Engine:1848] [MainThread] - SELECT business_document.id, business_document.organization_id, business_document.document_type, business_document.native_id, business_document.document_number, business_document.current_status, business_document.issued_at, business_document.created_by_id, business_document.created_at, business_document.updated_at 
FROM business_document 
WHERE business_document.organization_id = %(organization_id_1)s::UUID AND business_document.document_type = %(document_type_1)s::VARCHAR AND business_document.native_id = %(native_id_1)s::UUID
[2026-08-22 23:01:32] [INFO   ] [sqlalchemy.engine.Engine:1848] [MainThread] - [cached since 0.9918s ago] {'organization_id_1': UUID('4b9e11c9-7df9-4f3a-989e-7b34ca8e9bc5'), 'document_type_1': 'SALES_QUOTE', 'native_id_1': UUID('a980ad11-aaf4-4a68-b809-17ca27b3a0ff')}
[2026-08-22 23:01:32] [INFO   ] [sqlalchemy.engine.Engine:1848] [MainThread] - SELECT document_relation.parent_document_id AS document_relation_parent_document_id, document_relation.id AS document_relation_id, document_relation.organization_id AS document_relation_organization_id, document_relation.child_document_id AS document_relation_child_document_id, document_relation.relation_type AS document_relation_relation_type, document_relation.relation_metadata AS document_relation_relation_metadata, document_relation.created_by_id AS document_relation_created_by_id, document_relation.created_at AS document_relation_created_at 
FROM document_relation 
WHERE document_relation.parent_document_id IN (%(primary_keys_1)s::UUID)
[2026-08-22 23:01:32] [INFO   ] [sqlalchemy.engine.Engine:1848] [MainThread] - [cached since 0.7076s ago] {'primary_keys_1': UUID('edd32304-4b7b-4598-9b26-8068271c9a90')}
[2026-08-22 23:01:32] [INFO   ] [sqlalchemy.engine.Engine:1848] [MainThread] - SELECT business_document_1.id AS business_document_1_id, document_event.id AS document_event_id, document_event.organization_id AS document_event_organization_id, document_event.document_id AS document_event_document_id, document_event.event_type AS document_event_event_type, document_event.previous_status AS document_event_previous_status, document_event.new_status AS document_event_new_status, document_event.event_metadata AS document_event_event_metadata, document_event.idempotency_key AS document_event_idempotency_key, document_event.created_by_id AS document_event_created_by_id, document_event.created_at AS document_event_created_at 
FROM business_document AS business_document_1 JOIN document_event ON business_document_1.organization_id = document_event.organization_id AND business_document_1.id = document_event.document_id 
WHERE business_document_1.id IN (%(primary_keys_1)s::UUID) ORDER BY document_event.created_at
[2026-08-22 23:01:32] [INFO   ] [sqlalchemy.engine.Engine:1848] [MainThread] - [cached since 0.7011s ago] {'primary_keys_1': UUID('edd32304-4b7b-4598-9b26-8068271c9a90')}
[2026-08-22 23:01:32] [INFO   ] [sqlalchemy.engine.Engine:1848] [MainThread] - SELECT document_relation.child_document_id AS document_relation_child_document_id, document_relation.id AS document_relation_id, document_relation.organization_id AS document_relation_organization_id, document_relation.parent_document_id AS document_relation_parent_document_id, document_relation.relation_type AS document_relation_relation_type, document_relation.relation_metadata AS document_relation_relation_metadata, document_relation.created_by_id AS document_relation_created_by_id, document_relation.created_at AS document_relation_created_at 
FROM document_relation 
WHERE document_relation.child_document_id IN (%(primary_keys_1)s::UUID)
[2026-08-22 23:01:32] [INFO   ] [sqlalchemy.engine.Engine:1848] [MainThread] - [cached since 0.7004s ago] {'primary_keys_1': UUID('edd32304-4b7b-4598-9b26-8068271c9a90')}
[2026-08-22 23:01:32] [INFO   ] [sqlalchemy.engine.Engine:1848] [MainThread] - SELECT business_document.id, business_document.organization_id, business_document.document_type, business_document.native_id, business_document.document_number, business_document.current_status, business_document.issued_at, business_document.created_by_id, business_document.created_at, business_document.updated_at 
FROM business_document 
WHERE business_document.organization_id = %(organization_id_1)s::UUID AND business_document.document_type = %(document_type_1)s::VARCHAR AND business_document.native_id = %(native_id_1)s::UUID
[2026-08-22 23:01:32] [INFO   ] [sqlalchemy.engine.Engine:1848] [MainThread] - [cached since 0.9957s ago] {'organization_id_1': UUID('4b9e11c9-7df9-4f3a-989e-7b34ca8e9bc5'), 'document_type_1': 'SALES_ORDER', 'native_id_1': UUID('483bf07d-5044-47b1-a338-b0c881edd3f4')}
[2026-08-22 23:01:32] [INFO   ] [sqlalchemy.engine.Engine:1848] [MainThread] - INSERT INTO business_document (id, organization_id, document_type, native_id, document_number, current_status, issued_at, created_by_id, created_at, updated_at) VALUES (%(id)s::UUID, %(organization_id)s::UUID, %(document_type)s::VARCHAR, %(native_id)s::UUID, %(document_number)s::VARCHAR, %(current_status)s::VARCHAR, %(issued_at)s::TIMESTAMP WITH TIME ZONE, %(created_by_id)s::UUID, %(created_at)s::TIMESTAMP WITH TIME ZONE, %(updated_at)s::TIMESTAMP WITH TIME ZONE)
[2026-08-22 23:01:32] [INFO   ] [sqlalchemy.engine.Engine:1848] [MainThread] - [cached since 0.9901s ago] {'id': UUID('cee4afc9-8c1f-491a-bf0a-0dd8d566ebf8'), 'organization_id': UUID('4b9e11c9-7df9-4f3a-989e-7b34ca8e9bc5'), 'document_type': 'SALES_ORDER', 'native_id': UUID('483bf07d-5044-47b1-a338-b0c881edd3f4'), 'document_number': 'PED-20260822-26ED', 'current_status': 'CONFIRMED', 'issued_at': None, 'created_by_id': UUID('f26af366-3cf9-4499-adf2-3dd24417e361'), 'created_at': datetime.datetime(2026, 8, 23, 2, 1, 32, 342366, tzinfo=datetime.timezone.utc), 'updated_at': datetime.datetime(2026, 8, 23, 2, 1, 32, 342367, tzinfo=datetime.timezone.utc)}
[2026-08-22 23:01:32] [INFO   ] [sqlalchemy.engine.Engine:1848] [MainThread] - SELECT document_relation.id, document_relation.organization_id, document_relation.parent_document_id, document_relation.child_document_id, document_relation.relation_type, document_relation.relation_metadata, document_relation.created_by_id, document_relation.created_at 
FROM document_relation 
WHERE document_relation.parent_document_id = %(parent_document_id_1)s::UUID AND document_relation.child_document_id = %(child_document_id_1)s::UUID AND document_relation.relation_type = %(relation_type_1)s::VARCHAR
[2026-08-22 23:01:32] [INFO   ] [sqlalchemy.engine.Engine:1848] [MainThread] - [cached since 0.6831s ago] {'parent_document_id_1': UUID('edd32304-4b7b-4598-9b26-8068271c9a90'), 'child_document_id_1': UUID('cee4afc9-8c1f-491a-bf0a-0dd8d566ebf8'), 'relation_type_1': 'CONVERTED_TO'}
[2026-08-22 23:01:32] [INFO   ] [sqlalchemy.engine.Engine:1848] [MainThread] - INSERT INTO document_relation (id, organization_id, parent_document_id, child_document_id, relation_type, relation_metadata, created_by_id, created_at) VALUES (%(id)s::UUID, %(organization_id)s::UUID, %(parent_document_id)s::UUID, %(child_document_id)s::UUID, %(relation_type)s::VARCHAR, %(relation_metadata)s::JSON, %(created_by_id)s::UUID, %(created_at)s::TIMESTAMP WITH TIME ZONE)
[2026-08-22 23:01:32] [INFO   ] [sqlalchemy.engine.Engine:1848] [MainThread] - [cached since 0.6827s ago] {'id': UUID('49365005-2726-41dc-b29f-512d1e74cbfb'), 'organization_id': UUID('4b9e11c9-7df9-4f3a-989e-7b34ca8e9bc5'), 'parent_document_id': UUID('edd32304-4b7b-4598-9b26-8068271c9a90'), 'child_document_id': UUID('cee4afc9-8c1f-491a-bf0a-0dd8d566ebf8'), 'relation_type': 'CONVERTED_TO', 'relation_metadata': Json({'quote_id': 'a980ad11-aaf4-4a68-b8 ... (104 chars)), 'created_by_id': UUID('f26af366-3cf9-4499-adf2-3dd24417e361'), 'created_at': datetime.datetime(2026, 8, 23, 2, 1, 32, 344553, tzinfo=datetime.timezone.utc)}
[2026-08-22 23:01:32] [INFO   ] [sqlalchemy.engine.Engine:1848] [MainThread] - SELECT document_event.id, document_event.organization_id, document_event.document_id, document_event.event_type, document_event.previous_status, document_event.new_status, document_event.event_metadata, document_event.idempotency_key, document_event.created_by_id, document_event.created_at 
FROM document_event 
WHERE document_event.organization_id = %(organization_id_1)s::UUID AND document_event.idempotency_key = %(idempotency_key_1)s::VARCHAR
[2026-08-22 23:01:32] [INFO   ] [sqlalchemy.engine.Engine:1848] [MainThread] - [cached since 0.9752s ago] {'organization_id_1': UUID('4b9e11c9-7df9-4f3a-989e-7b34ca8e9bc5'), 'idempotency_key_1': 'sales-order:483bf07d-5044-47b1-a338-b0c881edd3f4:created'}
[2026-08-22 23:01:32] [INFO   ] [sqlalchemy.engine.Engine:1848] [MainThread] - INSERT INTO document_event (id, organization_id, document_id, event_type, previous_status, new_status, event_metadata, idempotency_key, created_by_id, created_at) VALUES (%(id)s::UUID, %(organization_id)s::UUID, %(document_id)s::UUID, %(event_type)s::VARCHAR, %(previous_status)s::VARCHAR, %(new_status)s::VARCHAR, %(event_metadata)s::JSON, %(idempotency_key)s::VARCHAR, %(created_by_id)s::UUID, %(created_at)s::TIMESTAMP WITH TIME ZONE)
[2026-08-22 23:01:32] [INFO   ] [sqlalchemy.engine.Engine:1848] [MainThread] - [cached since 0.9675s ago] {'id': UUID('b6d2831c-7a08-4af3-9078-85daa6803a93'), 'organization_id': UUID('4b9e11c9-7df9-4f3a-989e-7b34ca8e9bc5'), 'document_id': UUID('cee4afc9-8c1f-491a-bf0a-0dd8d566ebf8'), 'event_type': 'CREATED', 'previous_status': None, 'new_status': 'CONFIRMED', 'event_metadata': Json({'origin': 'SALES_QUOTE', 'quote_id ... (77 chars)), 'idempotency_key': 'sales-order:483bf07d-5044-47b1-a338-b0c881edd3f4:created', 'created_by_id': UUID('f26af366-3cf9-4499-adf2-3dd24417e361'), 'created_at': datetime.datetime(2026, 8, 23, 2, 1, 32, 346620, tzinfo=datetime.timezone.utc)}
[2026-08-22 23:01:32] [INFO   ] [sqlalchemy.engine.Engine:1848] [MainThread] - SELECT document_event.id, document_event.organization_id, document_event.document_id, document_event.event_type, document_event.previous_status, document_event.new_status, document_event.event_metadata, document_event.idempotency_key, document_event.created_by_id, document_event.created_at 
FROM document_event 
WHERE document_event.organization_id = %(organization_id_1)s::UUID AND document_event.idempotency_key = %(idempotency_key_1)s::VARCHAR
[2026-08-22 23:01:32] [INFO   ] [sqlalchemy.engine.Engine:1848] [MainThread] - [cached since 0.9771s ago] {'organization_id_1': UUID('4b9e11c9-7df9-4f3a-989e-7b34ca8e9bc5'), 'idempotency_key_1': 'sales-quote:a980ad11-aaf4-4a68-b809-17ca27b3a0ff:converted-to:483bf07d-5044-47b1-a338-b0c881edd3f4'}
[2026-08-22 23:01:32] [INFO   ] [sqlalchemy.engine.Engine:1848] [MainThread] - INSERT INTO document_event (id, organization_id, document_id, event_type, previous_status, new_status, event_metadata, idempotency_key, created_by_id, created_at) VALUES (%(id)s::UUID, %(organization_id)s::UUID, %(document_id)s::UUID, %(event_type)s::VARCHAR, %(previous_status)s::VARCHAR, %(new_status)s::VARCHAR, %(event_metadata)s::JSON, %(idempotency_key)s::VARCHAR, %(created_by_id)s::UUID, %(created_at)s::TIMESTAMP WITH TIME ZONE)
[2026-08-22 23:01:32] [INFO   ] [sqlalchemy.engine.Engine:1848] [MainThread] - [cached since 0.9694s ago] {'id': UUID('1e7a9a6f-58f8-4ce9-9e8f-1db4d5b7c662'), 'organization_id': UUID('4b9e11c9-7df9-4f3a-989e-7b34ca8e9bc5'), 'document_id': UUID('edd32304-4b7b-4598-9b26-8068271c9a90'), 'event_type': 'CONVERTED_TO_ORDER', 'previous_status': 'APPROVED', 'new_status': 'CONVERTED', 'event_metadata': Json({'order_id': '483bf07d-5044-47b1-a3 ... (52 chars)), 'idempotency_key': 'sales-quote:a980ad11-aaf4-4a68-b809-17ca27b3a0ff:converted-to:483bf07d-5044-47b1-a338-b0c881edd3f4', 'created_by_id': UUID('f26af366-3cf9-4499-adf2-3dd24417e361'), 'created_at': datetime.datetime(2026, 8, 23, 2, 1, 32, 348553, tzinfo=datetime.timezone.utc)}
[2026-08-22 23:01:32] [INFO   ] [sqlalchemy.engine.Engine:1848] [MainThread] - UPDATE opportunity SET stage=%(stage)s::VARCHAR, updated_at=%(updated_at)s::TIMESTAMP WITH TIME ZONE WHERE opportunity.id = %(opportunity_id)s::UUID
[2026-08-22 23:01:32] [INFO   ] [sqlalchemy.engine.Engine:1848] [MainThread] - [cached since 1.112s ago] {'stage': 'WON', 'updated_at': datetime.datetime(2026, 8, 23, 2, 1, 32, 349905, tzinfo=datetime.timezone.utc), 'opportunity_id': UUID('24101335-11fe-45f7-99f2-1fa3719e31ac')}
[2026-08-22 23:01:32] [INFO   ] [sqlalchemy.engine.Engine:1848] [MainThread] - UPDATE business_document SET current_status=%(current_status)s::VARCHAR, updated_at=%(updated_at)s::TIMESTAMP WITH TIME ZONE WHERE business_document.id = %(business_document_id)s::UUID
[2026-08-22 23:01:32] [INFO   ] [sqlalchemy.engine.Engine:1848] [MainThread] - [cached since 0.706s ago] {'current_status': 'CONVERTED', 'updated_at': datetime.datetime(2026, 8, 23, 2, 1, 32, 350632, tzinfo=datetime.timezone.utc), 'business_document_id': UUID('edd32304-4b7b-4598-9b26-8068271c9a90')}
[2026-08-22 23:01:32] [INFO   ] [sqlalchemy.engine.Engine:1848] [MainThread] - INSERT INTO sales_order (id, organization_id, customer_id, sales_quote_id, opportunity_id, document_id, order_number, customer_name, customer_document, total_amount, discount_amount, net_amount, payment_terms, delivery_status, billing_status, status, notes, created_by_id, created_at, updated_at) VALUES (%(id)s::UUID, %(organization_id)s::UUID, %(customer_id)s::UUID, %(sales_quote_id)s::UUID, %(opportunity_id)s::UUID, %(document_id)s::UUID, %(order_number)s::VARCHAR, %(customer_name)s::VARCHAR, %(customer_document)s::VARCHAR, %(total_amount)s, %(discount_amount)s, %(net_amount)s, %(payment_terms)s::VARCHAR, %(delivery_status)s::VARCHAR, %(billing_status)s::VARCHAR, %(status)s::VARCHAR, %(notes)s::VARCHAR, %(created_by_id)s::UUID, %(created_at)s::TIMESTAMP WITH TIME ZONE, %(updated_at)s::TIMESTAMP WITH TIME ZONE)
[2026-08-22 23:01:32] [INFO   ] [sqlalchemy.engine.Engine:1848] [MainThread] - [cached since 0.9643s ago] {'id': UUID('483bf07d-5044-47b1-a338-b0c881edd3f4'), 'organization_id': UUID('4b9e11c9-7df9-4f3a-989e-7b34ca8e9bc5'), 'customer_id': UUID('3f06d280-231a-4a75-82a2-c49c3afcbc22'), 'sales_quote_id': UUID('a980ad11-aaf4-4a68-b809-17ca27b3a0ff'), 'opportunity_id': UUID('24101335-11fe-45f7-99f2-1fa3719e31ac'), 'document_id': UUID('cee4afc9-8c1f-491a-bf0a-0dd8d566ebf8'), 'order_number': 'PED-20260822-26ED', 'customer_name': 'Clínica Oftalmológica Visão Ltda', 'customer_document': None, 'total_amount': Decimal('2400.00'), 'discount_amount': Decimal('100.00'), 'net_amount': Decimal('2300.00'), 'payment_terms': '30/60 DDL', 'delivery_status': 'PENDING', 'billing_status': 'PENDING', 'status': 'CONFIRMED', 'notes': 'Convertido do Orçamento #ORC-20260822-0562.', 'created_by_id': UUID('f26af366-3cf9-4499-adf2-3dd24417e361'), 'created_at': datetime.datetime(2026, 8, 23, 2, 1, 32, 351414, tzinfo=datetime.timezone.utc), 'updated_at': datetime.datetime(2026, 8, 23, 2, 1, 32, 351416, tzinfo=datetime.timezone.utc)}
[2026-08-22 23:01:32] [INFO   ] [sqlalchemy.engine.Engine:1848] [MainThread] - UPDATE sales_quote SET status=%(status)s::VARCHAR, updated_at=%(updated_at)s::TIMESTAMP WITH TIME ZONE WHERE sales_quote.id = %(sales_quote_id)s::UUID
[2026-08-22 23:01:32] [INFO   ] [sqlalchemy.engine.Engine:1848] [MainThread] - [cached since 0.709s ago] {'status': 'CONVERTED', 'updated_at': datetime.datetime(2026, 8, 23, 2, 1, 32, 352475, tzinfo=datetime.timezone.utc), 'sales_quote_id': UUID('a980ad11-aaf4-4a68-b809-17ca27b3a0ff')}
[2026-08-22 23:01:32] [INFO   ] [sqlalchemy.engine.Engine:1848] [MainThread] - INSERT INTO sales_order_item (id, sales_order_id, product_id, quantity, unit_price, discount_amount, total_price, notes) VALUES (%(id)s::UUID, %(sales_order_id)s::UUID, %(product_id)s::UUID, %(quantity)s, %(unit_price)s, %(discount_amount)s, %(total_price)s, %(notes)s::VARCHAR)
[2026-08-22 23:01:32] [INFO   ] [sqlalchemy.engine.Engine:1848] [MainThread] - [cached since 0.9567s ago] {'id': UUID('48e52d4f-af3b-45d2-bcb5-2626cab49b40'), 'sales_order_id': UUID('483bf07d-5044-47b1-a338-b0c881edd3f4'), 'product_id': UUID('6f469f01-8dc6-4b11-8c66-902c331b4a79'), 'quantity': Decimal('200.0000'), 'unit_price': Decimal('12.0000'), 'discount_amount': Decimal('100.0000'), 'total_price': Decimal('2300.00'), 'notes': None}
[2026-08-22 23:01:32] [INFO   ] [sqlalchemy.engine.Engine:1848] [MainThread] - SELECT sales_quote.id, sales_quote.organization_id, sales_quote.customer_id, sales_quote.opportunity_id, sales_quote.document_id, sales_quote.quote_number, sales_quote.customer_name, sales_quote.customer_document, sales_quote.customer_email, sales_quote.customer_phone, sales_quote.total_amount, sales_quote.discount_amount, sales_quote.net_amount, sales_quote.payment_terms, sales_quote.valid_until, sales_quote.status, sales_quote.notes, sales_quote.created_by_id, sales_quote.created_at, sales_quote.updated_at 
FROM sales_quote 
WHERE sales_quote.id = %(pk_1)s::UUID
[2026-08-22 23:01:32] [INFO   ] [sqlalchemy.engine.Engine:1848] [MainThread] - [cached since 0.9874s ago] {'pk_1': UUID('a980ad11-aaf4-4a68-b809-17ca27b3a0ff')}
[2026-08-22 23:01:32] [INFO   ] [sqlalchemy.engine.Engine:1848] [MainThread] - SELECT sales_quote_item.id AS sales_quote_item_id, sales_quote_item.quote_id AS sales_quote_item_quote_id, sales_quote_item.product_id AS sales_quote_item_product_id, sales_quote_item.quantity AS sales_quote_item_quantity, sales_quote_item.unit_price AS sales_quote_item_unit_price, sales_quote_item.discount_amount AS sales_quote_item_discount_amount, sales_quote_item.total_price AS sales_quote_item_total_price, sales_quote_item.notes AS sales_quote_item_notes 
FROM sales_quote_item 
WHERE %(param_1)s::UUID = sales_quote_item.quote_id
[2026-08-22 23:01:32] [INFO   ] [sqlalchemy.engine.Engine:1848] [MainThread] - [cached since 0.9865s ago] {'param_1': UUID('a980ad11-aaf4-4a68-b809-17ca27b3a0ff')}
[2026-08-22 23:01:32] [INFO   ] [sqlalchemy.engine.Engine:1848] [MainThread] - SELECT opportunity.id, opportunity.organization_id, opportunity.lead_id, opportunity.customer_id, opportunity.contact_id, opportunity.title, opportunity.customer_name, opportunity.estimated_amount, opportunity.probability_percent, opportunity.expected_closing_date, opportunity.stage, opportunity.loss_reason, opportunity.assigned_to_id, opportunity.created_at, opportunity.updated_at 
FROM opportunity 
WHERE opportunity.id = %(pk_1)s::UUID
[2026-08-22 23:01:32] [INFO   ] [sqlalchemy.engine.Engine:1848] [MainThread] - [cached since 1.122s ago] {'pk_1': UUID('24101335-11fe-45f7-99f2-1fa3719e31ac')}
[2026-08-22 23:01:32] [INFO   ] [sqlalchemy.engine.Engine:2715] [MainThread] - ROLLBACK
[2026-08-22 23:01:32] [INFO   ] [sqlalchemy.engine.Engine:2712] [MainThread] - BEGIN (implicit)
[2026-08-22 23:01:32] [INFO   ] [sqlalchemy.engine.Engine:1848] [MainThread] - SELECT organization.id AS organization_id, organization.name AS organization_name, organization.is_active AS organization_is_active, organization.created_at AS organization_created_at, organization.updated_at AS organization_updated_at 
FROM organization 
 LIMIT %(param_1)s::INTEGER
[2026-08-22 23:01:32] [INFO   ] [sqlalchemy.engine.Engine:1848] [MainThread] - [generated in 0.00013s] {'param_1': 1}
[2026-08-22 23:01:32] [INFO   ] [sqlalchemy.engine.Engine:1848] [MainThread] - INSERT INTO financial_category (id, organization_id, name, code, category_type, description, is_active, created_at, updated_at) VALUES (%(id)s::UUID, %(organization_id)s::UUID, %(name)s::VARCHAR, %(code)s::VARCHAR, %(category_type)s::VARCHAR, %(description)s::VARCHAR, %(is_active)s, %(created_at)s::TIMESTAMP WITH TIME ZONE, %(updated_at)s::TIMESTAMP WITH TIME ZONE)
[2026-08-22 23:01:32] [INFO   ] [sqlalchemy.engine.Engine:1848] [MainThread] - [generated in 0.00021s] {'id': UUID('6085ec90-b46f-41e3-b97b-0abb552701dc'), 'organization_id': UUID('c667f993-d656-4ae8-ac90-d006c3c67e44'), 'name': 'TI e Software', 'code': '1.05.01', 'category_type': 'EXPENSE', 'description': None, 'is_active': True, 'created_at': datetime.datetime(2026, 8, 23, 2, 1, 32, 407523, tzinfo=datetime.timezone.utc), 'updated_at': datetime.datetime(2026, 8, 23, 2, 1, 32, 407524, tzinfo=datetime.timezone.utc)}
[2026-08-22 23:01:32] [INFO   ] [sqlalchemy.engine.Engine:2718] [MainThread] - COMMIT
[2026-08-22 23:01:32] [INFO   ] [sqlalchemy.engine.Engine:2712] [MainThread] - BEGIN (implicit)
[2026-08-22 23:01:32] [INFO   ] [sqlalchemy.engine.Engine:1848] [MainThread] - SELECT financial_category.id, financial_category.organization_id, financial_category.name, financial_category.code, financial_category.category_type, financial_category.description, financial_category.is_active, financial_category.created_at, financial_category.updated_at 
FROM financial_category 
WHERE financial_category.id = %(pk_1)s::UUID
[2026-08-22 23:01:32] [INFO   ] [sqlalchemy.engine.Engine:1848] [MainThread] - [generated in 0.00013s] {'pk_1': UUID('6085ec90-b46f-41e3-b97b-0abb552701dc')}
[2026-08-22 23:01:32] [INFO   ] [sqlalchemy.engine.Engine:1848] [MainThread] - INSERT INTO bank_account (id, organization_id, bank_name, bank_code, agency, account_number, account_type, opening_balance, current_balance, is_active, created_at, updated_at) VALUES (%(id)s::UUID, %(organization_id)s::UUID, %(bank_name)s::VARCHAR, %(bank_code)s::VARCHAR, %(agency)s::VARCHAR, %(account_number)s::VARCHAR, %(account_type)s::VARCHAR, %(opening_balance)s, %(current_balance)s, %(is_active)s, %(created_at)s::TIMESTAMP WITH TIME ZONE, %(updated_at)s::TIMESTAMP WITH TIME ZONE)
[2026-08-22 23:01:32] [INFO   ] [sqlalchemy.engine.Engine:1848] [MainThread] - [generated in 0.00017s] {'id': UUID('3adf000f-864c-41d4-81c8-d97340de58a5'), 'organization_id': UUID('c667f993-d656-4ae8-ac90-d006c3c67e44'), 'bank_name': 'Banco Itaú', 'bank_code': '341', 'agency': '1234', 'account_number': '56789-0', 'account_type': 'CHECKING', 'opening_balance': Decimal('10000.00'), 'current_balance': Decimal('10000.00'), 'is_active': True, 'created_at': datetime.datetime(2026, 8, 23, 2, 1, 32, 420158, tzinfo=datetime.timezone.utc), 'updated_at': datetime.datetime(2026, 8, 23, 2, 1, 32, 420159, tzinfo=datetime.timezone.utc)}
[2026-08-22 23:01:32] [INFO   ] [sqlalchemy.engine.Engine:2718] [MainThread] - COMMIT
[2026-08-22 23:01:32] [INFO   ] [sqlalchemy.engine.Engine:2712] [MainThread] - BEGIN (implicit)
[2026-08-22 23:01:32] [INFO   ] [sqlalchemy.engine.Engine:1848] [MainThread] - SELECT bank_account.id, bank_account.organization_id, bank_account.bank_name, bank_account.bank_code, bank_account.agency, bank_account.account_number, bank_account.account_type, bank_account.opening_balance, bank_account.current_balance, bank_account.is_active, bank_account.created_at, bank_account.updated_at 
FROM bank_account 
WHERE bank_account.id = %(pk_1)s::UUID
[2026-08-22 23:01:32] [INFO   ] [sqlalchemy.engine.Engine:1848] [MainThread] - [generated in 0.00012s] {'pk_1': UUID('3adf000f-864c-41d4-81c8-d97340de58a5')}
[2026-08-22 23:01:32] [INFO   ] [sqlalchemy.engine.Engine:2715] [MainThread] - ROLLBACK
[2026-08-22 23:01:32] [INFO   ] [sqlalchemy.engine.Engine:2712] [MainThread] - BEGIN (implicit)
[2026-08-22 23:01:32] [INFO   ] [sqlalchemy.engine.Engine:1848] [MainThread] - SELECT organization.id AS organization_id, organization.name AS organization_name, organization.is_active AS organization_is_active, organization.created_at AS organization_created_at, organization.updated_at AS organization_updated_at 
FROM organization 
 LIMIT %(param_1)s::INTEGER
[2026-08-22 23:01:32] [INFO   ] [sqlalchemy.engine.Engine:1848] [MainThread] - [cached since 0.02524s ago] {'param_1': 1}
[2026-08-22 23:01:32] [INFO   ] [sqlalchemy.engine.Engine:1848] [MainThread] - SELECT "user".id AS user_id, "user".organization_id AS user_organization_id, "user".role_id AS user_role_id, "user".email AS user_email, "user".full_name AS user_full_name, "user".hashed_password AS user_hashed_password, "user".is_active AS user_is_active, "user".created_at AS user_created_at, "user".updated_at AS user_updated_at 
FROM "user" 
WHERE "user".organization_id = %(organization_id_1)s::UUID 
 LIMIT %(param_1)s::INTEGER
[2026-08-22 23:01:32] [INFO   ] [sqlalchemy.engine.Engine:1848] [MainThread] - [generated in 0.00012s] {'organization_id_1': UUID('c667f993-d656-4ae8-ac90-d006c3c67e44'), 'param_1': 1}
[2026-08-22 23:01:32] [INFO   ] [sqlalchemy.engine.Engine:1848] [MainThread] - INSERT INTO payable (id, organization_id, supplier_id, purchase_order_id, fiscal_document_id, cost_center_id, financial_category_id, description, favored_name, original_amount, outstanding_amount, issue_date, due_date, expense_nature, payment_method_expected, installment_number, total_installments, status, notes, created_by_id, created_at, updated_at) VALUES (%(id)s::UUID, %(organization_id)s::UUID, %(supplier_id)s::UUID, %(purchase_order_id)s::UUID, %(fiscal_document_id)s::UUID, %(cost_center_id)s::UUID, %(financial_category_id)s::UUID, %(description)s::VARCHAR, %(favored_name)s::VARCHAR, %(original_amount)s, %(outstanding_amount)s, %(issue_date)s::DATE, %(due_date)s::DATE, %(expense_nature)s::VARCHAR, %(payment_method_expected)s::VARCHAR, %(installment_number)s::INTEGER, %(total_installments)s::INTEGER, %(status)s::VARCHAR, %(notes)s::VARCHAR, %(created_by_id)s::UUID, %(created_at)s::TIMESTAMP WITH TIME ZONE, %(updated_at)s::TIMESTAMP WITH TIME ZONE)
[2026-08-22 23:01:32] [INFO   ] [sqlalchemy.engine.Engine:1848] [MainThread] - [generated in 0.00020s] {'id': UUID('d611f613-787c-41b9-8f01-f782f5b83f01'), 'organization_id': UUID('c667f993-d656-4ae8-ac90-d006c3c67e44'), 'supplier_id': None, 'purchase_order_id': None, 'fiscal_document_id': None, 'cost_center_id': None, 'financial_category_id': None, 'description': 'Assinatura Servidores Cloud AWS (Parcela 1/3)', 'favored_name': 'Amazon Web Services Inc.', 'original_amount': Decimal('1000.00'), 'outstanding_amount': Decimal('1000.00'), 'issue_date': datetime.date(2026, 8, 22), 'due_date': datetime.date(2026, 9, 1), 'expense_nature': 'OPEX', 'payment_method_expected': 'BOLETO', 'installment_number': 1, 'total_installments': 3, 'status': 'PENDING_APPROVAL', 'notes': None, 'created_by_id': UUID('bbc26bfd-5729-48fb-a0a3-849a3e460059'), 'created_at': datetime.datetime(2026, 8, 23, 2, 1, 32, 434269, tzinfo=datetime.timezone.utc), 'updated_at': datetime.datetime(2026, 8, 23, 2, 1, 32, 434271, tzinfo=datetime.timezone.utc)}
[2026-08-22 23:01:32] [INFO   ] [sqlalchemy.engine.Engine:2718] [MainThread] - COMMIT
[2026-08-22 23:01:32] [INFO   ] [sqlalchemy.engine.Engine:2712] [MainThread] - BEGIN (implicit)
[2026-08-22 23:01:32] [INFO   ] [sqlalchemy.engine.Engine:1848] [MainThread] - SELECT payable.id, payable.organization_id, payable.supplier_id, payable.purchase_order_id, payable.fiscal_document_id, payable.cost_center_id, payable.financial_category_id, payable.description, payable.favored_name, payable.original_amount, payable.outstanding_amount, payable.issue_date, payable.due_date, payable.expense_nature, payable.payment_method_expected, payable.installment_number, payable.total_installments, payable.status, payable.notes, payable.created_by_id, payable.created_at, payable.updated_at 
FROM payable 
WHERE payable.id = %(pk_1)s::UUID
[2026-08-22 23:01:32] [INFO   ] [sqlalchemy.engine.Engine:1848] [MainThread] - [generated in 0.00013s] {'pk_1': UUID('d611f613-787c-41b9-8f01-f782f5b83f01')}
[2026-08-22 23:01:32] [INFO   ] [sqlalchemy.engine.Engine:1848] [MainThread] - SELECT payment_instrument.id AS payment_instrument_id, payment_instrument.payable_id AS payment_instrument_payable_id, payment_instrument.instrument_type AS payment_instrument_instrument_type, payment_instrument.barcode AS payment_instrument_barcode, payment_instrument.digitable_line AS payment_instrument_digitable_line, payment_instrument.pix_code AS payment_instrument_pix_code, payment_instrument.document_number AS payment_instrument_document_number, payment_instrument.due_date AS payment_instrument_due_date, payment_instrument.amount AS payment_instrument_amount, payment_instrument.file_attachment AS payment_instrument_file_attachment, payment_instrument.created_at AS payment_instrument_created_at 
FROM payment_instrument 
WHERE %(param_1)s::UUID = payment_instrument.payable_id
[2026-08-22 23:01:32] [INFO   ] [sqlalchemy.engine.Engine:1848] [MainThread] - [generated in 0.00012s] {'param_1': UUID('d611f613-787c-41b9-8f01-f782f5b83f01')}
[2026-08-22 23:01:32] [INFO   ] [sqlalchemy.engine.Engine:1848] [MainThread] - SELECT payment.id AS payment_id, payment.organization_id AS payment_organization_id, payment.payable_id AS payment_payable_id, payment.bank_account_id AS payment_bank_account_id, payment.amount AS payment_amount, payment.discount_amount AS payment_discount_amount, payment.interest_amount AS payment_interest_amount, payment.payment_date AS payment_payment_date, payment.payment_method AS payment_payment_method, payment.reference AS payment_reference, payment.notes AS payment_notes, payment.created_by_id AS payment_created_by_id, payment.created_at AS payment_created_at 
FROM payment 
WHERE %(param_1)s::UUID = payment.payable_id
[2026-08-22 23:01:32] [INFO   ] [sqlalchemy.engine.Engine:1848] [MainThread] - [generated in 0.00012s] {'param_1': UUID('d611f613-787c-41b9-8f01-f782f5b83f01')}
[2026-08-22 23:01:32] [INFO   ] [sqlalchemy.engine.Engine:1848] [MainThread] - INSERT INTO payment_instrument (id, payable_id, instrument_type, barcode, digitable_line, pix_code, document_number, due_date, amount, file_attachment, created_at) VALUES (%(id)s::UUID, %(payable_id)s::UUID, %(instrument_type)s::VARCHAR, %(barcode)s::VARCHAR, %(digitable_line)s::VARCHAR, %(pix_code)s::VARCHAR, %(document_number)s::VARCHAR, %(due_date)s::DATE, %(amount)s, %(file_attachment)s::VARCHAR, %(created_at)s::TIMESTAMP WITH TIME ZONE)
[2026-08-22 23:01:32] [INFO   ] [sqlalchemy.engine.Engine:1848] [MainThread] - [generated in 0.00015s] {'id': UUID('e7e785c7-88c9-4bc0-b06e-7a6ab9cf6d05'), 'payable_id': UUID('d611f613-787c-41b9-8f01-f782f5b83f01'), 'instrument_type': 'BOLETO', 'barcode': '34195912300001000001790001043510049102015000', 'digitable_line': '34191.79001 01043.510047 91020.150008 5 91230000100000', 'pix_code': None, 'document_number': None, 'due_date': datetime.date(2026, 9, 1), 'amount': Decimal('1000.00'), 'file_attachment': None, 'created_at': datetime.datetime(2026, 8, 23, 2, 1, 32, 453731, tzinfo=datetime.timezone.utc)}
[2026-08-22 23:01:32] [INFO   ] [sqlalchemy.engine.Engine:2718] [MainThread] - COMMIT
[2026-08-22 23:01:32] [INFO   ] [sqlalchemy.engine.Engine:2712] [MainThread] - BEGIN (implicit)
[2026-08-22 23:01:32] [INFO   ] [sqlalchemy.engine.Engine:1848] [MainThread] - SELECT payment_instrument.id, payment_instrument.payable_id, payment_instrument.instrument_type, payment_instrument.barcode, payment_instrument.digitable_line, payment_instrument.pix_code, payment_instrument.document_number, payment_instrument.due_date, payment_instrument.amount, payment_instrument.file_attachment, payment_instrument.created_at 
FROM payment_instrument 
WHERE payment_instrument.id = %(pk_1)s::UUID
[2026-08-22 23:01:32] [INFO   ] [sqlalchemy.engine.Engine:1848] [MainThread] - [generated in 0.00011s] {'pk_1': UUID('e7e785c7-88c9-4bc0-b06e-7a6ab9cf6d05')}
[2026-08-22 23:01:32] [INFO   ] [sqlalchemy.engine.Engine:1848] [MainThread] - SELECT payable.id, payable.organization_id, payable.supplier_id, payable.purchase_order_id, payable.fiscal_document_id, payable.cost_center_id, payable.financial_category_id, payable.description, payable.favored_name, payable.original_amount, payable.outstanding_amount, payable.issue_date, payable.due_date, payable.expense_nature, payable.payment_method_expected, payable.installment_number, payable.total_installments, payable.status, payable.notes, payable.created_by_id, payable.created_at, payable.updated_at 
FROM payable 
WHERE payable.id = %(pk_1)s::UUID
[2026-08-22 23:01:32] [INFO   ] [sqlalchemy.engine.Engine:1848] [MainThread] - [cached since 0.01594s ago] {'pk_1': UUID('d611f613-787c-41b9-8f01-f782f5b83f01')}
[2026-08-22 23:01:32] [INFO   ] [sqlalchemy.engine.Engine:1848] [MainThread] - SELECT payment_instrument.id AS payment_instrument_id, payment_instrument.payable_id AS payment_instrument_payable_id, payment_instrument.instrument_type AS payment_instrument_instrument_type, payment_instrument.barcode AS payment_instrument_barcode, payment_instrument.digitable_line AS payment_instrument_digitable_line, payment_instrument.pix_code AS payment_instrument_pix_code, payment_instrument.document_number AS payment_instrument_document_number, payment_instrument.due_date AS payment_instrument_due_date, payment_instrument.amount AS payment_instrument_amount, payment_instrument.file_attachment AS payment_instrument_file_attachment, payment_instrument.created_at AS payment_instrument_created_at 
FROM payment_instrument 
WHERE %(param_1)s::UUID = payment_instrument.payable_id
[2026-08-22 23:01:32] [INFO   ] [sqlalchemy.engine.Engine:1848] [MainThread] - [cached since 0.01426s ago] {'param_1': UUID('d611f613-787c-41b9-8f01-f782f5b83f01')}
[2026-08-22 23:01:32] [INFO   ] [sqlalchemy.engine.Engine:1848] [MainThread] - SELECT payment.id AS payment_id, payment.organization_id AS payment_organization_id, payment.payable_id AS payment_payable_id, payment.bank_account_id AS payment_bank_account_id, payment.amount AS payment_amount, payment.discount_amount AS payment_discount_amount, payment.interest_amount AS payment_interest_amount, payment.payment_date AS payment_payment_date, payment.payment_method AS payment_payment_method, payment.reference AS payment_reference, payment.notes AS payment_notes, payment.created_by_id AS payment_created_by_id, payment.created_at AS payment_created_at 
FROM payment 
WHERE %(param_1)s::UUID = payment.payable_id
[2026-08-22 23:01:32] [INFO   ] [sqlalchemy.engine.Engine:1848] [MainThread] - [cached since 0.01166s ago] {'param_1': UUID('d611f613-787c-41b9-8f01-f782f5b83f01')}
[2026-08-22 23:01:32] [INFO   ] [sqlalchemy.engine.Engine:1848] [MainThread] - INSERT INTO payable (id, organization_id, supplier_id, purchase_order_id, fiscal_document_id, cost_center_id, financial_category_id, description, favored_name, original_amount, outstanding_amount, issue_date, due_date, expense_nature, payment_method_expected, installment_number, total_installments, status, notes, created_by_id, created_at, updated_at) VALUES (%(id)s::UUID, %(organization_id)s::UUID, %(supplier_id)s::UUID, %(purchase_order_id)s::UUID, %(fiscal_document_id)s::UUID, %(cost_center_id)s::UUID, %(financial_category_id)s::UUID, %(description)s::VARCHAR, %(favored_name)s::VARCHAR, %(original_amount)s, %(outstanding_amount)s, %(issue_date)s::DATE, %(due_date)s::DATE, %(expense_nature)s::VARCHAR, %(payment_method_expected)s::VARCHAR, %(installment_number)s::INTEGER, %(total_installments)s::INTEGER, %(status)s::VARCHAR, %(notes)s::VARCHAR, %(created_by_id)s::UUID, %(created_at)s::TIMESTAMP WITH TIME ZONE, %(updated_at)s::TIMESTAMP WITH TIME ZONE)
[2026-08-22 23:01:32] [INFO   ] [sqlalchemy.engine.Engine:1848] [MainThread] - [cached since 0.02892s ago] {'id': UUID('1fab14fb-bd26-480a-a66a-99830d10f9d4'), 'organization_id': UUID('c667f993-d656-4ae8-ac90-d006c3c67e44'), 'supplier_id': None, 'purchase_order_id': None, 'fiscal_document_id': None, 'cost_center_id': None, 'financial_category_id': None, 'description': 'Assinatura Servidores Cloud AWS (Parcela 2/3)', 'favored_name': 'Amazon Web Services Inc.', 'original_amount': Decimal('1000.00'), 'outstanding_amount': Decimal('1000.00'), 'issue_date': datetime.date(2026, 8, 22), 'due_date': datetime.date(2026, 10, 1), 'expense_nature': 'OPEX', 'payment_method_expected': 'BOLETO', 'installment_number': 2, 'total_installments': 3, 'status': 'PENDING_APPROVAL', 'notes': None, 'created_by_id': UUID('bbc26bfd-5729-48fb-a0a3-849a3e460059'), 'created_at': datetime.datetime(2026, 8, 23, 2, 1, 32, 463046, tzinfo=datetime.timezone.utc), 'updated_at': datetime.datetime(2026, 8, 23, 2, 1, 32, 463047, tzinfo=datetime.timezone.utc)}
[2026-08-22 23:01:32] [INFO   ] [sqlalchemy.engine.Engine:2718] [MainThread] - COMMIT
[2026-08-22 23:01:32] [INFO   ] [sqlalchemy.engine.Engine:2712] [MainThread] - BEGIN (implicit)
[2026-08-22 23:01:32] [INFO   ] [sqlalchemy.engine.Engine:1848] [MainThread] - SELECT payable.id, payable.organization_id, payable.supplier_id, payable.purchase_order_id, payable.fiscal_document_id, payable.cost_center_id, payable.financial_category_id, payable.description, payable.favored_name, payable.original_amount, payable.outstanding_amount, payable.issue_date, payable.due_date, payable.expense_nature, payable.payment_method_expected, payable.installment_number, payable.total_installments, payable.status, payable.notes, payable.created_by_id, payable.created_at, payable.updated_at 
FROM payable 
WHERE payable.id = %(pk_1)s::UUID
[2026-08-22 23:01:32] [INFO   ] [sqlalchemy.engine.Engine:1848] [MainThread] - [cached since 0.02224s ago] {'pk_1': UUID('1fab14fb-bd26-480a-a66a-99830d10f9d4')}
[2026-08-22 23:01:32] [INFO   ] [sqlalchemy.engine.Engine:1848] [MainThread] - SELECT payment_instrument.id AS payment_instrument_id, payment_instrument.payable_id AS payment_instrument_payable_id, payment_instrument.instrument_type AS payment_instrument_instrument_type, payment_instrument.barcode AS payment_instrument_barcode, payment_instrument.digitable_line AS payment_instrument_digitable_line, payment_instrument.pix_code AS payment_instrument_pix_code, payment_instrument.document_number AS payment_instrument_document_number, payment_instrument.due_date AS payment_instrument_due_date, payment_instrument.amount AS payment_instrument_amount, payment_instrument.file_attachment AS payment_instrument_file_attachment, payment_instrument.created_at AS payment_instrument_created_at 
FROM payment_instrument 
WHERE %(param_1)s::UUID = payment_instrument.payable_id
[2026-08-22 23:01:32] [INFO   ] [sqlalchemy.engine.Engine:1848] [MainThread] - [cached since 0.02069s ago] {'param_1': UUID('1fab14fb-bd26-480a-a66a-99830d10f9d4')}
[2026-08-22 23:01:32] [INFO   ] [sqlalchemy.engine.Engine:1848] [MainThread] - SELECT payment.id AS payment_id, payment.organization_id AS payment_organization_id, payment.payable_id AS payment_payable_id, payment.bank_account_id AS payment_bank_account_id, payment.amount AS payment_amount, payment.discount_amount AS payment_discount_amount, payment.interest_amount AS payment_interest_amount, payment.payment_date AS payment_payment_date, payment.payment_method AS payment_payment_method, payment.reference AS payment_reference, payment.notes AS payment_notes, payment.created_by_id AS payment_created_by_id, payment.created_at AS payment_created_at 
FROM payment 
WHERE %(param_1)s::UUID = payment.payable_id
[2026-08-22 23:01:32] [INFO   ] [sqlalchemy.engine.Engine:1848] [MainThread] - [cached since 0.01802s ago] {'param_1': UUID('1fab14fb-bd26-480a-a66a-99830d10f9d4')}
[2026-08-22 23:01:32] [INFO   ] [sqlalchemy.engine.Engine:1848] [MainThread] - INSERT INTO payable (id, organization_id, supplier_id, purchase_order_id, fiscal_document_id, cost_center_id, financial_category_id, description, favored_name, original_amount, outstanding_amount, issue_date, due_date, expense_nature, payment_method_expected, installment_number, total_installments, status, notes, created_by_id, created_at, updated_at) VALUES (%(id)s::UUID, %(organization_id)s::UUID, %(supplier_id)s::UUID, %(purchase_order_id)s::UUID, %(fiscal_document_id)s::UUID, %(cost_center_id)s::UUID, %(financial_category_id)s::UUID, %(description)s::VARCHAR, %(favored_name)s::VARCHAR, %(original_amount)s, %(outstanding_amount)s, %(issue_date)s::DATE, %(due_date)s::DATE, %(expense_nature)s::VARCHAR, %(payment_method_expected)s::VARCHAR, %(installment_number)s::INTEGER, %(total_installments)s::INTEGER, %(status)s::VARCHAR, %(notes)s::VARCHAR, %(created_by_id)s::UUID, %(created_at)s::TIMESTAMP WITH TIME ZONE, %(updated_at)s::TIMESTAMP WITH TIME ZONE)
[2026-08-22 23:01:32] [INFO   ] [sqlalchemy.engine.Engine:1848] [MainThread] - [cached since 0.03523s ago] {'id': UUID('19764694-b74f-41db-9d8b-149c720f2c2c'), 'organization_id': UUID('c667f993-d656-4ae8-ac90-d006c3c67e44'), 'supplier_id': None, 'purchase_order_id': None, 'fiscal_document_id': None, 'cost_center_id': None, 'financial_category_id': None, 'description': 'Assinatura Servidores Cloud AWS (Parcela 3/3)', 'favored_name': 'Amazon Web Services Inc.', 'original_amount': Decimal('1000.00'), 'outstanding_amount': Decimal('1000.00'), 'issue_date': datetime.date(2026, 8, 22), 'due_date': datetime.date(2026, 10, 31), 'expense_nature': 'OPEX', 'payment_method_expected': 'BOLETO', 'installment_number': 3, 'total_installments': 3, 'status': 'PENDING_APPROVAL', 'notes': None, 'created_by_id': UUID('bbc26bfd-5729-48fb-a0a3-849a3e460059'), 'created_at': datetime.datetime(2026, 8, 23, 2, 1, 32, 469359, tzinfo=datetime.timezone.utc), 'updated_at': datetime.datetime(2026, 8, 23, 2, 1, 32, 469360, tzinfo=datetime.timezone.utc)}
[2026-08-22 23:01:32] [INFO   ] [sqlalchemy.engine.Engine:2718] [MainThread] - COMMIT
[2026-08-22 23:01:32] [INFO   ] [sqlalchemy.engine.Engine:2712] [MainThread] - BEGIN (implicit)
[2026-08-22 23:01:32] [INFO   ] [sqlalchemy.engine.Engine:1848] [MainThread] - SELECT payable.id, payable.organization_id, payable.supplier_id, payable.purchase_order_id, payable.fiscal_document_id, payable.cost_center_id, payable.financial_category_id, payable.description, payable.favored_name, payable.original_amount, payable.outstanding_amount, payable.issue_date, payable.due_date, payable.expense_nature, payable.payment_method_expected, payable.installment_number, payable.total_installments, payable.status, payable.notes, payable.created_by_id, payable.created_at, payable.updated_at 
FROM payable 
WHERE payable.id = %(pk_1)s::UUID
[2026-08-22 23:01:32] [INFO   ] [sqlalchemy.engine.Engine:1848] [MainThread] - [cached since 0.02851s ago] {'pk_1': UUID('19764694-b74f-41db-9d8b-149c720f2c2c')}
[2026-08-22 23:01:32] [INFO   ] [sqlalchemy.engine.Engine:1848] [MainThread] - SELECT payment_instrument.id AS payment_instrument_id, payment_instrument.payable_id AS payment_instrument_payable_id, payment_instrument.instrument_type AS payment_instrument_instrument_type, payment_instrument.barcode AS payment_instrument_barcode, payment_instrument.digitable_line AS payment_instrument_digitable_line, payment_instrument.pix_code AS payment_instrument_pix_code, payment_instrument.document_number AS payment_instrument_document_number, payment_instrument.due_date AS payment_instrument_due_date, payment_instrument.amount AS payment_instrument_amount, payment_instrument.file_attachment AS payment_instrument_file_attachment, payment_instrument.created_at AS payment_instrument_created_at 
FROM payment_instrument 
WHERE %(param_1)s::UUID = payment_instrument.payable_id
[2026-08-22 23:01:32] [INFO   ] [sqlalchemy.engine.Engine:1848] [MainThread] - [cached since 0.02699s ago] {'param_1': UUID('19764694-b74f-41db-9d8b-149c720f2c2c')}
[2026-08-22 23:01:32] [INFO   ] [sqlalchemy.engine.Engine:1848] [MainThread] - SELECT payment.id AS payment_id, payment.organization_id AS payment_organization_id, payment.payable_id AS payment_payable_id, payment.bank_account_id AS payment_bank_account_id, payment.amount AS payment_amount, payment.discount_amount AS payment_discount_amount, payment.interest_amount AS payment_interest_amount, payment.payment_date AS payment_payment_date, payment.payment_method AS payment_payment_method, payment.reference AS payment_reference, payment.notes AS payment_notes, payment.created_by_id AS payment_created_by_id, payment.created_at AS payment_created_at 
FROM payment 
WHERE %(param_1)s::UUID = payment.payable_id
[2026-08-22 23:01:32] [INFO   ] [sqlalchemy.engine.Engine:1848] [MainThread] - [cached since 0.02433s ago] {'param_1': UUID('19764694-b74f-41db-9d8b-149c720f2c2c')}
[2026-08-22 23:01:32] [INFO   ] [controlb:173] [MainThread] - 💰 [PAYABLE CREATED] 3 parcela(s) gerada(s) para 'Amazon Web Services Inc.': Total 3000.00 R$
[2026-08-22 23:01:32] [INFO   ] [sqlalchemy.engine.Engine:2715] [MainThread] - ROLLBACK
[2026-08-22 23:01:32] [INFO   ] [sqlalchemy.engine.Engine:2712] [MainThread] - BEGIN (implicit)
[2026-08-22 23:01:32] [INFO   ] [sqlalchemy.engine.Engine:1848] [MainThread] - SELECT organization.id AS organization_id, organization.name AS organization_name, organization.is_active AS organization_is_active, organization.created_at AS organization_created_at, organization.updated_at AS organization_updated_at 
FROM organization 
 LIMIT %(param_1)s::INTEGER
[2026-08-22 23:01:32] [INFO   ] [sqlalchemy.engine.Engine:1848] [MainThread] - [cached since 0.07254s ago] {'param_1': 1}
[2026-08-22 23:01:32] [INFO   ] [sqlalchemy.engine.Engine:1848] [MainThread] - SELECT "user".id AS user_id, "user".organization_id AS user_organization_id, "user".role_id AS user_role_id, "user".email AS user_email, "user".full_name AS user_full_name, "user".hashed_password AS user_hashed_password, "user".is_active AS user_is_active, "user".created_at AS user_created_at, "user".updated_at AS user_updated_at 
FROM "user" 
WHERE "user".organization_id = %(organization_id_1)s::UUID 
 LIMIT %(param_1)s::INTEGER
[2026-08-22 23:01:32] [INFO   ] [sqlalchemy.engine.Engine:1848] [MainThread] - [cached since 0.04709s ago] {'organization_id_1': UUID('c667f993-d656-4ae8-ac90-d006c3c67e44'), 'param_1': 1}
[2026-08-22 23:01:32] [INFO   ] [sqlalchemy.engine.Engine:1848] [MainThread] - INSERT INTO bank_account (id, organization_id, bank_name, bank_code, agency, account_number, account_type, opening_balance, current_balance, is_active, created_at, updated_at) VALUES (%(id)s::UUID, %(organization_id)s::UUID, %(bank_name)s::VARCHAR, %(bank_code)s::VARCHAR, %(agency)s::VARCHAR, %(account_number)s::VARCHAR, %(account_type)s::VARCHAR, %(opening_balance)s, %(current_balance)s, %(is_active)s, %(created_at)s::TIMESTAMP WITH TIME ZONE, %(updated_at)s::TIMESTAMP WITH TIME ZONE)
[2026-08-22 23:01:32] [INFO   ] [sqlalchemy.engine.Engine:1848] [MainThread] - [cached since 0.06056s ago] {'id': UUID('1541bdfb-d23a-4fca-8bae-c5dc30c5ab0c'), 'organization_id': UUID('c667f993-d656-4ae8-ac90-d006c3c67e44'), 'bank_name': 'Caixa Econômica', 'bank_code': None, 'agency': None, 'account_number': None, 'account_type': 'CHECKING', 'opening_balance': Decimal('5000.00'), 'current_balance': Decimal('5000.00'), 'is_active': True, 'created_at': datetime.datetime(2026, 8, 23, 2, 1, 32, 480542, tzinfo=datetime.timezone.utc), 'updated_at': datetime.datetime(2026, 8, 23, 2, 1, 32, 480543, tzinfo=datetime.timezone.utc)}
[2026-08-22 23:01:32] [INFO   ] [sqlalchemy.engine.Engine:2718] [MainThread] - COMMIT
[2026-08-22 23:01:32] [INFO   ] [sqlalchemy.engine.Engine:2712] [MainThread] - BEGIN (implicit)
[2026-08-22 23:01:32] [INFO   ] [sqlalchemy.engine.Engine:1848] [MainThread] - SELECT bank_account.id, bank_account.organization_id, bank_account.bank_name, bank_account.bank_code, bank_account.agency, bank_account.account_number, bank_account.account_type, bank_account.opening_balance, bank_account.current_balance, bank_account.is_active, bank_account.created_at, bank_account.updated_at 
FROM bank_account 
WHERE bank_account.id = %(pk_1)s::UUID
[2026-08-22 23:01:32] [INFO   ] [sqlalchemy.engine.Engine:1848] [MainThread] - [cached since 0.05743s ago] {'pk_1': UUID('1541bdfb-d23a-4fca-8bae-c5dc30c5ab0c')}
[2026-08-22 23:01:32] [INFO   ] [sqlalchemy.engine.Engine:1848] [MainThread] - INSERT INTO payable (id, organization_id, supplier_id, purchase_order_id, fiscal_document_id, cost_center_id, financial_category_id, description, favored_name, original_amount, outstanding_amount, issue_date, due_date, expense_nature, payment_method_expected, installment_number, total_installments, status, notes, created_by_id, created_at, updated_at) VALUES (%(id)s::UUID, %(organization_id)s::UUID, %(supplier_id)s::UUID, %(purchase_order_id)s::UUID, %(fiscal_document_id)s::UUID, %(cost_center_id)s::UUID, %(financial_category_id)s::UUID, %(description)s::VARCHAR, %(favored_name)s::VARCHAR, %(original_amount)s, %(outstanding_amount)s, %(issue_date)s::DATE, %(due_date)s::DATE, %(expense_nature)s::VARCHAR, %(payment_method_expected)s::VARCHAR, %(installment_number)s::INTEGER, %(total_installments)s::INTEGER, %(status)s::VARCHAR, %(notes)s::VARCHAR, %(created_by_id)s::UUID, %(created_at)s::TIMESTAMP WITH TIME ZONE, %(updated_at)s::TIMESTAMP WITH TIME ZONE)
[2026-08-22 23:01:32] [INFO   ] [sqlalchemy.engine.Engine:1848] [MainThread] - [cached since 0.05121s ago] {'id': UUID('cb7b1916-b4d8-4efe-9574-e77e515a10fa'), 'organization_id': UUID('c667f993-d656-4ae8-ac90-d006c3c67e44'), 'supplier_id': None, 'purchase_order_id': None, 'fiscal_document_id': None, 'cost_center_id': None, 'financial_category_id': None, 'description': 'Manutenção de Ar-Condicionado', 'favored_name': 'Clima Frio Serviços', 'original_amount': Decimal('1000.00'), 'outstanding_amount': Decimal('1000.00'), 'issue_date': datetime.date(2026, 8, 22), 'due_date': datetime.date(2026, 8, 27), 'expense_nature': 'OPEX', 'payment_method_expected': 'BOLETO', 'installment_number': 1, 'total_installments': 1, 'status': 'PENDING_APPROVAL', 'notes': None, 'created_by_id': UUID('bbc26bfd-5729-48fb-a0a3-849a3e460059'), 'created_at': datetime.datetime(2026, 8, 23, 2, 1, 32, 485340, tzinfo=datetime.timezone.utc), 'updated_at': datetime.datetime(2026, 8, 23, 2, 1, 32, 485341, tzinfo=datetime.timezone.utc)}
[2026-08-22 23:01:32] [INFO   ] [sqlalchemy.engine.Engine:2718] [MainThread] - COMMIT
[2026-08-22 23:01:32] [INFO   ] [sqlalchemy.engine.Engine:2712] [MainThread] - BEGIN (implicit)
[2026-08-22 23:01:32] [INFO   ] [sqlalchemy.engine.Engine:1848] [MainThread] - SELECT payable.id, payable.organization_id, payable.supplier_id, payable.purchase_order_id, payable.fiscal_document_id, payable.cost_center_id, payable.financial_category_id, payable.description, payable.favored_name, payable.original_amount, payable.outstanding_amount, payable.issue_date, payable.due_date, payable.expense_nature, payable.payment_method_expected, payable.installment_number, payable.total_installments, payable.status, payable.notes, payable.created_by_id, payable.created_at, payable.updated_at 
FROM payable 
WHERE payable.id = %(pk_1)s::UUID
[2026-08-22 23:01:32] [INFO   ] [sqlalchemy.engine.Engine:1848] [MainThread] - [cached since 0.04453s ago] {'pk_1': UUID('cb7b1916-b4d8-4efe-9574-e77e515a10fa')}
[2026-08-22 23:01:32] [INFO   ] [sqlalchemy.engine.Engine:1848] [MainThread] - SELECT payment_instrument.id AS payment_instrument_id, payment_instrument.payable_id AS payment_instrument_payable_id, payment_instrument.instrument_type AS payment_instrument_instrument_type, payment_instrument.barcode AS payment_instrument_barcode, payment_instrument.digitable_line AS payment_instrument_digitable_line, payment_instrument.pix_code AS payment_instrument_pix_code, payment_instrument.document_number AS payment_instrument_document_number, payment_instrument.due_date AS payment_instrument_due_date, payment_instrument.amount AS payment_instrument_amount, payment_instrument.file_attachment AS payment_instrument_file_attachment, payment_instrument.created_at AS payment_instrument_created_at 
FROM payment_instrument 
WHERE %(param_1)s::UUID = payment_instrument.payable_id
[2026-08-22 23:01:32] [INFO   ] [sqlalchemy.engine.Engine:1848] [MainThread] - [cached since 0.043s ago] {'param_1': UUID('cb7b1916-b4d8-4efe-9574-e77e515a10fa')}
[2026-08-22 23:01:32] [INFO   ] [sqlalchemy.engine.Engine:1848] [MainThread] - SELECT payment.id AS payment_id, payment.organization_id AS payment_organization_id, payment.payable_id AS payment_payable_id, payment.bank_account_id AS payment_bank_account_id, payment.amount AS payment_amount, payment.discount_amount AS payment_discount_amount, payment.interest_amount AS payment_interest_amount, payment.payment_date AS payment_payment_date, payment.payment_method AS payment_payment_method, payment.reference AS payment_reference, payment.notes AS payment_notes, payment.created_by_id AS payment_created_by_id, payment.created_at AS payment_created_at 
FROM payment 
WHERE %(param_1)s::UUID = payment.payable_id
[2026-08-22 23:01:32] [INFO   ] [sqlalchemy.engine.Engine:1848] [MainThread] - [cached since 0.04034s ago] {'param_1': UUID('cb7b1916-b4d8-4efe-9574-e77e515a10fa')}
[2026-08-22 23:01:32] [INFO   ] [controlb:173] [MainThread] - 💰 [PAYABLE CREATED] 1 parcela(s) gerada(s) para 'Clima Frio Serviços': Total 1000.00 R$
[2026-08-22 23:01:32] [INFO   ] [sqlalchemy.engine.Engine:1848] [MainThread] - SELECT payable.id, payable.organization_id, payable.supplier_id, payable.purchase_order_id, payable.fiscal_document_id, payable.cost_center_id, payable.financial_category_id, payable.description, payable.favored_name, payable.original_amount, payable.outstanding_amount, payable.issue_date, payable.due_date, payable.expense_nature, payable.payment_method_expected, payable.installment_number, payable.total_installments, payable.status, payable.notes, payable.created_by_id, payable.created_at, payable.updated_at 
FROM payable 
WHERE payable.id = %(id_1)s::UUID AND payable.organization_id = %(organization_id_1)s::UUID
[2026-08-22 23:01:32] [INFO   ] [sqlalchemy.engine.Engine:1848] [MainThread] - [generated in 0.00011s] {'id_1': UUID('cb7b1916-b4d8-4efe-9574-e77e515a10fa'), 'organization_id_1': UUID('c667f993-d656-4ae8-ac90-d006c3c67e44')}
[2026-08-22 23:01:32] [INFO   ] [sqlalchemy.engine.Engine:1848] [MainThread] - SELECT payment_instrument.payable_id AS payment_instrument_payable_id, payment_instrument.id AS payment_instrument_id, payment_instrument.instrument_type AS payment_instrument_instrument_type, payment_instrument.barcode AS payment_instrument_barcode, payment_instrument.digitable_line AS payment_instrument_digitable_line, payment_instrument.pix_code AS payment_instrument_pix_code, payment_instrument.document_number AS payment_instrument_document_number, payment_instrument.due_date AS payment_instrument_due_date, payment_instrument.amount AS payment_instrument_amount, payment_instrument.file_attachment AS payment_instrument_file_attachment, payment_instrument.created_at AS payment_instrument_created_at 
FROM payment_instrument 
WHERE payment_instrument.payable_id IN (%(primary_keys_1)s::UUID)
[2026-08-22 23:01:32] [INFO   ] [sqlalchemy.engine.Engine:1848] [MainThread] - [generated in 0.00016s] {'primary_keys_1': UUID('cb7b1916-b4d8-4efe-9574-e77e515a10fa')}
[2026-08-22 23:01:32] [INFO   ] [sqlalchemy.engine.Engine:1848] [MainThread] - SELECT payment.payable_id AS payment_payable_id, payment.id AS payment_id, payment.organization_id AS payment_organization_id, payment.bank_account_id AS payment_bank_account_id, payment.amount AS payment_amount, payment.discount_amount AS payment_discount_amount, payment.interest_amount AS payment_interest_amount, payment.payment_date AS payment_payment_date, payment.payment_method AS payment_payment_method, payment.reference AS payment_reference, payment.notes AS payment_notes, payment.created_by_id AS payment_created_by_id, payment.created_at AS payment_created_at 
FROM payment 
WHERE payment.payable_id IN (%(primary_keys_1)s::UUID)
[2026-08-22 23:01:32] [INFO   ] [sqlalchemy.engine.Engine:1848] [MainThread] - [generated in 0.00014s] {'primary_keys_1': UUID('cb7b1916-b4d8-4efe-9574-e77e515a10fa')}
[2026-08-22 23:01:32] [INFO   ] [sqlalchemy.engine.Engine:1848] [MainThread] - INSERT INTO payment (id, organization_id, payable_id, bank_account_id, amount, discount_amount, interest_amount, payment_date, payment_method, reference, notes, created_by_id, created_at) VALUES (%(id)s::UUID, %(organization_id)s::UUID, %(payable_id)s::UUID, %(bank_account_id)s::UUID, %(amount)s, %(discount_amount)s, %(interest_amount)s, %(payment_date)s::DATE, %(payment_method)s::VARCHAR, %(reference)s::VARCHAR, %(notes)s::VARCHAR, %(created_by_id)s::UUID, %(created_at)s::TIMESTAMP WITH TIME ZONE)
[2026-08-22 23:01:32] [INFO   ] [sqlalchemy.engine.Engine:1848] [MainThread] - [generated in 0.00015s] {'id': UUID('58d25613-2e59-4f97-a660-806ad2808310'), 'organization_id': UUID('c667f993-d656-4ae8-ac90-d006c3c67e44'), 'payable_id': UUID('cb7b1916-b4d8-4efe-9574-e77e515a10fa'), 'bank_account_id': UUID('1541bdfb-d23a-4fca-8bae-c5dc30c5ab0c'), 'amount': Decimal('400.00'), 'discount_amount': Decimal('0.00'), 'interest_amount': Decimal('0.00'), 'payment_date': datetime.date(2026, 8, 22), 'payment_method': 'PIX', 'reference': 'PIX-E2E-12345', 'notes': None, 'created_by_id': UUID('bbc26bfd-5729-48fb-a0a3-849a3e460059'), 'created_at': datetime.datetime(2026, 8, 23, 2, 1, 32, 497060, tzinfo=datetime.timezone.utc)}
[2026-08-22 23:01:32] [INFO   ] [sqlalchemy.engine.Engine:2718] [MainThread] - COMMIT
[2026-08-22 23:01:32] [INFO   ] [sqlalchemy.engine.Engine:2712] [MainThread] - BEGIN (implicit)
[2026-08-22 23:01:32] [INFO   ] [sqlalchemy.engine.Engine:1848] [MainThread] - SELECT payment.id, payment.organization_id, payment.payable_id, payment.bank_account_id, payment.amount, payment.discount_amount, payment.interest_amount, payment.payment_date, payment.payment_method, payment.reference, payment.notes, payment.created_by_id, payment.created_at 
FROM payment 
WHERE payment.id = %(pk_1)s::UUID
[2026-08-22 23:01:32] [INFO   ] [sqlalchemy.engine.Engine:1848] [MainThread] - [generated in 0.00011s] {'pk_1': UUID('58d25613-2e59-4f97-a660-806ad2808310')}
[2026-08-22 23:01:32] [INFO   ] [sqlalchemy.engine.Engine:1848] [MainThread] - SELECT payment_attachment.id AS payment_attachment_id, payment_attachment.payment_id AS payment_attachment_payment_id, payment_attachment.file_name AS payment_attachment_file_name, payment_attachment.file_url AS payment_attachment_file_url, payment_attachment.mime_type AS payment_attachment_mime_type, payment_attachment.uploaded_by_id AS payment_attachment_uploaded_by_id, payment_attachment.created_at AS payment_attachment_created_at 
FROM payment_attachment 
WHERE %(param_1)s::UUID = payment_attachment.payment_id
[2026-08-22 23:01:32] [INFO   ] [sqlalchemy.engine.Engine:1848] [MainThread] - [generated in 0.00011s] {'param_1': UUID('58d25613-2e59-4f97-a660-806ad2808310')}
[2026-08-22 23:01:32] [INFO   ] [sqlalchemy.engine.Engine:1848] [MainThread] - UPDATE payable SET outstanding_amount=%(outstanding_amount)s, status=%(status)s::VARCHAR, updated_at=%(updated_at)s::TIMESTAMP WITH TIME ZONE WHERE payable.id = %(payable_id)s::UUID
[2026-08-22 23:01:32] [INFO   ] [sqlalchemy.engine.Engine:1848] [MainThread] - [generated in 0.00012s] {'outstanding_amount': Decimal('600.00'), 'status': 'PARTIALLY_PAID', 'updated_at': datetime.datetime(2026, 8, 23, 2, 1, 32, 507448, tzinfo=datetime.timezone.utc), 'payable_id': UUID('cb7b1916-b4d8-4efe-9574-e77e515a10fa')}
[2026-08-22 23:01:32] [INFO   ] [sqlalchemy.engine.Engine:2718] [MainThread] - COMMIT
[2026-08-22 23:01:32] [INFO   ] [sqlalchemy.engine.Engine:2712] [MainThread] - BEGIN (implicit)
[2026-08-22 23:01:32] [INFO   ] [sqlalchemy.engine.Engine:1848] [MainThread] - SELECT payable.id, payable.organization_id, payable.supplier_id, payable.purchase_order_id, payable.fiscal_document_id, payable.cost_center_id, payable.financial_category_id, payable.description, payable.favored_name, payable.original_amount, payable.outstanding_amount, payable.issue_date, payable.due_date, payable.expense_nature, payable.payment_method_expected, payable.installment_number, payable.total_installments, payable.status, payable.notes, payable.created_by_id, payable.created_at, payable.updated_at 
FROM payable 
WHERE payable.id = %(pk_1)s::UUID
[2026-08-22 23:01:32] [INFO   ] [sqlalchemy.engine.Engine:1848] [MainThread] - [cached since 0.06672s ago] {'pk_1': UUID('cb7b1916-b4d8-4efe-9574-e77e515a10fa')}
[2026-08-22 23:01:32] [INFO   ] [sqlalchemy.engine.Engine:1848] [MainThread] - SELECT payment_instrument.id AS payment_instrument_id, payment_instrument.payable_id AS payment_instrument_payable_id, payment_instrument.instrument_type AS payment_instrument_instrument_type, payment_instrument.barcode AS payment_instrument_barcode, payment_instrument.digitable_line AS payment_instrument_digitable_line, payment_instrument.pix_code AS payment_instrument_pix_code, payment_instrument.document_number AS payment_instrument_document_number, payment_instrument.due_date AS payment_instrument_due_date, payment_instrument.amount AS payment_instrument_amount, payment_instrument.file_attachment AS payment_instrument_file_attachment, payment_instrument.created_at AS payment_instrument_created_at 
FROM payment_instrument 
WHERE %(param_1)s::UUID = payment_instrument.payable_id
[2026-08-22 23:01:32] [INFO   ] [sqlalchemy.engine.Engine:1848] [MainThread] - [cached since 0.06522s ago] {'param_1': UUID('cb7b1916-b4d8-4efe-9574-e77e515a10fa')}
[2026-08-22 23:01:32] [INFO   ] [sqlalchemy.engine.Engine:1848] [MainThread] - SELECT payment.id AS payment_id, payment.organization_id AS payment_organization_id, payment.payable_id AS payment_payable_id, payment.bank_account_id AS payment_bank_account_id, payment.amount AS payment_amount, payment.discount_amount AS payment_discount_amount, payment.interest_amount AS payment_interest_amount, payment.payment_date AS payment_payment_date, payment.payment_method AS payment_payment_method, payment.reference AS payment_reference, payment.notes AS payment_notes, payment.created_by_id AS payment_created_by_id, payment.created_at AS payment_created_at 
FROM payment 
WHERE %(param_1)s::UUID = payment.payable_id
[2026-08-22 23:01:32] [INFO   ] [sqlalchemy.engine.Engine:1848] [MainThread] - [cached since 0.06257s ago] {'param_1': UUID('cb7b1916-b4d8-4efe-9574-e77e515a10fa')}
[2026-08-22 23:01:32] [INFO   ] [sqlalchemy.engine.Engine:1848] [MainThread] - SELECT bank_account.id, bank_account.organization_id, bank_account.bank_name, bank_account.bank_code, bank_account.agency, bank_account.account_number, bank_account.account_type, bank_account.opening_balance, bank_account.current_balance, bank_account.is_active, bank_account.created_at, bank_account.updated_at 
FROM bank_account 
WHERE bank_account.id = %(id_1)s::UUID AND bank_account.organization_id = %(organization_id_1)s::UUID
[2026-08-22 23:01:32] [INFO   ] [sqlalchemy.engine.Engine:1848] [MainThread] - [generated in 0.00011s] {'id_1': UUID('1541bdfb-d23a-4fca-8bae-c5dc30c5ab0c'), 'organization_id_1': UUID('c667f993-d656-4ae8-ac90-d006c3c67e44')}
[2026-08-22 23:01:32] [INFO   ] [sqlalchemy.engine.Engine:1848] [MainThread] - UPDATE bank_account SET current_balance=%(current_balance)s, updated_at=%(updated_at)s::TIMESTAMP WITH TIME ZONE WHERE bank_account.id = %(bank_account_id)s::UUID
[2026-08-22 23:01:32] [INFO   ] [sqlalchemy.engine.Engine:1848] [MainThread] - [generated in 0.00013s] {'current_balance': Decimal('4600.00'), 'updated_at': datetime.datetime(2026, 8, 23, 2, 1, 32, 515240, tzinfo=datetime.timezone.utc), 'bank_account_id': UUID('1541bdfb-d23a-4fca-8bae-c5dc30c5ab0c')}
[2026-08-22 23:01:32] [INFO   ] [sqlalchemy.engine.Engine:2718] [MainThread] - COMMIT
[2026-08-22 23:01:32] [INFO   ] [sqlalchemy.engine.Engine:2712] [MainThread] - BEGIN (implicit)
[2026-08-22 23:01:32] [INFO   ] [sqlalchemy.engine.Engine:1848] [MainThread] - SELECT bank_account.id, bank_account.organization_id, bank_account.bank_name, bank_account.bank_code, bank_account.agency, bank_account.account_number, bank_account.account_type, bank_account.opening_balance, bank_account.current_balance, bank_account.is_active, bank_account.created_at, bank_account.updated_at 
FROM bank_account 
WHERE bank_account.id = %(pk_1)s::UUID
[2026-08-22 23:01:32] [INFO   ] [sqlalchemy.engine.Engine:1848] [MainThread] - [cached since 0.09184s ago] {'pk_1': UUID('1541bdfb-d23a-4fca-8bae-c5dc30c5ab0c')}
[2026-08-22 23:01:32] [INFO   ] [sqlalchemy.engine.Engine:1848] [MainThread] - INSERT INTO bank_transaction (id, organization_id, bank_account_id, transaction_date, description, amount, transaction_type, external_id, document_number, balance_after, status, created_at) VALUES (%(id)s::UUID, %(organization_id)s::UUID, %(bank_account_id)s::UUID, %(transaction_date)s::DATE, %(description)s::VARCHAR, %(amount)s, %(transaction_type)s::VARCHAR, %(external_id)s::VARCHAR, %(document_number)s::VARCHAR, %(balance_after)s, %(status)s::VARCHAR, %(created_at)s::TIMESTAMP WITH TIME ZONE)
[2026-08-22 23:01:32] [INFO   ] [sqlalchemy.engine.Engine:1848] [MainThread] - [generated in 0.00015s] {'id': UUID('96888f7e-8f41-4040-becb-7f84071a4dd8'), 'organization_id': UUID('c667f993-d656-4ae8-ac90-d006c3c67e44'), 'bank_account_id': UUID('1541bdfb-d23a-4fca-8bae-c5dc30c5ab0c'), 'transaction_date': datetime.date(2026, 8, 22), 'description': 'Pagamento: Manutenção de Ar-Condicionado (Clima Frio Serviços)', 'amount': Decimal('400.00'), 'transaction_type': 'DEBIT', 'external_id': None, 'document_number': 'PIX-E2E-12345', 'balance_after': Decimal('4600.00'), 'status': 'reconciled', 'created_at': datetime.datetime(2026, 8, 23, 2, 1, 32, 520009, tzinfo=datetime.timezone.utc)}
[2026-08-22 23:01:32] [INFO   ] [sqlalchemy.engine.Engine:2718] [MainThread] - COMMIT
[2026-08-22 23:01:32] [INFO   ] [sqlalchemy.engine.Engine:2712] [MainThread] - BEGIN (implicit)
[2026-08-22 23:01:32] [INFO   ] [sqlalchemy.engine.Engine:1848] [MainThread] - SELECT bank_transaction.id, bank_transaction.organization_id, bank_transaction.bank_account_id, bank_transaction.transaction_date, bank_transaction.description, bank_transaction.amount, bank_transaction.transaction_type, bank_transaction.external_id, bank_transaction.document_number, bank_transaction.balance_after, bank_transaction.status, bank_transaction.created_at 
FROM bank_transaction 
WHERE bank_transaction.id = %(pk_1)s::UUID
[2026-08-22 23:01:32] [INFO   ] [sqlalchemy.engine.Engine:1848] [MainThread] - [generated in 0.00012s] {'pk_1': UUID('96888f7e-8f41-4040-becb-7f84071a4dd8')}
[2026-08-22 23:01:32] [INFO   ] [sqlalchemy.engine.Engine:1848] [MainThread] - INSERT INTO reconciliation (id, organization_id, bank_transaction_id, payment_id, receipt_id, reconciled_at, reconciled_by_id, status, notes) VALUES (%(id)s::UUID, %(organization_id)s::UUID, %(bank_transaction_id)s::UUID, %(payment_id)s::UUID, %(receipt_id)s::UUID, %(reconciled_at)s::TIMESTAMP WITH TIME ZONE, %(reconciled_by_id)s::UUID, %(status)s::VARCHAR, %(notes)s::VARCHAR)
[2026-08-22 23:01:32] [INFO   ] [sqlalchemy.engine.Engine:1848] [MainThread] - [generated in 0.00015s] {'id': UUID('ed20b2e2-373a-4939-a997-9072431ab713'), 'organization_id': UUID('c667f993-d656-4ae8-ac90-d006c3c67e44'), 'bank_transaction_id': UUID('96888f7e-8f41-4040-becb-7f84071a4dd8'), 'payment_id': UUID('58d25613-2e59-4f97-a660-806ad2808310'), 'receipt_id': None, 'reconciled_at': datetime.datetime(2026, 8, 23, 2, 1, 32, 529993, tzinfo=datetime.timezone.utc), 'reconciled_by_id': UUID('bbc26bfd-5729-48fb-a0a3-849a3e460059'), 'status': 'reconciled', 'notes': 'Conciliado automaticamente no momento da baixa'}
[2026-08-22 23:01:32] [INFO   ] [sqlalchemy.engine.Engine:2718] [MainThread] - COMMIT
[2026-08-22 23:01:32] [INFO   ] [sqlalchemy.engine.Engine:2712] [MainThread] - BEGIN (implicit)
[2026-08-22 23:01:32] [INFO   ] [sqlalchemy.engine.Engine:1848] [MainThread] - SELECT reconciliation.id, reconciliation.organization_id, reconciliation.bank_transaction_id, reconciliation.payment_id, reconciliation.receipt_id, reconciliation.reconciled_at, reconciliation.reconciled_by_id, reconciliation.status, reconciliation.notes 
FROM reconciliation 
WHERE reconciliation.id = %(pk_1)s::UUID
[2026-08-22 23:01:32] [INFO   ] [sqlalchemy.engine.Engine:1848] [MainThread] - [generated in 0.00011s] {'pk_1': UUID('ed20b2e2-373a-4939-a997-9072431ab713')}
[2026-08-22 23:01:32] [INFO   ] [controlb:277] [MainThread] - ✅ [PAYMENT REGISTERED] Baixa de 400.00 R$ em 'Manutenção de Ar-Condicionado'. Saldo restante: 600.00 R$
[2026-08-22 23:01:32] [INFO   ] [sqlalchemy.engine.Engine:1848] [MainThread] - SELECT payable.id, payable.organization_id, payable.supplier_id, payable.purchase_order_id, payable.fiscal_document_id, payable.cost_center_id, payable.financial_category_id, payable.description, payable.favored_name, payable.original_amount, payable.outstanding_amount, payable.issue_date, payable.due_date, payable.expense_nature, payable.payment_method_expected, payable.installment_number, payable.total_installments, payable.status, payable.notes, payable.created_by_id, payable.created_at, payable.updated_at 
FROM payable 
WHERE payable.id = %(pk_1)s::UUID
[2026-08-22 23:01:32] [INFO   ] [sqlalchemy.engine.Engine:1848] [MainThread] - [cached since 0.09507s ago] {'pk_1': UUID('cb7b1916-b4d8-4efe-9574-e77e515a10fa')}
[2026-08-22 23:01:32] [INFO   ] [sqlalchemy.engine.Engine:1848] [MainThread] - SELECT payment_instrument.id AS payment_instrument_id, payment_instrument.payable_id AS payment_instrument_payable_id, payment_instrument.instrument_type AS payment_instrument_instrument_type, payment_instrument.barcode AS payment_instrument_barcode, payment_instrument.digitable_line AS payment_instrument_digitable_line, payment_instrument.pix_code AS payment_instrument_pix_code, payment_instrument.document_number AS payment_instrument_document_number, payment_instrument.due_date AS payment_instrument_due_date, payment_instrument.amount AS payment_instrument_amount, payment_instrument.file_attachment AS payment_instrument_file_attachment, payment_instrument.created_at AS payment_instrument_created_at 
FROM payment_instrument 
WHERE %(param_1)s::UUID = payment_instrument.payable_id
[2026-08-22 23:01:32] [INFO   ] [sqlalchemy.engine.Engine:1848] [MainThread] - [cached since 0.09328s ago] {'param_1': UUID('cb7b1916-b4d8-4efe-9574-e77e515a10fa')}
[2026-08-22 23:01:32] [INFO   ] [sqlalchemy.engine.Engine:1848] [MainThread] - SELECT payment.id AS payment_id, payment.organization_id AS payment_organization_id, payment.payable_id AS payment_payable_id, payment.bank_account_id AS payment_bank_account_id, payment.amount AS payment_amount, payment.discount_amount AS payment_discount_amount, payment.interest_amount AS payment_interest_amount, payment.payment_date AS payment_payment_date, payment.payment_method AS payment_payment_method, payment.reference AS payment_reference, payment.notes AS payment_notes, payment.created_by_id AS payment_created_by_id, payment.created_at AS payment_created_at 
FROM payment 
WHERE %(param_1)s::UUID = payment.payable_id
[2026-08-22 23:01:32] [INFO   ] [sqlalchemy.engine.Engine:1848] [MainThread] - [cached since 0.0906s ago] {'param_1': UUID('cb7b1916-b4d8-4efe-9574-e77e515a10fa')}
[2026-08-22 23:01:32] [INFO   ] [sqlalchemy.engine.Engine:1848] [MainThread] - SELECT bank_account.id, bank_account.organization_id, bank_account.bank_name, bank_account.bank_code, bank_account.agency, bank_account.account_number, bank_account.account_type, bank_account.opening_balance, bank_account.current_balance, bank_account.is_active, bank_account.created_at, bank_account.updated_at 
FROM bank_account 
WHERE bank_account.id = %(pk_1)s::UUID
[2026-08-22 23:01:32] [INFO   ] [sqlalchemy.engine.Engine:1848] [MainThread] - [cached since 0.1154s ago] {'pk_1': UUID('1541bdfb-d23a-4fca-8bae-c5dc30c5ab0c')}
[2026-08-22 23:01:32] [INFO   ] [sqlalchemy.engine.Engine:1848] [MainThread] - SELECT payable.id, payable.organization_id, payable.supplier_id, payable.purchase_order_id, payable.fiscal_document_id, payable.cost_center_id, payable.financial_category_id, payable.description, payable.favored_name, payable.original_amount, payable.outstanding_amount, payable.issue_date, payable.due_date, payable.expense_nature, payable.payment_method_expected, payable.installment_number, payable.total_installments, payable.status, payable.notes, payable.created_by_id, payable.created_at, payable.updated_at 
FROM payable 
WHERE payable.id = %(id_1)s::UUID AND payable.organization_id = %(organization_id_1)s::UUID
[2026-08-22 23:01:32] [INFO   ] [sqlalchemy.engine.Engine:1848] [MainThread] - [cached since 0.05085s ago] {'id_1': UUID('cb7b1916-b4d8-4efe-9574-e77e515a10fa'), 'organization_id_1': UUID('c667f993-d656-4ae8-ac90-d006c3c67e44')}
[2026-08-22 23:01:32] [INFO   ] [sqlalchemy.engine.Engine:1848] [MainThread] - SELECT payment_instrument.payable_id AS payment_instrument_payable_id, payment_instrument.id AS payment_instrument_id, payment_instrument.instrument_type AS payment_instrument_instrument_type, payment_instrument.barcode AS payment_instrument_barcode, payment_instrument.digitable_line AS payment_instrument_digitable_line, payment_instrument.pix_code AS payment_instrument_pix_code, payment_instrument.document_number AS payment_instrument_document_number, payment_instrument.due_date AS payment_instrument_due_date, payment_instrument.amount AS payment_instrument_amount, payment_instrument.file_attachment AS payment_instrument_file_attachment, payment_instrument.created_at AS payment_instrument_created_at 
FROM payment_instrument 
WHERE payment_instrument.payable_id IN (%(primary_keys_1)s::UUID)
[2026-08-22 23:01:32] [INFO   ] [sqlalchemy.engine.Engine:1848] [MainThread] - [cached since 0.05005s ago] {'primary_keys_1': UUID('cb7b1916-b4d8-4efe-9574-e77e515a10fa')}
[2026-08-22 23:01:32] [INFO   ] [sqlalchemy.engine.Engine:1848] [MainThread] - SELECT payment.payable_id AS payment_payable_id, payment.id AS payment_id, payment.organization_id AS payment_organization_id, payment.bank_account_id AS payment_bank_account_id, payment.amount AS payment_amount, payment.discount_amount AS payment_discount_amount, payment.interest_amount AS payment_interest_amount, payment.payment_date AS payment_payment_date, payment.payment_method AS payment_payment_method, payment.reference AS payment_reference, payment.notes AS payment_notes, payment.created_by_id AS payment_created_by_id, payment.created_at AS payment_created_at 
FROM payment 
WHERE payment.payable_id IN (%(primary_keys_1)s::UUID)
[2026-08-22 23:01:32] [INFO   ] [sqlalchemy.engine.Engine:1848] [MainThread] - [cached since 0.04959s ago] {'primary_keys_1': UUID('cb7b1916-b4d8-4efe-9574-e77e515a10fa')}
[2026-08-22 23:01:32] [INFO   ] [sqlalchemy.engine.Engine:1848] [MainThread] - SELECT payment_attachment.payment_id AS payment_attachment_payment_id, payment_attachment.id AS payment_attachment_id, payment_attachment.file_name AS payment_attachment_file_name, payment_attachment.file_url AS payment_attachment_file_url, payment_attachment.mime_type AS payment_attachment_mime_type, payment_attachment.uploaded_by_id AS payment_attachment_uploaded_by_id, payment_attachment.created_at AS payment_attachment_created_at 
FROM payment_attachment 
WHERE payment_attachment.payment_id IN (%(primary_keys_1)s::UUID)
[2026-08-22 23:01:32] [INFO   ] [sqlalchemy.engine.Engine:1848] [MainThread] - [generated in 0.00014s] {'primary_keys_1': UUID('58d25613-2e59-4f97-a660-806ad2808310')}
[2026-08-22 23:01:32] [INFO   ] [sqlalchemy.engine.Engine:1848] [MainThread] - SELECT bank_account.id AS bank_account_id, bank_account.organization_id AS bank_account_organization_id, bank_account.bank_name AS bank_account_bank_name, bank_account.bank_code AS bank_account_bank_code, bank_account.agency AS bank_account_agency, bank_account.account_number AS bank_account_account_number, bank_account.account_type AS bank_account_account_type, bank_account.opening_balance AS bank_account_opening_balance, bank_account.current_balance AS bank_account_current_balance, bank_account.is_active AS bank_account_is_active, bank_account.created_at AS bank_account_created_at, bank_account.updated_at AS bank_account_updated_at 
FROM bank_account 
WHERE bank_account.id IN (%(primary_keys_1)s::UUID)
[2026-08-22 23:01:32] [INFO   ] [sqlalchemy.engine.Engine:1848] [MainThread] - [generated in 0.00016s] {'primary_keys_1': UUID('1541bdfb-d23a-4fca-8bae-c5dc30c5ab0c')}
[2026-08-22 23:01:32] [INFO   ] [sqlalchemy.engine.Engine:1848] [MainThread] - INSERT INTO payment (id, organization_id, payable_id, bank_account_id, amount, discount_amount, interest_amount, payment_date, payment_method, reference, notes, created_by_id, created_at) VALUES (%(id)s::UUID, %(organization_id)s::UUID, %(payable_id)s::UUID, %(bank_account_id)s::UUID, %(amount)s, %(discount_amount)s, %(interest_amount)s, %(payment_date)s::DATE, %(payment_method)s::VARCHAR, %(reference)s::VARCHAR, %(notes)s::VARCHAR, %(created_by_id)s::UUID, %(created_at)s::TIMESTAMP WITH TIME ZONE)
[2026-08-22 23:01:32] [INFO   ] [sqlalchemy.engine.Engine:1848] [MainThread] - [cached since 0.05219s ago] {'id': UUID('5748bc41-3d7b-4199-a68a-511aa88dd623'), 'organization_id': UUID('c667f993-d656-4ae8-ac90-d006c3c67e44'), 'payable_id': UUID('cb7b1916-b4d8-4efe-9574-e77e515a10fa'), 'bank_account_id': UUID('1541bdfb-d23a-4fca-8bae-c5dc30c5ab0c'), 'amount': Decimal('600.00'), 'discount_amount': Decimal('0.00'), 'interest_amount': Decimal('0.00'), 'payment_date': datetime.date(2026, 8, 22), 'payment_method': 'PIX', 'reference': 'PIX-E2E-67890', 'notes': None, 'created_by_id': UUID('bbc26bfd-5729-48fb-a0a3-849a3e460059'), 'created_at': datetime.datetime(2026, 8, 23, 2, 1, 32, 549089, tzinfo=datetime.timezone.utc)}
[2026-08-22 23:01:32] [INFO   ] [sqlalchemy.engine.Engine:2718] [MainThread] - COMMIT
[2026-08-22 23:01:32] [INFO   ] [sqlalchemy.engine.Engine:2712] [MainThread] - BEGIN (implicit)
[2026-08-22 23:01:32] [INFO   ] [sqlalchemy.engine.Engine:1848] [MainThread] - SELECT payment.id, payment.organization_id, payment.payable_id, payment.bank_account_id, payment.amount, payment.discount_amount, payment.interest_amount, payment.payment_date, payment.payment_method, payment.reference, payment.notes, payment.created_by_id, payment.created_at 
FROM payment 
WHERE payment.id = %(pk_1)s::UUID
[2026-08-22 23:01:32] [INFO   ] [sqlalchemy.engine.Engine:1848] [MainThread] - [cached since 0.05091s ago] {'pk_1': UUID('5748bc41-3d7b-4199-a68a-511aa88dd623')}
[2026-08-22 23:01:32] [INFO   ] [sqlalchemy.engine.Engine:1848] [MainThread] - SELECT payment_attachment.id AS payment_attachment_id, payment_attachment.payment_id AS payment_attachment_payment_id, payment_attachment.file_name AS payment_attachment_file_name, payment_attachment.file_url AS payment_attachment_file_url, payment_attachment.mime_type AS payment_attachment_mime_type, payment_attachment.uploaded_by_id AS payment_attachment_uploaded_by_id, payment_attachment.created_at AS payment_attachment_created_at 
FROM payment_attachment 
WHERE %(param_1)s::UUID = payment_attachment.payment_id
[2026-08-22 23:01:32] [INFO   ] [sqlalchemy.engine.Engine:1848] [MainThread] - [cached since 0.05038s ago] {'param_1': UUID('5748bc41-3d7b-4199-a68a-511aa88dd623')}
[2026-08-22 23:01:32] [INFO   ] [sqlalchemy.engine.Engine:1848] [MainThread] - UPDATE payable SET outstanding_amount=%(outstanding_amount)s, status=%(status)s::VARCHAR, updated_at=%(updated_at)s::TIMESTAMP WITH TIME ZONE WHERE payable.id = %(payable_id)s::UUID
[2026-08-22 23:01:32] [INFO   ] [sqlalchemy.engine.Engine:1848] [MainThread] - [cached since 0.04827s ago] {'outstanding_amount': Decimal('0.00'), 'status': 'PAID', 'updated_at': datetime.datetime(2026, 8, 23, 2, 1, 32, 555594, tzinfo=datetime.timezone.utc), 'payable_id': UUID('cb7b1916-b4d8-4efe-9574-e77e515a10fa')}
[2026-08-22 23:01:32] [INFO   ] [sqlalchemy.engine.Engine:2718] [MainThread] - COMMIT
[2026-08-22 23:01:32] [INFO   ] [sqlalchemy.engine.Engine:2712] [MainThread] - BEGIN (implicit)
[2026-08-22 23:01:32] [INFO   ] [sqlalchemy.engine.Engine:1848] [MainThread] - SELECT payable.id, payable.organization_id, payable.supplier_id, payable.purchase_order_id, payable.fiscal_document_id, payable.cost_center_id, payable.financial_category_id, payable.description, payable.favored_name, payable.original_amount, payable.outstanding_amount, payable.issue_date, payable.due_date, payable.expense_nature, payable.payment_method_expected, payable.installment_number, payable.total_installments, payable.status, payable.notes, payable.created_by_id, payable.created_at, payable.updated_at 
FROM payable 
WHERE payable.id = %(pk_1)s::UUID
[2026-08-22 23:01:32] [INFO   ] [sqlalchemy.engine.Engine:1848] [MainThread] - [cached since 0.1148s ago] {'pk_1': UUID('cb7b1916-b4d8-4efe-9574-e77e515a10fa')}
[2026-08-22 23:01:32] [INFO   ] [sqlalchemy.engine.Engine:1848] [MainThread] - SELECT payment_instrument.id AS payment_instrument_id, payment_instrument.payable_id AS payment_instrument_payable_id, payment_instrument.instrument_type AS payment_instrument_instrument_type, payment_instrument.barcode AS payment_instrument_barcode, payment_instrument.digitable_line AS payment_instrument_digitable_line, payment_instrument.pix_code AS payment_instrument_pix_code, payment_instrument.document_number AS payment_instrument_document_number, payment_instrument.due_date AS payment_instrument_due_date, payment_instrument.amount AS payment_instrument_amount, payment_instrument.file_attachment AS payment_instrument_file_attachment, payment_instrument.created_at AS payment_instrument_created_at 
FROM payment_instrument 
WHERE %(param_1)s::UUID = payment_instrument.payable_id
[2026-08-22 23:01:32] [INFO   ] [sqlalchemy.engine.Engine:1848] [MainThread] - [cached since 0.1133s ago] {'param_1': UUID('cb7b1916-b4d8-4efe-9574-e77e515a10fa')}
[2026-08-22 23:01:32] [INFO   ] [sqlalchemy.engine.Engine:1848] [MainThread] - SELECT payment.id AS payment_id, payment.organization_id AS payment_organization_id, payment.payable_id AS payment_payable_id, payment.bank_account_id AS payment_bank_account_id, payment.amount AS payment_amount, payment.discount_amount AS payment_discount_amount, payment.interest_amount AS payment_interest_amount, payment.payment_date AS payment_payment_date, payment.payment_method AS payment_payment_method, payment.reference AS payment_reference, payment.notes AS payment_notes, payment.created_by_id AS payment_created_by_id, payment.created_at AS payment_created_at 
FROM payment 
WHERE %(param_1)s::UUID = payment.payable_id
[2026-08-22 23:01:32] [INFO   ] [sqlalchemy.engine.Engine:1848] [MainThread] - [cached since 0.1107s ago] {'param_1': UUID('cb7b1916-b4d8-4efe-9574-e77e515a10fa')}
[2026-08-22 23:01:32] [INFO   ] [sqlalchemy.engine.Engine:1848] [MainThread] - SELECT bank_account.id, bank_account.organization_id, bank_account.bank_name, bank_account.bank_code, bank_account.agency, bank_account.account_number, bank_account.account_type, bank_account.opening_balance, bank_account.current_balance, bank_account.is_active, bank_account.created_at, bank_account.updated_at 
FROM bank_account 
WHERE bank_account.id = %(id_1)s::UUID AND bank_account.organization_id = %(organization_id_1)s::UUID
[2026-08-22 23:01:32] [INFO   ] [sqlalchemy.engine.Engine:1848] [MainThread] - [cached since 0.04802s ago] {'id_1': UUID('1541bdfb-d23a-4fca-8bae-c5dc30c5ab0c'), 'organization_id_1': UUID('c667f993-d656-4ae8-ac90-d006c3c67e44')}
[2026-08-22 23:01:32] [INFO   ] [sqlalchemy.engine.Engine:1848] [MainThread] - UPDATE bank_account SET current_balance=%(current_balance)s, updated_at=%(updated_at)s::TIMESTAMP WITH TIME ZONE WHERE bank_account.id = %(bank_account_id)s::UUID
[2026-08-22 23:01:32] [INFO   ] [sqlalchemy.engine.Engine:1848] [MainThread] - [cached since 0.04783s ago] {'current_balance': Decimal('4000.00'), 'updated_at': datetime.datetime(2026, 8, 23, 2, 1, 32, 562918, tzinfo=datetime.timezone.utc), 'bank_account_id': UUID('1541bdfb-d23a-4fca-8bae-c5dc30c5ab0c')}
[2026-08-22 23:01:32] [INFO   ] [sqlalchemy.engine.Engine:2718] [MainThread] - COMMIT
[2026-08-22 23:01:32] [INFO   ] [sqlalchemy.engine.Engine:2712] [MainThread] - BEGIN (implicit)
[2026-08-22 23:01:32] [INFO   ] [sqlalchemy.engine.Engine:1848] [MainThread] - SELECT bank_account.id, bank_account.organization_id, bank_account.bank_name, bank_account.bank_code, bank_account.agency, bank_account.account_number, bank_account.account_type, bank_account.opening_balance, bank_account.current_balance, bank_account.is_active, bank_account.created_at, bank_account.updated_at 
FROM bank_account 
WHERE bank_account.id = %(pk_1)s::UUID
[2026-08-22 23:01:32] [INFO   ] [sqlalchemy.engine.Engine:1848] [MainThread] - [cached since 0.1395s ago] {'pk_1': UUID('1541bdfb-d23a-4fca-8bae-c5dc30c5ab0c')}
[2026-08-22 23:01:32] [INFO   ] [sqlalchemy.engine.Engine:1848] [MainThread] - INSERT INTO bank_transaction (id, organization_id, bank_account_id, transaction_date, description, amount, transaction_type, external_id, document_number, balance_after, status, created_at) VALUES (%(id)s::UUID, %(organization_id)s::UUID, %(bank_account_id)s::UUID, %(transaction_date)s::DATE, %(description)s::VARCHAR, %(amount)s, %(transaction_type)s::VARCHAR, %(external_id)s::VARCHAR, %(document_number)s::VARCHAR, %(balance_after)s, %(status)s::VARCHAR, %(created_at)s::TIMESTAMP WITH TIME ZONE)
[2026-08-22 23:01:32] [INFO   ] [sqlalchemy.engine.Engine:1848] [MainThread] - [cached since 0.04747s ago] {'id': UUID('3c10f0ca-c098-4976-805b-3ff2359f487a'), 'organization_id': UUID('c667f993-d656-4ae8-ac90-d006c3c67e44'), 'bank_account_id': UUID('1541bdfb-d23a-4fca-8bae-c5dc30c5ab0c'), 'transaction_date': datetime.date(2026, 8, 22), 'description': 'Pagamento: Manutenção de Ar-Condicionado (Clima Frio Serviços)', 'amount': Decimal('600.00'), 'transaction_type': 'DEBIT', 'external_id': None, 'document_number': 'PIX-E2E-67890', 'balance_after': Decimal('4000.00'), 'status': 'reconciled', 'created_at': datetime.datetime(2026, 8, 23, 2, 1, 32, 567354, tzinfo=datetime.timezone.utc)}
[2026-08-22 23:01:32] [INFO   ] [sqlalchemy.engine.Engine:2718] [MainThread] - COMMIT
[2026-08-22 23:01:32] [INFO   ] [sqlalchemy.engine.Engine:2712] [MainThread] - BEGIN (implicit)
[2026-08-22 23:01:32] [INFO   ] [sqlalchemy.engine.Engine:1848] [MainThread] - SELECT bank_transaction.id, bank_transaction.organization_id, bank_transaction.bank_account_id, bank_transaction.transaction_date, bank_transaction.description, bank_transaction.amount, bank_transaction.transaction_type, bank_transaction.external_id, bank_transaction.document_number, bank_transaction.balance_after, bank_transaction.status, bank_transaction.created_at 
FROM bank_transaction 
WHERE bank_transaction.id = %(pk_1)s::UUID
[2026-08-22 23:01:32] [INFO   ] [sqlalchemy.engine.Engine:1848] [MainThread] - [cached since 0.04288s ago] {'pk_1': UUID('3c10f0ca-c098-4976-805b-3ff2359f487a')}
[2026-08-22 23:01:32] [INFO   ] [sqlalchemy.engine.Engine:1848] [MainThread] - INSERT INTO reconciliation (id, organization_id, bank_transaction_id, payment_id, receipt_id, reconciled_at, reconciled_by_id, status, notes) VALUES (%(id)s::UUID, %(organization_id)s::UUID, %(bank_transaction_id)s::UUID, %(payment_id)s::UUID, %(receipt_id)s::UUID, %(reconciled_at)s::TIMESTAMP WITH TIME ZONE, %(reconciled_by_id)s::UUID, %(status)s::VARCHAR, %(notes)s::VARCHAR)
[2026-08-22 23:01:32] [INFO   ] [sqlalchemy.engine.Engine:1848] [MainThread] - [cached since 0.04196s ago] {'id': UUID('14da38ba-bc6f-41b2-9a70-f6c1d672e823'), 'organization_id': UUID('c667f993-d656-4ae8-ac90-d006c3c67e44'), 'bank_transaction_id': UUID('3c10f0ca-c098-4976-805b-3ff2359f487a'), 'payment_id': UUID('5748bc41-3d7b-4199-a68a-511aa88dd623'), 'receipt_id': None, 'reconciled_at': datetime.datetime(2026, 8, 23, 2, 1, 32, 571829, tzinfo=datetime.timezone.utc), 'reconciled_by_id': UUID('bbc26bfd-5729-48fb-a0a3-849a3e460059'), 'status': 'reconciled', 'notes': 'Conciliado automaticamente no momento da baixa'}
[2026-08-22 23:01:32] [INFO   ] [sqlalchemy.engine.Engine:2718] [MainThread] - COMMIT
[2026-08-22 23:01:32] [INFO   ] [sqlalchemy.engine.Engine:2712] [MainThread] - BEGIN (implicit)
[2026-08-22 23:01:32] [INFO   ] [sqlalchemy.engine.Engine:1848] [MainThread] - SELECT reconciliation.id, reconciliation.organization_id, reconciliation.bank_transaction_id, reconciliation.payment_id, reconciliation.receipt_id, reconciliation.reconciled_at, reconciliation.reconciled_by_id, reconciliation.status, reconciliation.notes 
FROM reconciliation 
WHERE reconciliation.id = %(pk_1)s::UUID
[2026-08-22 23:01:32] [INFO   ] [sqlalchemy.engine.Engine:1848] [MainThread] - [cached since 0.03781s ago] {'pk_1': UUID('14da38ba-bc6f-41b2-9a70-f6c1d672e823')}
[2026-08-22 23:01:32] [INFO   ] [controlb:277] [MainThread] - ✅ [PAYMENT REGISTERED] Baixa de 600.00 R$ em 'Manutenção de Ar-Condicionado'. Saldo restante: 0.00 R$
[2026-08-22 23:01:32] [INFO   ] [sqlalchemy.engine.Engine:1848] [MainThread] - SELECT payable.id, payable.organization_id, payable.supplier_id, payable.purchase_order_id, payable.fiscal_document_id, payable.cost_center_id, payable.financial_category_id, payable.description, payable.favored_name, payable.original_amount, payable.outstanding_amount, payable.issue_date, payable.due_date, payable.expense_nature, payable.payment_method_expected, payable.installment_number, payable.total_installments, payable.status, payable.notes, payable.created_by_id, payable.created_at, payable.updated_at 
FROM payable 
WHERE payable.id = %(pk_1)s::UUID
[2026-08-22 23:01:32] [INFO   ] [sqlalchemy.engine.Engine:1848] [MainThread] - [cached since 0.1326s ago] {'pk_1': UUID('cb7b1916-b4d8-4efe-9574-e77e515a10fa')}
[2026-08-22 23:01:32] [INFO   ] [sqlalchemy.engine.Engine:1848] [MainThread] - SELECT payment_instrument.id AS payment_instrument_id, payment_instrument.payable_id AS payment_instrument_payable_id, payment_instrument.instrument_type AS payment_instrument_instrument_type, payment_instrument.barcode AS payment_instrument_barcode, payment_instrument.digitable_line AS payment_instrument_digitable_line, payment_instrument.pix_code AS payment_instrument_pix_code, payment_instrument.document_number AS payment_instrument_document_number, payment_instrument.due_date AS payment_instrument_due_date, payment_instrument.amount AS payment_instrument_amount, payment_instrument.file_attachment AS payment_instrument_file_attachment, payment_instrument.created_at AS payment_instrument_created_at 
FROM payment_instrument 
WHERE %(param_1)s::UUID = payment_instrument.payable_id
[2026-08-22 23:01:32] [INFO   ] [sqlalchemy.engine.Engine:1848] [MainThread] - [cached since 0.1309s ago] {'param_1': UUID('cb7b1916-b4d8-4efe-9574-e77e515a10fa')}
[2026-08-22 23:01:32] [INFO   ] [sqlalchemy.engine.Engine:1848] [MainThread] - SELECT payment.id AS payment_id, payment.organization_id AS payment_organization_id, payment.payable_id AS payment_payable_id, payment.bank_account_id AS payment_bank_account_id, payment.amount AS payment_amount, payment.discount_amount AS payment_discount_amount, payment.interest_amount AS payment_interest_amount, payment.payment_date AS payment_payment_date, payment.payment_method AS payment_payment_method, payment.reference AS payment_reference, payment.notes AS payment_notes, payment.created_by_id AS payment_created_by_id, payment.created_at AS payment_created_at 
FROM payment 
WHERE %(param_1)s::UUID = payment.payable_id
[2026-08-22 23:01:32] [INFO   ] [sqlalchemy.engine.Engine:1848] [MainThread] - [cached since 0.1283s ago] {'param_1': UUID('cb7b1916-b4d8-4efe-9574-e77e515a10fa')}
[2026-08-22 23:01:32] [INFO   ] [sqlalchemy.engine.Engine:1848] [MainThread] - SELECT bank_account.id, bank_account.organization_id, bank_account.bank_name, bank_account.bank_code, bank_account.agency, bank_account.account_number, bank_account.account_type, bank_account.opening_balance, bank_account.current_balance, bank_account.is_active, bank_account.created_at, bank_account.updated_at 
FROM bank_account 
WHERE bank_account.id = %(pk_1)s::UUID
[2026-08-22 23:01:32] [INFO   ] [sqlalchemy.engine.Engine:1848] [MainThread] - [cached since 0.153s ago] {'pk_1': UUID('1541bdfb-d23a-4fca-8bae-c5dc30c5ab0c')}
[2026-08-22 23:01:32] [INFO   ] [sqlalchemy.engine.Engine:2715] [MainThread] - ROLLBACK
[2026-08-22 23:01:32] [INFO   ] [sqlalchemy.engine.Engine:2712] [MainThread] - BEGIN (implicit)
[2026-08-22 23:01:32] [INFO   ] [sqlalchemy.engine.Engine:1848] [MainThread] - SELECT organization.id AS organization_id, organization.name AS organization_name, organization.is_active AS organization_is_active, organization.created_at AS organization_created_at, organization.updated_at AS organization_updated_at 
FROM organization 
 LIMIT %(param_1)s::INTEGER
[2026-08-22 23:01:32] [INFO   ] [sqlalchemy.engine.Engine:1848] [MainThread] - [cached since 0.1776s ago] {'param_1': 1}
[2026-08-22 23:01:32] [INFO   ] [sqlalchemy.engine.Engine:1848] [MainThread] - SELECT "user".id AS user_id, "user".organization_id AS user_organization_id, "user".role_id AS user_role_id, "user".email AS user_email, "user".full_name AS user_full_name, "user".hashed_password AS user_hashed_password, "user".is_active AS user_is_active, "user".created_at AS user_created_at, "user".updated_at AS user_updated_at 
FROM "user" 
WHERE "user".organization_id = %(organization_id_1)s::UUID 
 LIMIT %(param_1)s::INTEGER
[2026-08-22 23:01:32] [INFO   ] [sqlalchemy.engine.Engine:1848] [MainThread] - [cached since 0.1521s ago] {'organization_id_1': UUID('c667f993-d656-4ae8-ac90-d006c3c67e44'), 'param_1': 1}
[2026-08-22 23:01:32] [INFO   ] [sqlalchemy.engine.Engine:1848] [MainThread] - INSERT INTO bank_account (id, organization_id, bank_name, bank_code, agency, account_number, account_type, opening_balance, current_balance, is_active, created_at, updated_at) VALUES (%(id)s::UUID, %(organization_id)s::UUID, %(bank_name)s::VARCHAR, %(bank_code)s::VARCHAR, %(agency)s::VARCHAR, %(account_number)s::VARCHAR, %(account_type)s::VARCHAR, %(opening_balance)s, %(current_balance)s, %(is_active)s, %(created_at)s::TIMESTAMP WITH TIME ZONE, %(updated_at)s::TIMESTAMP WITH TIME ZONE)
[2026-08-22 23:01:32] [INFO   ] [sqlalchemy.engine.Engine:1848] [MainThread] - [cached since 0.1657s ago] {'id': UUID('5b18d29c-ee42-457d-ba92-cd2a654fadbd'), 'organization_id': UUID('c667f993-d656-4ae8-ac90-d006c3c67e44'), 'bank_name': 'Banco Santander', 'bank_code': None, 'agency': None, 'account_number': None, 'account_type': 'CHECKING', 'opening_balance': Decimal('2000.00'), 'current_balance': Decimal('2000.00'), 'is_active': True, 'created_at': datetime.datetime(2026, 8, 23, 2, 1, 32, 585634, tzinfo=datetime.timezone.utc), 'updated_at': datetime.datetime(2026, 8, 23, 2, 1, 32, 585636, tzinfo=datetime.timezone.utc)}
[2026-08-22 23:01:32] [INFO   ] [sqlalchemy.engine.Engine:2718] [MainThread] - COMMIT
[2026-08-22 23:01:32] [INFO   ] [sqlalchemy.engine.Engine:2712] [MainThread] - BEGIN (implicit)
[2026-08-22 23:01:32] [INFO   ] [sqlalchemy.engine.Engine:1848] [MainThread] - SELECT bank_account.id, bank_account.organization_id, bank_account.bank_name, bank_account.bank_code, bank_account.agency, bank_account.account_number, bank_account.account_type, bank_account.opening_balance, bank_account.current_balance, bank_account.is_active, bank_account.created_at, bank_account.updated_at 
FROM bank_account 
WHERE bank_account.id = %(pk_1)s::UUID
[2026-08-22 23:01:32] [INFO   ] [sqlalchemy.engine.Engine:1848] [MainThread] - [cached since 0.1629s ago] {'pk_1': UUID('5b18d29c-ee42-457d-ba92-cd2a654fadbd')}
[2026-08-22 23:01:32] [INFO   ] [sqlalchemy.engine.Engine:1848] [MainThread] - INSERT INTO receivable (id, organization_id, customer_name, customer_document, fiscal_document_id, cost_center_id, financial_category_id, description, original_amount, outstanding_amount, issue_date, due_date, payment_method_expected, status, notes, created_at, updated_at) VALUES (%(id)s::UUID, %(organization_id)s::UUID, %(customer_name)s::VARCHAR, %(customer_document)s::VARCHAR, %(fiscal_document_id)s::UUID, %(cost_center_id)s::UUID, %(financial_category_id)s::UUID, %(description)s::VARCHAR, %(original_amount)s, %(outstanding_amount)s, %(issue_date)s::DATE, %(due_date)s::DATE, %(payment_method_expected)s::VARCHAR, %(status)s::VARCHAR, %(notes)s::VARCHAR, %(created_at)s::TIMESTAMP WITH TIME ZONE, %(updated_at)s::TIMESTAMP WITH TIME ZONE)
[2026-08-22 23:01:32] [INFO   ] [sqlalchemy.engine.Engine:1848] [MainThread] - [cached since 1.077s ago] {'id': UUID('20f55ef4-e251-4d99-a419-42887c20af03'), 'organization_id': UUID('c667f993-d656-4ae8-ac90-d006c3c67e44'), 'customer_name': 'Hospital Regional São Lucas', 'customer_document': None, 'fiscal_document_id': None, 'cost_center_id': None, 'financial_category_id': None, 'description': 'Fornecimento de Insumos Hospitalares', 'original_amount': Decimal('5000.00'), 'outstanding_amount': Decimal('5000.00'), 'issue_date': datetime.date(2026, 8, 22), 'due_date': datetime.date(2026, 9, 6), 'payment_method_expected': 'PIX', 'status': 'PENDING', 'notes': None, 'created_at': datetime.datetime(2026, 8, 23, 2, 1, 32, 590842, tzinfo=datetime.timezone.utc), 'updated_at': datetime.datetime(2026, 8, 23, 2, 1, 32, 590844, tzinfo=datetime.timezone.utc)}
[2026-08-22 23:01:32] [INFO   ] [sqlalchemy.engine.Engine:2718] [MainThread] - COMMIT
[2026-08-22 23:01:32] [INFO   ] [sqlalchemy.engine.Engine:2712] [MainThread] - BEGIN (implicit)
[2026-08-22 23:01:32] [INFO   ] [sqlalchemy.engine.Engine:1848] [MainThread] - SELECT receivable.id, receivable.organization_id, receivable.customer_name, receivable.customer_document, receivable.fiscal_document_id, receivable.cost_center_id, receivable.financial_category_id, receivable.description, receivable.original_amount, receivable.outstanding_amount, receivable.issue_date, receivable.due_date, receivable.payment_method_expected, receivable.status, receivable.notes, receivable.created_at, receivable.updated_at 
FROM receivable 
WHERE receivable.id = %(pk_1)s::UUID
[2026-08-22 23:01:32] [INFO   ] [sqlalchemy.engine.Engine:1848] [MainThread] - [cached since 1.071s ago] {'pk_1': UUID('20f55ef4-e251-4d99-a419-42887c20af03')}
[2026-08-22 23:01:32] [INFO   ] [sqlalchemy.engine.Engine:1848] [MainThread] - SELECT receipt.id AS receipt_id, receipt.organization_id AS receipt_organization_id, receipt.receivable_id AS receipt_receivable_id, receipt.bank_account_id AS receipt_bank_account_id, receipt.amount AS receipt_amount, receipt.receipt_date AS receipt_receipt_date, receipt.payment_method AS receipt_payment_method, receipt.reference AS receipt_reference, receipt.notes AS receipt_notes, receipt.received_by_id AS receipt_received_by_id, receipt.created_at AS receipt_created_at 
FROM receipt 
WHERE %(param_1)s::UUID = receipt.receivable_id
[2026-08-22 23:01:32] [INFO   ] [sqlalchemy.engine.Engine:1848] [MainThread] - [cached since 1.07s ago] {'param_1': UUID('20f55ef4-e251-4d99-a419-42887c20af03')}
[2026-08-22 23:01:32] [INFO   ] [sqlalchemy.engine.Engine:1848] [MainThread] - SELECT receivable.id, receivable.organization_id, receivable.customer_name, receivable.customer_document, receivable.fiscal_document_id, receivable.cost_center_id, receivable.financial_category_id, receivable.description, receivable.original_amount, receivable.outstanding_amount, receivable.issue_date, receivable.due_date, receivable.payment_method_expected, receivable.status, receivable.notes, receivable.created_at, receivable.updated_at 
FROM receivable 
WHERE receivable.id = %(id_1)s::UUID AND receivable.organization_id = %(organization_id_1)s::UUID
[2026-08-22 23:01:32] [INFO   ] [sqlalchemy.engine.Engine:1848] [MainThread] - [generated in 0.00012s] {'id_1': UUID('20f55ef4-e251-4d99-a419-42887c20af03'), 'organization_id_1': UUID('c667f993-d656-4ae8-ac90-d006c3c67e44')}
[2026-08-22 23:01:32] [INFO   ] [sqlalchemy.engine.Engine:1848] [MainThread] - SELECT receipt.receivable_id AS receipt_receivable_id, receipt.id AS receipt_id, receipt.organization_id AS receipt_organization_id, receipt.bank_account_id AS receipt_bank_account_id, receipt.amount AS receipt_amount, receipt.receipt_date AS receipt_receipt_date, receipt.payment_method AS receipt_payment_method, receipt.reference AS receipt_reference, receipt.notes AS receipt_notes, receipt.received_by_id AS receipt_received_by_id, receipt.created_at AS receipt_created_at 
FROM receipt 
WHERE receipt.receivable_id IN (%(primary_keys_1)s::UUID)
[2026-08-22 23:01:32] [INFO   ] [sqlalchemy.engine.Engine:1848] [MainThread] - [cached since 1.039s ago] {'primary_keys_1': UUID('20f55ef4-e251-4d99-a419-42887c20af03')}
[2026-08-22 23:01:32] [INFO   ] [sqlalchemy.engine.Engine:1848] [MainThread] - INSERT INTO receipt (id, organization_id, receivable_id, bank_account_id, amount, receipt_date, payment_method, reference, notes, received_by_id, created_at) VALUES (%(id)s::UUID, %(organization_id)s::UUID, %(receivable_id)s::UUID, %(bank_account_id)s::UUID, %(amount)s, %(receipt_date)s::DATE, %(payment_method)s::VARCHAR, %(reference)s::VARCHAR, %(notes)s::VARCHAR, %(received_by_id)s::UUID, %(created_at)s::TIMESTAMP WITH TIME ZONE)
[2026-08-22 23:01:32] [INFO   ] [sqlalchemy.engine.Engine:1848] [MainThread] - [generated in 0.00015s] {'id': UUID('ce9b4ec8-ec62-48bd-a1dc-52e4270cbf49'), 'organization_id': UUID('c667f993-d656-4ae8-ac90-d006c3c67e44'), 'receivable_id': UUID('20f55ef4-e251-4d99-a419-42887c20af03'), 'bank_account_id': UUID('5b18d29c-ee42-457d-ba92-cd2a654fadbd'), 'amount': Decimal('5000.00'), 'receipt_date': datetime.date(2026, 8, 22), 'payment_method': 'TRANSFERENCIA', 'reference': 'TED-889977', 'notes': None, 'received_by_id': UUID('bbc26bfd-5729-48fb-a0a3-849a3e460059'), 'created_at': datetime.datetime(2026, 8, 23, 2, 1, 32, 599816, tzinfo=datetime.timezone.utc)}
[2026-08-22 23:01:32] [INFO   ] [sqlalchemy.engine.Engine:2718] [MainThread] - COMMIT
[2026-08-22 23:01:32] [INFO   ] [sqlalchemy.engine.Engine:2712] [MainThread] - BEGIN (implicit)
[2026-08-22 23:01:32] [INFO   ] [sqlalchemy.engine.Engine:1848] [MainThread] - SELECT receipt.id, receipt.organization_id, receipt.receivable_id, receipt.bank_account_id, receipt.amount, receipt.receipt_date, receipt.payment_method, receipt.reference, receipt.notes, receipt.received_by_id, receipt.created_at 
FROM receipt 
WHERE receipt.id = %(pk_1)s::UUID
[2026-08-22 23:01:32] [INFO   ] [sqlalchemy.engine.Engine:1848] [MainThread] - [generated in 0.00010s] {'pk_1': UUID('ce9b4ec8-ec62-48bd-a1dc-52e4270cbf49')}
[2026-08-22 23:01:32] [INFO   ] [sqlalchemy.engine.Engine:1848] [MainThread] - UPDATE receivable SET outstanding_amount=%(outstanding_amount)s, status=%(status)s::VARCHAR, updated_at=%(updated_at)s::TIMESTAMP WITH TIME ZONE WHERE receivable.id = %(receivable_id)s::UUID
[2026-08-22 23:01:32] [INFO   ] [sqlalchemy.engine.Engine:1848] [MainThread] - [generated in 0.00013s] {'outstanding_amount': Decimal('0.00'), 'status': 'RECEIVED', 'updated_at': datetime.datetime(2026, 8, 23, 2, 1, 32, 608558, tzinfo=datetime.timezone.utc), 'receivable_id': UUID('20f55ef4-e251-4d99-a419-42887c20af03')}
[2026-08-22 23:01:32] [INFO   ] [sqlalchemy.engine.Engine:2718] [MainThread] - COMMIT
[2026-08-22 23:01:32] [INFO   ] [sqlalchemy.engine.Engine:2712] [MainThread] - BEGIN (implicit)
[2026-08-22 23:01:32] [INFO   ] [sqlalchemy.engine.Engine:1848] [MainThread] - SELECT receivable.id, receivable.organization_id, receivable.customer_name, receivable.customer_document, receivable.fiscal_document_id, receivable.cost_center_id, receivable.financial_category_id, receivable.description, receivable.original_amount, receivable.outstanding_amount, receivable.issue_date, receivable.due_date, receivable.payment_method_expected, receivable.status, receivable.notes, receivable.created_at, receivable.updated_at 
FROM receivable 
WHERE receivable.id = %(pk_1)s::UUID
[2026-08-22 23:01:32] [INFO   ] [sqlalchemy.engine.Engine:1848] [MainThread] - [cached since 1.089s ago] {'pk_1': UUID('20f55ef4-e251-4d99-a419-42887c20af03')}
[2026-08-22 23:01:32] [INFO   ] [sqlalchemy.engine.Engine:1848] [MainThread] - SELECT receipt.id AS receipt_id, receipt.organization_id AS receipt_organization_id, receipt.receivable_id AS receipt_receivable_id, receipt.bank_account_id AS receipt_bank_account_id, receipt.amount AS receipt_amount, receipt.receipt_date AS receipt_receipt_date, receipt.payment_method AS receipt_payment_method, receipt.reference AS receipt_reference, receipt.notes AS receipt_notes, receipt.received_by_id AS receipt_received_by_id, receipt.created_at AS receipt_created_at 
FROM receipt 
WHERE %(param_1)s::UUID = receipt.receivable_id
[2026-08-22 23:01:32] [INFO   ] [sqlalchemy.engine.Engine:1848] [MainThread] - [cached since 1.087s ago] {'param_1': UUID('20f55ef4-e251-4d99-a419-42887c20af03')}
[2026-08-22 23:01:32] [INFO   ] [sqlalchemy.engine.Engine:1848] [MainThread] - SELECT bank_account.id, bank_account.organization_id, bank_account.bank_name, bank_account.bank_code, bank_account.agency, bank_account.account_number, bank_account.account_type, bank_account.opening_balance, bank_account.current_balance, bank_account.is_active, bank_account.created_at, bank_account.updated_at 
FROM bank_account 
WHERE bank_account.id = %(id_1)s::UUID AND bank_account.organization_id = %(organization_id_1)s::UUID
[2026-08-22 23:01:32] [INFO   ] [sqlalchemy.engine.Engine:1848] [MainThread] - [cached since 0.1001s ago] {'id_1': UUID('5b18d29c-ee42-457d-ba92-cd2a654fadbd'), 'organization_id_1': UUID('c667f993-d656-4ae8-ac90-d006c3c67e44')}
[2026-08-22 23:01:32] [INFO   ] [sqlalchemy.engine.Engine:1848] [MainThread] - UPDATE bank_account SET current_balance=%(current_balance)s, updated_at=%(updated_at)s::TIMESTAMP WITH TIME ZONE WHERE bank_account.id = %(bank_account_id)s::UUID
[2026-08-22 23:01:32] [INFO   ] [sqlalchemy.engine.Engine:1848] [MainThread] - [cached since 0.09992s ago] {'current_balance': Decimal('7000.00'), 'updated_at': datetime.datetime(2026, 8, 23, 2, 1, 32, 615046, tzinfo=datetime.timezone.utc), 'bank_account_id': UUID('5b18d29c-ee42-457d-ba92-cd2a654fadbd')}
[2026-08-22 23:01:32] [INFO   ] [sqlalchemy.engine.Engine:2718] [MainThread] - COMMIT
[2026-08-22 23:01:32] [INFO   ] [sqlalchemy.engine.Engine:2712] [MainThread] - BEGIN (implicit)
[2026-08-22 23:01:32] [INFO   ] [sqlalchemy.engine.Engine:1848] [MainThread] - SELECT bank_account.id, bank_account.organization_id, bank_account.bank_name, bank_account.bank_code, bank_account.agency, bank_account.account_number, bank_account.account_type, bank_account.opening_balance, bank_account.current_balance, bank_account.is_active, bank_account.created_at, bank_account.updated_at 
FROM bank_account 
WHERE bank_account.id = %(pk_1)s::UUID
[2026-08-22 23:01:32] [INFO   ] [sqlalchemy.engine.Engine:1848] [MainThread] - [cached since 0.1913s ago] {'pk_1': UUID('5b18d29c-ee42-457d-ba92-cd2a654fadbd')}
[2026-08-22 23:01:32] [INFO   ] [sqlalchemy.engine.Engine:1848] [MainThread] - INSERT INTO bank_transaction (id, organization_id, bank_account_id, transaction_date, description, amount, transaction_type, external_id, document_number, balance_after, status, created_at) VALUES (%(id)s::UUID, %(organization_id)s::UUID, %(bank_account_id)s::UUID, %(transaction_date)s::DATE, %(description)s::VARCHAR, %(amount)s, %(transaction_type)s::VARCHAR, %(external_id)s::VARCHAR, %(document_number)s::VARCHAR, %(balance_after)s, %(status)s::VARCHAR, %(created_at)s::TIMESTAMP WITH TIME ZONE)
[2026-08-22 23:01:32] [INFO   ] [sqlalchemy.engine.Engine:1848] [MainThread] - [cached since 0.09924s ago] {'id': UUID('4999bb9c-77d1-43a9-97a4-ff0c38e8be64'), 'organization_id': UUID('c667f993-d656-4ae8-ac90-d006c3c67e44'), 'bank_account_id': UUID('5b18d29c-ee42-457d-ba92-cd2a654fadbd'), 'transaction_date': datetime.date(2026, 8, 22), 'description': 'Recebimento: Fornecimento de Insumos Hospitalares (Hospital Regional São Lucas)', 'amount': Decimal('5000.00'), 'transaction_type': 'CREDIT', 'external_id': None, 'document_number': 'TED-889977', 'balance_after': Decimal('7000.00'), 'status': 'reconciled', 'created_at': datetime.datetime(2026, 8, 23, 2, 1, 32, 619116, tzinfo=datetime.timezone.utc)}
[2026-08-22 23:01:32] [INFO   ] [sqlalchemy.engine.Engine:2718] [MainThread] - COMMIT
[2026-08-22 23:01:32] [INFO   ] [sqlalchemy.engine.Engine:2712] [MainThread] - BEGIN (implicit)
[2026-08-22 23:01:32] [INFO   ] [sqlalchemy.engine.Engine:1848] [MainThread] - SELECT bank_transaction.id, bank_transaction.organization_id, bank_transaction.bank_account_id, bank_transaction.transaction_date, bank_transaction.description, bank_transaction.amount, bank_transaction.transaction_type, bank_transaction.external_id, bank_transaction.document_number, bank_transaction.balance_after, bank_transaction.status, bank_transaction.created_at 
FROM bank_transaction 
WHERE bank_transaction.id = %(pk_1)s::UUID
[2026-08-22 23:01:32] [INFO   ] [sqlalchemy.engine.Engine:1848] [MainThread] - [cached since 0.09437s ago] {'pk_1': UUID('4999bb9c-77d1-43a9-97a4-ff0c38e8be64')}
[2026-08-22 23:01:32] [INFO   ] [sqlalchemy.engine.Engine:1848] [MainThread] - INSERT INTO reconciliation (id, organization_id, bank_transaction_id, payment_id, receipt_id, reconciled_at, reconciled_by_id, status, notes) VALUES (%(id)s::UUID, %(organization_id)s::UUID, %(bank_transaction_id)s::UUID, %(payment_id)s::UUID, %(receipt_id)s::UUID, %(reconciled_at)s::TIMESTAMP WITH TIME ZONE, %(reconciled_by_id)s::UUID, %(status)s::VARCHAR, %(notes)s::VARCHAR)
[2026-08-22 23:01:32] [INFO   ] [sqlalchemy.engine.Engine:1848] [MainThread] - [cached since 0.09349s ago] {'id': UUID('63685f77-508d-49cc-bddb-696cd3997014'), 'organization_id': UUID('c667f993-d656-4ae8-ac90-d006c3c67e44'), 'bank_transaction_id': UUID('4999bb9c-77d1-43a9-97a4-ff0c38e8be64'), 'payment_id': None, 'receipt_id': UUID('ce9b4ec8-ec62-48bd-a1dc-52e4270cbf49'), 'reconciled_at': datetime.datetime(2026, 8, 23, 2, 1, 32, 623354, tzinfo=datetime.timezone.utc), 'reconciled_by_id': UUID('bbc26bfd-5729-48fb-a0a3-849a3e460059'), 'status': 'reconciled', 'notes': 'Conciliação automática de recebimento'}
[2026-08-22 23:01:32] [INFO   ] [sqlalchemy.engine.Engine:2718] [MainThread] - COMMIT
[2026-08-22 23:01:32] [INFO   ] [sqlalchemy.engine.Engine:2712] [MainThread] - BEGIN (implicit)
[2026-08-22 23:01:32] [INFO   ] [sqlalchemy.engine.Engine:1848] [MainThread] - SELECT reconciliation.id, reconciliation.organization_id, reconciliation.bank_transaction_id, reconciliation.payment_id, reconciliation.receipt_id, reconciliation.reconciled_at, reconciliation.reconciled_by_id, reconciliation.status, reconciliation.notes 
FROM reconciliation 
WHERE reconciliation.id = %(pk_1)s::UUID
[2026-08-22 23:01:32] [INFO   ] [sqlalchemy.engine.Engine:1848] [MainThread] - [cached since 0.08913s ago] {'pk_1': UUID('63685f77-508d-49cc-bddb-696cd3997014')}
[2026-08-22 23:01:32] [INFO   ] [sqlalchemy.engine.Engine:1848] [MainThread] - SELECT receivable.id, receivable.organization_id, receivable.customer_name, receivable.customer_document, receivable.fiscal_document_id, receivable.cost_center_id, receivable.financial_category_id, receivable.description, receivable.original_amount, receivable.outstanding_amount, receivable.issue_date, receivable.due_date, receivable.payment_method_expected, receivable.status, receivable.notes, receivable.created_at, receivable.updated_at 
FROM receivable 
WHERE receivable.id = %(pk_1)s::UUID
[2026-08-22 23:01:32] [INFO   ] [sqlalchemy.engine.Engine:1848] [MainThread] - [cached since 1.105s ago] {'pk_1': UUID('20f55ef4-e251-4d99-a419-42887c20af03')}
[2026-08-22 23:01:32] [INFO   ] [sqlalchemy.engine.Engine:1848] [MainThread] - SELECT receipt.id AS receipt_id, receipt.organization_id AS receipt_organization_id, receipt.receivable_id AS receipt_receivable_id, receipt.bank_account_id AS receipt_bank_account_id, receipt.amount AS receipt_amount, receipt.receipt_date AS receipt_receipt_date, receipt.payment_method AS receipt_payment_method, receipt.reference AS receipt_reference, receipt.notes AS receipt_notes, receipt.received_by_id AS receipt_received_by_id, receipt.created_at AS receipt_created_at 
FROM receipt 
WHERE %(param_1)s::UUID = receipt.receivable_id
[2026-08-22 23:01:32] [INFO   ] [sqlalchemy.engine.Engine:1848] [MainThread] - [cached since 1.103s ago] {'param_1': UUID('20f55ef4-e251-4d99-a419-42887c20af03')}
[2026-08-22 23:01:32] [INFO   ] [sqlalchemy.engine.Engine:1848] [MainThread] - SELECT bank_account.id, bank_account.organization_id, bank_account.bank_name, bank_account.bank_code, bank_account.agency, bank_account.account_number, bank_account.account_type, bank_account.opening_balance, bank_account.current_balance, bank_account.is_active, bank_account.created_at, bank_account.updated_at 
FROM bank_account 
WHERE bank_account.id = %(pk_1)s::UUID
[2026-08-22 23:01:32] [INFO   ] [sqlalchemy.engine.Engine:1848] [MainThread] - [cached since 0.2033s ago] {'pk_1': UUID('5b18d29c-ee42-457d-ba92-cd2a654fadbd')}
[2026-08-22 23:01:32] [INFO   ] [sqlalchemy.engine.Engine:2715] [MainThread] - ROLLBACK
[2026-08-22 23:01:32] [INFO   ] [sqlalchemy.engine.Engine:2712] [MainThread] - BEGIN (implicit)
[2026-08-22 23:01:32] [INFO   ] [sqlalchemy.engine.Engine:1848] [MainThread] - SELECT organization.id AS organization_id, organization.name AS organization_name, organization.is_active AS organization_is_active, organization.created_at AS organization_created_at, organization.updated_at AS organization_updated_at 
FROM organization 
 LIMIT %(param_1)s::INTEGER
[2026-08-22 23:01:32] [INFO   ] [sqlalchemy.engine.Engine:1848] [MainThread] - [cached since 0.2275s ago] {'param_1': 1}
[2026-08-22 23:01:32] [INFO   ] [sqlalchemy.engine.Engine:1848] [MainThread] - SELECT "user".id AS user_id, "user".organization_id AS user_organization_id, "user".role_id AS user_role_id, "user".email AS user_email, "user".full_name AS user_full_name, "user".hashed_password AS user_hashed_password, "user".is_active AS user_is_active, "user".created_at AS user_created_at, "user".updated_at AS user_updated_at 
FROM "user" 
WHERE "user".organization_id = %(organization_id_1)s::UUID 
 LIMIT %(param_1)s::INTEGER
[2026-08-22 23:01:32] [INFO   ] [sqlalchemy.engine.Engine:1848] [MainThread] - [cached since 0.2019s ago] {'organization_id_1': UUID('c667f993-d656-4ae8-ac90-d006c3c67e44'), 'param_1': 1}
[2026-08-22 23:01:32] [INFO   ] [sqlalchemy.engine.Engine:1848] [MainThread] - INSERT INTO sales_report (id, organization_id, report_date, gross_sales, discounts, returns, net_sales, cash_amount, pix_amount, debit_amount, credit_amount, other_amount, source, notes, created_by_id, created_at) VALUES (%(id)s::UUID, %(organization_id)s::UUID, %(report_date)s::DATE, %(gross_sales)s, %(discounts)s, %(returns)s, %(net_sales)s, %(cash_amount)s, %(pix_amount)s, %(debit_amount)s, %(credit_amount)s, %(other_amount)s, %(source)s::VARCHAR, %(notes)s::VARCHAR, %(created_by_id)s::UUID, %(created_at)s::TIMESTAMP WITH TIME ZONE)
[2026-08-22 23:01:32] [INFO   ] [sqlalchemy.engine.Engine:1848] [MainThread] - [generated in 0.00020s] {'id': UUID('2f4c991e-707b-4b57-8511-5d234585c9cd'), 'organization_id': UUID('c667f993-d656-4ae8-ac90-d006c3c67e44'), 'report_date': datetime.date(2026, 8, 22), 'gross_sales': Decimal('2500.00'), 'discounts': Decimal('100.00'), 'returns': Decimal('0.00'), 'net_sales': Decimal('2400.00'), 'cash_amount': Decimal('400.00'), 'pix_amount': Decimal('800.00'), 'debit_amount': Decimal('500.00'), 'credit_amount': Decimal('700.00'), 'other_amount': Decimal('0.00'), 'source': 'PDV Balcão', 'notes': None, 'created_by_id': UUID('bbc26bfd-5729-48fb-a0a3-849a3e460059'), 'created_at': datetime.datetime(2026, 8, 23, 2, 1, 32, 635690, tzinfo=datetime.timezone.utc)}
[2026-08-22 23:01:32] [INFO   ] [sqlalchemy.engine.Engine:2718] [MainThread] - COMMIT
[2026-08-22 23:01:32] [INFO   ] [sqlalchemy.engine.Engine:2712] [MainThread] - BEGIN (implicit)
[2026-08-22 23:01:32] [INFO   ] [sqlalchemy.engine.Engine:1848] [MainThread] - SELECT sales_report.id, sales_report.organization_id, sales_report.report_date, sales_report.gross_sales, sales_report.discounts, sales_report.returns, sales_report.net_sales, sales_report.cash_amount, sales_report.pix_amount, sales_report.debit_amount, sales_report.credit_amount, sales_report.other_amount, sales_report.source, sales_report.notes, sales_report.created_by_id, sales_report.created_at 
FROM sales_report 
WHERE sales_report.id = %(pk_1)s::UUID
[2026-08-22 23:01:32] [INFO   ] [sqlalchemy.engine.Engine:1848] [MainThread] - [generated in 0.00015s] {'pk_1': UUID('2f4c991e-707b-4b57-8511-5d234585c9cd')}
[2026-08-22 23:01:32] [INFO   ] [sqlalchemy.engine.Engine:1848] [MainThread] - INSERT INTO receivable (id, organization_id, customer_name, customer_document, fiscal_document_id, cost_center_id, financial_category_id, description, original_amount, outstanding_amount, issue_date, due_date, payment_method_expected, status, notes, created_at, updated_at) VALUES (%(id)s::UUID, %(organization_id)s::UUID, %(customer_name)s::VARCHAR, %(customer_document)s::VARCHAR, %(fiscal_document_id)s::UUID, %(cost_center_id)s::UUID, %(financial_category_id)s::UUID, %(description)s::VARCHAR, %(original_amount)s, %(outstanding_amount)s, %(issue_date)s::DATE, %(due_date)s::DATE, %(payment_method_expected)s::VARCHAR, %(status)s::VARCHAR, %(notes)s::VARCHAR, %(created_at)s::TIMESTAMP WITH TIME ZONE, %(updated_at)s::TIMESTAMP WITH TIME ZONE)
[2026-08-22 23:01:32] [INFO   ] [sqlalchemy.engine.Engine:1848] [MainThread] - [cached since 1.132s ago] {'id': UUID('c45a2972-478b-4006-9776-7455895ac1a7'), 'organization_id': UUID('c667f993-d656-4ae8-ac90-d006c3c67e44'), 'customer_name': 'Vendas Balcão (PIX)', 'customer_document': None, 'fiscal_document_id': None, 'cost_center_id': None, 'financial_category_id': None, 'description': 'Receita PDV 22/08/2026 - PIX', 'original_amount': Decimal('800.00'), 'outstanding_amount': Decimal('800.00'), 'issue_date': datetime.date(2026, 8, 22), 'due_date': datetime.date(2026, 8, 22), 'payment_method_expected': 'PIX', 'status': 'PENDING', 'notes': 'Gerado a partir do Fechamento de Vendas #2f4c991e', 'created_at': datetime.datetime(2026, 8, 23, 2, 1, 32, 645741, tzinfo=datetime.timezone.utc), 'updated_at': datetime.datetime(2026, 8, 23, 2, 1, 32, 645742, tzinfo=datetime.timezone.utc)}
[2026-08-22 23:01:32] [INFO   ] [sqlalchemy.engine.Engine:2718] [MainThread] - COMMIT
[2026-08-22 23:01:32] [INFO   ] [sqlalchemy.engine.Engine:2712] [MainThread] - BEGIN (implicit)
[2026-08-22 23:01:32] [INFO   ] [sqlalchemy.engine.Engine:1848] [MainThread] - SELECT receivable.id, receivable.organization_id, receivable.customer_name, receivable.customer_document, receivable.fiscal_document_id, receivable.cost_center_id, receivable.financial_category_id, receivable.description, receivable.original_amount, receivable.outstanding_amount, receivable.issue_date, receivable.due_date, receivable.payment_method_expected, receivable.status, receivable.notes, receivable.created_at, receivable.updated_at 
FROM receivable 
WHERE receivable.id = %(pk_1)s::UUID
[2026-08-22 23:01:32] [INFO   ] [sqlalchemy.engine.Engine:1848] [MainThread] - [cached since 1.126s ago] {'pk_1': UUID('c45a2972-478b-4006-9776-7455895ac1a7')}
[2026-08-22 23:01:32] [INFO   ] [sqlalchemy.engine.Engine:1848] [MainThread] - SELECT receipt.id AS receipt_id, receipt.organization_id AS receipt_organization_id, receipt.receivable_id AS receipt_receivable_id, receipt.bank_account_id AS receipt_bank_account_id, receipt.amount AS receipt_amount, receipt.receipt_date AS receipt_receipt_date, receipt.payment_method AS receipt_payment_method, receipt.reference AS receipt_reference, receipt.notes AS receipt_notes, receipt.received_by_id AS receipt_received_by_id, receipt.created_at AS receipt_created_at 
FROM receipt 
WHERE %(param_1)s::UUID = receipt.receivable_id
[2026-08-22 23:01:32] [INFO   ] [sqlalchemy.engine.Engine:1848] [MainThread] - [cached since 1.124s ago] {'param_1': UUID('c45a2972-478b-4006-9776-7455895ac1a7')}
[2026-08-22 23:01:32] [INFO   ] [sqlalchemy.engine.Engine:1848] [MainThread] - INSERT INTO receivable (id, organization_id, customer_name, customer_document, fiscal_document_id, cost_center_id, financial_category_id, description, original_amount, outstanding_amount, issue_date, due_date, payment_method_expected, status, notes, created_at, updated_at) VALUES (%(id)s::UUID, %(organization_id)s::UUID, %(customer_name)s::VARCHAR, %(customer_document)s::VARCHAR, %(fiscal_document_id)s::UUID, %(cost_center_id)s::UUID, %(financial_category_id)s::UUID, %(description)s::VARCHAR, %(original_amount)s, %(outstanding_amount)s, %(issue_date)s::DATE, %(due_date)s::DATE, %(payment_method_expected)s::VARCHAR, %(status)s::VARCHAR, %(notes)s::VARCHAR, %(created_at)s::TIMESTAMP WITH TIME ZONE, %(updated_at)s::TIMESTAMP WITH TIME ZONE)
[2026-08-22 23:01:32] [INFO   ] [sqlalchemy.engine.Engine:1848] [MainThread] - [cached since 1.137s ago] {'id': UUID('2d031c25-ddd9-4290-a67e-7d3752ed2aa6'), 'organization_id': UUID('c667f993-d656-4ae8-ac90-d006c3c67e44'), 'customer_name': 'Vendas Balcão (Dinheiro / Caixa)', 'customer_document': None, 'fiscal_document_id': None, 'cost_center_id': None, 'financial_category_id': None, 'description': 'Receita PDV 22/08/2026 - Dinheiro / Caixa', 'original_amount': Decimal('400.00'), 'outstanding_amount': Decimal('400.00'), 'issue_date': datetime.date(2026, 8, 22), 'due_date': datetime.date(2026, 8, 22), 'payment_method_expected': 'Dinheiro / Caixa', 'status': 'PENDING', 'notes': 'Gerado a partir do Fechamento de Vendas #2f4c991e', 'created_at': datetime.datetime(2026, 8, 23, 2, 1, 32, 651140, tzinfo=datetime.timezone.utc), 'updated_at': datetime.datetime(2026, 8, 23, 2, 1, 32, 651141, tzinfo=datetime.timezone.utc)}
[2026-08-22 23:01:32] [INFO   ] [sqlalchemy.engine.Engine:2718] [MainThread] - COMMIT
[2026-08-22 23:01:32] [INFO   ] [sqlalchemy.engine.Engine:2712] [MainThread] - BEGIN (implicit)
[2026-08-22 23:01:32] [INFO   ] [sqlalchemy.engine.Engine:1848] [MainThread] - SELECT receivable.id, receivable.organization_id, receivable.customer_name, receivable.customer_document, receivable.fiscal_document_id, receivable.cost_center_id, receivable.financial_category_id, receivable.description, receivable.original_amount, receivable.outstanding_amount, receivable.issue_date, receivable.due_date, receivable.payment_method_expected, receivable.status, receivable.notes, receivable.created_at, receivable.updated_at 
FROM receivable 
WHERE receivable.id = %(pk_1)s::UUID
[2026-08-22 23:01:32] [INFO   ] [sqlalchemy.engine.Engine:1848] [MainThread] - [cached since 1.131s ago] {'pk_1': UUID('2d031c25-ddd9-4290-a67e-7d3752ed2aa6')}
[2026-08-22 23:01:32] [INFO   ] [sqlalchemy.engine.Engine:1848] [MainThread] - SELECT receipt.id AS receipt_id, receipt.organization_id AS receipt_organization_id, receipt.receivable_id AS receipt_receivable_id, receipt.bank_account_id AS receipt_bank_account_id, receipt.amount AS receipt_amount, receipt.receipt_date AS receipt_receipt_date, receipt.payment_method AS receipt_payment_method, receipt.reference AS receipt_reference, receipt.notes AS receipt_notes, receipt.received_by_id AS receipt_received_by_id, receipt.created_at AS receipt_created_at 
FROM receipt 
WHERE %(param_1)s::UUID = receipt.receivable_id
[2026-08-22 23:01:32] [INFO   ] [sqlalchemy.engine.Engine:1848] [MainThread] - [cached since 1.13s ago] {'param_1': UUID('2d031c25-ddd9-4290-a67e-7d3752ed2aa6')}
[2026-08-22 23:01:32] [INFO   ] [sqlalchemy.engine.Engine:1848] [MainThread] - INSERT INTO receivable (id, organization_id, customer_name, customer_document, fiscal_document_id, cost_center_id, financial_category_id, description, original_amount, outstanding_amount, issue_date, due_date, payment_method_expected, status, notes, created_at, updated_at) VALUES (%(id)s::UUID, %(organization_id)s::UUID, %(customer_name)s::VARCHAR, %(customer_document)s::VARCHAR, %(fiscal_document_id)s::UUID, %(cost_center_id)s::UUID, %(financial_category_id)s::UUID, %(description)s::VARCHAR, %(original_amount)s, %(outstanding_amount)s, %(issue_date)s::DATE, %(due_date)s::DATE, %(payment_method_expected)s::VARCHAR, %(status)s::VARCHAR, %(notes)s::VARCHAR, %(created_at)s::TIMESTAMP WITH TIME ZONE, %(updated_at)s::TIMESTAMP WITH TIME ZONE)
[2026-08-22 23:01:32] [INFO   ] [sqlalchemy.engine.Engine:1848] [MainThread] - [cached since 1.142s ago] {'id': UUID('8e163c54-5f52-41b3-b5e8-89d02b61dd78'), 'organization_id': UUID('c667f993-d656-4ae8-ac90-d006c3c67e44'), 'customer_name': 'Vendas Balcão (Cartão de Débito)', 'customer_document': None, 'fiscal_document_id': None, 'cost_center_id': None, 'financial_category_id': None, 'description': 'Receita PDV 22/08/2026 - Cartão de Débito', 'original_amount': Decimal('500.00'), 'outstanding_amount': Decimal('500.00'), 'issue_date': datetime.date(2026, 8, 22), 'due_date': datetime.date(2026, 8, 23), 'payment_method_expected': 'Cartão de Débito', 'status': 'PENDING', 'notes': 'Gerado a partir do Fechamento de Vendas #2f4c991e', 'created_at': datetime.datetime(2026, 8, 23, 2, 1, 32, 656176, tzinfo=datetime.timezone.utc), 'updated_at': datetime.datetime(2026, 8, 23, 2, 1, 32, 656178, tzinfo=datetime.timezone.utc)}
[2026-08-22 23:01:32] [INFO   ] [sqlalchemy.engine.Engine:2718] [MainThread] - COMMIT
[2026-08-22 23:01:32] [INFO   ] [sqlalchemy.engine.Engine:2712] [MainThread] - BEGIN (implicit)
[2026-08-22 23:01:32] [INFO   ] [sqlalchemy.engine.Engine:1848] [MainThread] - SELECT receivable.id, receivable.organization_id, receivable.customer_name, receivable.customer_document, receivable.fiscal_document_id, receivable.cost_center_id, receivable.financial_category_id, receivable.description, receivable.original_amount, receivable.outstanding_amount, receivable.issue_date, receivable.due_date, receivable.payment_method_expected, receivable.status, receivable.notes, receivable.created_at, receivable.updated_at 
FROM receivable 
WHERE receivable.id = %(pk_1)s::UUID
[2026-08-22 23:01:32] [INFO   ] [sqlalchemy.engine.Engine:1848] [MainThread] - [cached since 1.136s ago] {'pk_1': UUID('8e163c54-5f52-41b3-b5e8-89d02b61dd78')}
[2026-08-22 23:01:32] [INFO   ] [sqlalchemy.engine.Engine:1848] [MainThread] - SELECT receipt.id AS receipt_id, receipt.organization_id AS receipt_organization_id, receipt.receivable_id AS receipt_receivable_id, receipt.bank_account_id AS receipt_bank_account_id, receipt.amount AS receipt_amount, receipt.receipt_date AS receipt_receipt_date, receipt.payment_method AS receipt_payment_method, receipt.reference AS receipt_reference, receipt.notes AS receipt_notes, receipt.received_by_id AS receipt_received_by_id, receipt.created_at AS receipt_created_at 
FROM receipt 
WHERE %(param_1)s::UUID = receipt.receivable_id
[2026-08-22 23:01:32] [INFO   ] [sqlalchemy.engine.Engine:1848] [MainThread] - [cached since 1.135s ago] {'param_1': UUID('8e163c54-5f52-41b3-b5e8-89d02b61dd78')}
[2026-08-22 23:01:32] [INFO   ] [sqlalchemy.engine.Engine:1848] [MainThread] - INSERT INTO receivable (id, organization_id, customer_name, customer_document, fiscal_document_id, cost_center_id, financial_category_id, description, original_amount, outstanding_amount, issue_date, due_date, payment_method_expected, status, notes, created_at, updated_at) VALUES (%(id)s::UUID, %(organization_id)s::UUID, %(customer_name)s::VARCHAR, %(customer_document)s::VARCHAR, %(fiscal_document_id)s::UUID, %(cost_center_id)s::UUID, %(financial_category_id)s::UUID, %(description)s::VARCHAR, %(original_amount)s, %(outstanding_amount)s, %(issue_date)s::DATE, %(due_date)s::DATE, %(payment_method_expected)s::VARCHAR, %(status)s::VARCHAR, %(notes)s::VARCHAR, %(created_at)s::TIMESTAMP WITH TIME ZONE, %(updated_at)s::TIMESTAMP WITH TIME ZONE)
[2026-08-22 23:01:32] [INFO   ] [sqlalchemy.engine.Engine:1848] [MainThread] - [cached since 1.147s ago] {'id': UUID('7ba9fd93-2b8e-4ce7-8703-b9cb7cf37aa3'), 'organization_id': UUID('c667f993-d656-4ae8-ac90-d006c3c67e44'), 'customer_name': 'Vendas Balcão (Cartão de Crédito)', 'customer_document': None, 'fiscal_document_id': None, 'cost_center_id': None, 'financial_category_id': None, 'description': 'Receita PDV 22/08/2026 - Cartão de Crédito', 'original_amount': Decimal('700.00'), 'outstanding_amount': Decimal('700.00'), 'issue_date': datetime.date(2026, 8, 22), 'due_date': datetime.date(2026, 9, 21), 'payment_method_expected': 'Cartão de Crédito', 'status': 'PENDING', 'notes': 'Gerado a partir do Fechamento de Vendas #2f4c991e', 'created_at': datetime.datetime(2026, 8, 23, 2, 1, 32, 661356, tzinfo=datetime.timezone.utc), 'updated_at': datetime.datetime(2026, 8, 23, 2, 1, 32, 661357, tzinfo=datetime.timezone.utc)}
[2026-08-22 23:01:32] [INFO   ] [sqlalchemy.engine.Engine:2718] [MainThread] - COMMIT
[2026-08-22 23:01:32] [INFO   ] [sqlalchemy.engine.Engine:2712] [MainThread] - BEGIN (implicit)
[2026-08-22 23:01:32] [INFO   ] [sqlalchemy.engine.Engine:1848] [MainThread] - SELECT receivable.id, receivable.organization_id, receivable.customer_name, receivable.customer_document, receivable.fiscal_document_id, receivable.cost_center_id, receivable.financial_category_id, receivable.description, receivable.original_amount, receivable.outstanding_amount, receivable.issue_date, receivable.due_date, receivable.payment_method_expected, receivable.status, receivable.notes, receivable.created_at, receivable.updated_at 
FROM receivable 
WHERE receivable.id = %(pk_1)s::UUID
[2026-08-22 23:01:32] [INFO   ] [sqlalchemy.engine.Engine:1848] [MainThread] - [cached since 1.141s ago] {'pk_1': UUID('7ba9fd93-2b8e-4ce7-8703-b9cb7cf37aa3')}
[2026-08-22 23:01:32] [INFO   ] [sqlalchemy.engine.Engine:1848] [MainThread] - SELECT receipt.id AS receipt_id, receipt.organization_id AS receipt_organization_id, receipt.receivable_id AS receipt_receivable_id, receipt.bank_account_id AS receipt_bank_account_id, receipt.amount AS receipt_amount, receipt.receipt_date AS receipt_receipt_date, receipt.payment_method AS receipt_payment_method, receipt.reference AS receipt_reference, receipt.notes AS receipt_notes, receipt.received_by_id AS receipt_received_by_id, receipt.created_at AS receipt_created_at 
FROM receipt 
WHERE %(param_1)s::UUID = receipt.receivable_id
[2026-08-22 23:01:32] [INFO   ] [sqlalchemy.engine.Engine:1848] [MainThread] - [cached since 1.14s ago] {'param_1': UUID('7ba9fd93-2b8e-4ce7-8703-b9cb7cf37aa3')}
[2026-08-22 23:01:32] [INFO   ] [sqlalchemy.engine.Engine:1848] [MainThread] - SELECT receivable.id, receivable.organization_id, receivable.customer_name, receivable.customer_document, receivable.fiscal_document_id, receivable.cost_center_id, receivable.financial_category_id, receivable.description, receivable.original_amount, receivable.outstanding_amount, receivable.issue_date, receivable.due_date, receivable.payment_method_expected, receivable.status, receivable.notes, receivable.created_at, receivable.updated_at 
FROM receivable 
WHERE receivable.organization_id = %(organization_id_1)s::UUID ORDER BY receivable.due_date ASC, receivable.created_at DESC
[2026-08-22 23:01:32] [INFO   ] [sqlalchemy.engine.Engine:1848] [MainThread] - [cached since 1.11s ago] {'organization_id_1': UUID('c667f993-d656-4ae8-ac90-d006c3c67e44')}
[2026-08-22 23:01:32] [INFO   ] [sqlalchemy.engine.Engine:1848] [MainThread] - SELECT receipt.receivable_id AS receipt_receivable_id, receipt.id AS receipt_id, receipt.organization_id AS receipt_organization_id, receipt.bank_account_id AS receipt_bank_account_id, receipt.amount AS receipt_amount, receipt.receipt_date AS receipt_receipt_date, receipt.payment_method AS receipt_payment_method, receipt.reference AS receipt_reference, receipt.notes AS receipt_notes, receipt.received_by_id AS receipt_received_by_id, receipt.created_at AS receipt_created_at 
FROM receipt 
WHERE receipt.receivable_id IN (%(primary_keys_1)s::UUID, %(primary_keys_2)s::UUID, %(primary_keys_3)s::UUID, %(primary_keys_4)s::UUID, %(primary_keys_5)s::UUID)
[2026-08-22 23:01:32] [INFO   ] [sqlalchemy.engine.Engine:1848] [MainThread] - [cached since 1.108s ago] {'primary_keys_1': UUID('2d031c25-ddd9-4290-a67e-7d3752ed2aa6'), 'primary_keys_2': UUID('c45a2972-478b-4006-9776-7455895ac1a7'), 'primary_keys_3': UUID('8e163c54-5f52-41b3-b5e8-89d02b61dd78'), 'primary_keys_4': UUID('20f55ef4-e251-4d99-a419-42887c20af03'), 'primary_keys_5': UUID('7ba9fd93-2b8e-4ce7-8703-b9cb7cf37aa3')}
[2026-08-22 23:01:32] [INFO   ] [sqlalchemy.engine.Engine:1848] [MainThread] - SELECT bank_account.id AS bank_account_id, bank_account.organization_id AS bank_account_organization_id, bank_account.bank_name AS bank_account_bank_name, bank_account.bank_code AS bank_account_bank_code, bank_account.agency AS bank_account_agency, bank_account.account_number AS bank_account_account_number, bank_account.account_type AS bank_account_account_type, bank_account.opening_balance AS bank_account_opening_balance, bank_account.current_balance AS bank_account_current_balance, bank_account.is_active AS bank_account_is_active, bank_account.created_at AS bank_account_created_at, bank_account.updated_at AS bank_account_updated_at 
FROM bank_account 
WHERE bank_account.id IN (%(primary_keys_1)s::UUID)
[2026-08-22 23:01:32] [INFO   ] [sqlalchemy.engine.Engine:1848] [MainThread] - [generated in 0.00014s] {'primary_keys_1': UUID('5b18d29c-ee42-457d-ba92-cd2a654fadbd')}
[2026-08-22 23:01:32] [INFO   ] [sqlalchemy.engine.Engine:2715] [MainThread] - ROLLBACK
[2026-08-22 23:01:32] [INFO   ] [sqlalchemy.engine.Engine:2712] [MainThread] - BEGIN (implicit)
[2026-08-22 23:01:32] [INFO   ] [sqlalchemy.engine.Engine:1848] [MainThread] - SELECT organization.id AS organization_id, organization.name AS organization_name, organization.is_active AS organization_is_active, organization.created_at AS organization_created_at, organization.updated_at AS organization_updated_at 
FROM organization 
 LIMIT %(param_1)s::INTEGER
[2026-08-22 23:01:32] [INFO   ] [sqlalchemy.engine.Engine:1848] [MainThread] - [cached since 0.2667s ago] {'param_1': 1}
[2026-08-22 23:01:32] [INFO   ] [sqlalchemy.engine.Engine:1848] [MainThread] - SELECT bank_account.id, bank_account.organization_id, bank_account.bank_name, bank_account.bank_code, bank_account.agency, bank_account.account_number, bank_account.account_type, bank_account.opening_balance, bank_account.current_balance, bank_account.is_active, bank_account.created_at, bank_account.updated_at 
FROM bank_account 
WHERE bank_account.organization_id = %(organization_id_1)s::UUID ORDER BY bank_account.bank_name ASC
[2026-08-22 23:01:32] [INFO   ] [sqlalchemy.engine.Engine:1848] [MainThread] - [generated in 0.00015s] {'organization_id_1': UUID('c667f993-d656-4ae8-ac90-d006c3c67e44')}
[2026-08-22 23:01:32] [INFO   ] [sqlalchemy.engine.Engine:1848] [MainThread] - SELECT payable.id, payable.organization_id, payable.supplier_id, payable.purchase_order_id, payable.fiscal_document_id, payable.cost_center_id, payable.financial_category_id, payable.description, payable.favored_name, payable.original_amount, payable.outstanding_amount, payable.issue_date, payable.due_date, payable.expense_nature, payable.payment_method_expected, payable.installment_number, payable.total_installments, payable.status, payable.notes, payable.created_by_id, payable.created_at, payable.updated_at 
FROM payable 
WHERE payable.organization_id = %(organization_id_1)s::UUID ORDER BY payable.due_date ASC, payable.created_at DESC
[2026-08-22 23:01:32] [INFO   ] [sqlalchemy.engine.Engine:1848] [MainThread] - [generated in 0.00014s] {'organization_id_1': UUID('c667f993-d656-4ae8-ac90-d006c3c67e44')}
[2026-08-22 23:01:32] [INFO   ] [sqlalchemy.engine.Engine:1848] [MainThread] - SELECT payment_instrument.payable_id AS payment_instrument_payable_id, payment_instrument.id AS payment_instrument_id, payment_instrument.instrument_type AS payment_instrument_instrument_type, payment_instrument.barcode AS payment_instrument_barcode, payment_instrument.digitable_line AS payment_instrument_digitable_line, payment_instrument.pix_code AS payment_instrument_pix_code, payment_instrument.document_number AS payment_instrument_document_number, payment_instrument.due_date AS payment_instrument_due_date, payment_instrument.amount AS payment_instrument_amount, payment_instrument.file_attachment AS payment_instrument_file_attachment, payment_instrument.created_at AS payment_instrument_created_at 
FROM payment_instrument 
WHERE payment_instrument.payable_id IN (%(primary_keys_1)s::UUID, %(primary_keys_2)s::UUID, %(primary_keys_3)s::UUID, %(primary_keys_4)s::UUID)
[2026-08-22 23:01:32] [INFO   ] [sqlalchemy.engine.Engine:1848] [MainThread] - [cached since 0.1826s ago] {'primary_keys_1': UUID('cb7b1916-b4d8-4efe-9574-e77e515a10fa'), 'primary_keys_2': UUID('d611f613-787c-41b9-8f01-f782f5b83f01'), 'primary_keys_3': UUID('1fab14fb-bd26-480a-a66a-99830d10f9d4'), 'primary_keys_4': UUID('19764694-b74f-41db-9d8b-149c720f2c2c')}
[2026-08-22 23:01:32] [INFO   ] [sqlalchemy.engine.Engine:1848] [MainThread] - SELECT payment.payable_id AS payment_payable_id, payment.id AS payment_id, payment.organization_id AS payment_organization_id, payment.bank_account_id AS payment_bank_account_id, payment.amount AS payment_amount, payment.discount_amount AS payment_discount_amount, payment.interest_amount AS payment_interest_amount, payment.payment_date AS payment_payment_date, payment.payment_method AS payment_payment_method, payment.reference AS payment_reference, payment.notes AS payment_notes, payment.created_by_id AS payment_created_by_id, payment.created_at AS payment_created_at 
FROM payment 
WHERE payment.payable_id IN (%(primary_keys_1)s::UUID, %(primary_keys_2)s::UUID, %(primary_keys_3)s::UUID, %(primary_keys_4)s::UUID)
[2026-08-22 23:01:32] [INFO   ] [sqlalchemy.engine.Engine:1848] [MainThread] - [cached since 0.1823s ago] {'primary_keys_1': UUID('cb7b1916-b4d8-4efe-9574-e77e515a10fa'), 'primary_keys_2': UUID('d611f613-787c-41b9-8f01-f782f5b83f01'), 'primary_keys_3': UUID('1fab14fb-bd26-480a-a66a-99830d10f9d4'), 'primary_keys_4': UUID('19764694-b74f-41db-9d8b-149c720f2c2c')}
[2026-08-22 23:01:32] [INFO   ] [sqlalchemy.engine.Engine:1848] [MainThread] - SELECT payment_attachment.payment_id AS payment_attachment_payment_id, payment_attachment.id AS payment_attachment_id, payment_attachment.file_name AS payment_attachment_file_name, payment_attachment.file_url AS payment_attachment_file_url, payment_attachment.mime_type AS payment_attachment_mime_type, payment_attachment.uploaded_by_id AS payment_attachment_uploaded_by_id, payment_attachment.created_at AS payment_attachment_created_at 
FROM payment_attachment 
WHERE payment_attachment.payment_id IN (%(primary_keys_1)s::UUID, %(primary_keys_2)s::UUID)
[2026-08-22 23:01:32] [INFO   ] [sqlalchemy.engine.Engine:1848] [MainThread] - [cached since 0.1327s ago] {'primary_keys_1': UUID('58d25613-2e59-4f97-a660-806ad2808310'), 'primary_keys_2': UUID('5748bc41-3d7b-4199-a68a-511aa88dd623')}
[2026-08-22 23:01:32] [INFO   ] [sqlalchemy.engine.Engine:1848] [MainThread] - SELECT bank_account.id AS bank_account_id, bank_account.organization_id AS bank_account_organization_id, bank_account.bank_name AS bank_account_bank_name, bank_account.bank_code AS bank_account_bank_code, bank_account.agency AS bank_account_agency, bank_account.account_number AS bank_account_account_number, bank_account.account_type AS bank_account_account_type, bank_account.opening_balance AS bank_account_opening_balance, bank_account.current_balance AS bank_account_current_balance, bank_account.is_active AS bank_account_is_active, bank_account.created_at AS bank_account_created_at, bank_account.updated_at AS bank_account_updated_at 
FROM bank_account 
WHERE bank_account.id IN (%(primary_keys_1)s::UUID)
[2026-08-22 23:01:32] [INFO   ] [sqlalchemy.engine.Engine:1848] [MainThread] - [cached since 0.1325s ago] {'primary_keys_1': UUID('1541bdfb-d23a-4fca-8bae-c5dc30c5ab0c')}
[2026-08-22 23:01:32] [INFO   ] [sqlalchemy.engine.Engine:1848] [MainThread] - SELECT receivable.id, receivable.organization_id, receivable.customer_name, receivable.customer_document, receivable.fiscal_document_id, receivable.cost_center_id, receivable.financial_category_id, receivable.description, receivable.original_amount, receivable.outstanding_amount, receivable.issue_date, receivable.due_date, receivable.payment_method_expected, receivable.status, receivable.notes, receivable.created_at, receivable.updated_at 
FROM receivable 
WHERE receivable.organization_id = %(organization_id_1)s::UUID ORDER BY receivable.due_date ASC, receivable.created_at DESC
[2026-08-22 23:01:32] [INFO   ] [sqlalchemy.engine.Engine:1848] [MainThread] - [cached since 1.124s ago] {'organization_id_1': UUID('c667f993-d656-4ae8-ac90-d006c3c67e44')}
[2026-08-22 23:01:32] [INFO   ] [sqlalchemy.engine.Engine:1848] [MainThread] - SELECT receipt.receivable_id AS receipt_receivable_id, receipt.id AS receipt_id, receipt.organization_id AS receipt_organization_id, receipt.bank_account_id AS receipt_bank_account_id, receipt.amount AS receipt_amount, receipt.receipt_date AS receipt_receipt_date, receipt.payment_method AS receipt_payment_method, receipt.reference AS receipt_reference, receipt.notes AS receipt_notes, receipt.received_by_id AS receipt_received_by_id, receipt.created_at AS receipt_created_at 
FROM receipt 
WHERE receipt.receivable_id IN (%(primary_keys_1)s::UUID, %(primary_keys_2)s::UUID, %(primary_keys_3)s::UUID, %(primary_keys_4)s::UUID, %(primary_keys_5)s::UUID)
[2026-08-22 23:01:32] [INFO   ] [sqlalchemy.engine.Engine:1848] [MainThread] - [cached since 1.123s ago] {'primary_keys_1': UUID('2d031c25-ddd9-4290-a67e-7d3752ed2aa6'), 'primary_keys_2': UUID('c45a2972-478b-4006-9776-7455895ac1a7'), 'primary_keys_3': UUID('8e163c54-5f52-41b3-b5e8-89d02b61dd78'), 'primary_keys_4': UUID('20f55ef4-e251-4d99-a419-42887c20af03'), 'primary_keys_5': UUID('7ba9fd93-2b8e-4ce7-8703-b9cb7cf37aa3')}
[2026-08-22 23:01:32] [INFO   ] [sqlalchemy.engine.Engine:1848] [MainThread] - SELECT bank_account.id AS bank_account_id, bank_account.organization_id AS bank_account_organization_id, bank_account.bank_name AS bank_account_bank_name, bank_account.bank_code AS bank_account_bank_code, bank_account.agency AS bank_account_agency, bank_account.account_number AS bank_account_account_number, bank_account.account_type AS bank_account_account_type, bank_account.opening_balance AS bank_account_opening_balance, bank_account.current_balance AS bank_account_current_balance, bank_account.is_active AS bank_account_is_active, bank_account.created_at AS bank_account_created_at, bank_account.updated_at AS bank_account_updated_at 
FROM bank_account 
WHERE bank_account.id IN (%(primary_keys_1)s::UUID)
[2026-08-22 23:01:32] [INFO   ] [sqlalchemy.engine.Engine:1848] [MainThread] - [cached since 0.01483s ago] {'primary_keys_1': UUID('5b18d29c-ee42-457d-ba92-cd2a654fadbd')}
[2026-08-22 23:01:32] [INFO   ] [sqlalchemy.engine.Engine:1848] [MainThread] - SELECT bank_transaction.id, bank_transaction.organization_id, bank_transaction.bank_account_id, bank_transaction.transaction_date, bank_transaction.description, bank_transaction.amount, bank_transaction.transaction_type, bank_transaction.external_id, bank_transaction.document_number, bank_transaction.balance_after, bank_transaction.status, bank_transaction.created_at 
FROM bank_transaction 
WHERE bank_transaction.organization_id = %(organization_id_1)s::UUID AND bank_transaction.status = %(status_1)s::VARCHAR ORDER BY bank_transaction.transaction_date DESC, bank_transaction.created_at DESC
[2026-08-22 23:01:32] [INFO   ] [sqlalchemy.engine.Engine:1848] [MainThread] - [generated in 0.00011s] {'organization_id_1': UUID('c667f993-d656-4ae8-ac90-d006c3c67e44'), 'status_1': 'pending'}
[2026-08-22 23:01:32] [INFO   ] [sqlalchemy.engine.Engine:2715] [MainThread] - ROLLBACK
[2026-08-22 23:01:33] [INFO   ] [controlb:1121] [MainThread] - ✅ [INVENTORY IMPORT] Concluído com sucesso: 1598 itens lidos, 1588 criados, 10 atualizados, 2 vendas identificadas (4.0000 un), 3 entradas identificadas (23.0000 un).
[2026-08-22 23:01:34] [INFO   ] [controlb:1121] [MainThread] - ✅ [INVENTORY IMPORT] Concluído com sucesso: 1598 itens lidos, 0 criados, 1598 atualizados, 5 vendas identificadas (32.0000 un), 5 entradas identificadas (27.0000 un).
[2026-08-22 23:01:34] [INFO   ] [controlb:915] [MainThread] - 🛍️ [PDV SALE] Venda #fe424872 concluída com sucesso: R$ 10.00 via PIX (Estoque físico baixado)
[2026-08-22 23:01:34] [INFO   ] [controlb:358] [MainThread] - 📦 [INVENTORY] Movimentação em 'Dipirona 500mg' (MED-DIP-0001): 8.0000 -> 50.00 None [in_reconciliation] por user a026ec05-43fd-4f4f-9aab-b89bee52c63a
[2026-08-22 23:01:34] [INFO   ] [controlb:358] [MainThread] - 📦 [INVENTORY] Movimentação em 'Omeprazol 20mg' (MED-OME-0001): 15.0000 -> 12.0000 None [out_loss] por user f51278b6-6b7a-44d7-a977-8c51a1a41c50
[2026-08-22 23:01:34] [INFO   ] [controlb:865] [MainThread] - 🚚 [INVENTORY ENTRY] Recebimento de PO em 'Paracetamol 750mg': +50.00 -> Novo Saldo: 60.0000 None
[2026-08-22 23:01:34] [INFO   ] [controlb:358] [MainThread] - 📦 [INVENTORY] Movimentação em 'Amoxicilina 500mg' (MED-AMX-0001): 20.0000 -> 120.0000 None [in_invoice] por user 917ae547-3d85-4d88-aaf3-ca7b74da3445
